id_str,created_at,favorite_count,retweet_count,score,is_reply,text
"1025592926888288256","Sat Aug 04 04:03:03 +0000 2018",2660,772,3432,0,"Just hit me that at say $3/gallon and say 40mpg, it would be cheaper for a self-driving gasoline car to just circle around than park anywhere at more than $3/hr. At say $0.5/mile fully loaded operating cost it’s not worth parking above $20/h.   The loitering car cloud is coming."
"945341165540327424","Mon Dec 25 17:11:12 +0000 2017",1471,662,2133,0,"Surprisingly cogent meditation on probabilistic thinking in the NYT.   Takeaways:  1. People round probabilities up to 100% or down to 0%.  2. People call probability “wrong” if &lt;50% events happen   3. People need a story to take &lt;50% scenarios seriously  https://t.co/jy0xRHev5u"
"691823304471121924","Tue Jan 26 03:21:43 +0000 2016",669,461,1130,0,"Occam's Razor, now with 6 blades and soothing aloe strip"
"1035004857105580033","Thu Aug 30 03:22:42 +0000 2018",841,177,1018,0,"Politics is the only game where there is a well-defined idea of winning with no associated material skill it is ^about*. Imagine a sportsball game where all players did was pump up the crowd and argued with umpires. No field, ball, or play. Just points scoring."
"1073751685212692480","Sat Dec 15 01:28:45 +0000 2018",798,171,969,0,"You have no obligation to be useful or interesting to the world."
"1221683236771774464","Mon Jan 27 06:35:56 +0000 2020",799,96,895,0,"Had a depressing thought on my slack that I have decided to inflict on all of you. https://t.co/l998OdyjZ9"
"1243061591437758465","Thu Mar 26 06:25:53 +0000 2020",651,197,848,0,"“Masks don’t work” is going to be a historic line on par with the apocryphal “let them eat cake” https://t.co/uqfmbnAIai"
"1071650890824577024","Sun Dec 09 06:20:57 +0000 2018",619,161,780,0,"You are the sum of all the lessons you refuse to learn."
"1101153185333370880","Thu Feb 28 16:12:32 +0000 2019",562,132,694,0,"What's the most most mysterious bug you've ever encountered that later turned out to have a trivial explanation?"
"965822809933979648","Tue Feb 20 05:37:56 +0000 2018",500,128,628,0,"Social media platforms basically gerrymander attention.   Gerrymandering flips democracies around so politicians choose their voters rather than the other way around.  Gerrymandering attention allows publishers to choose their audiences rather than the other way around."
"1053858861008871425","Sun Oct 21 04:01:46 +0000 2018",492,131,623,0,"Problems expand to occupy the anxiety available"
"993342533051736064","Mon May 07 04:11:29 +0000 2018",504,104,608,0,"Human condition pie chart  1%: making dents in universe, not going gentle into that good night  9%: tormented by existential despair on edge between meaning and nihilism  90%: mostly satisfied with life while there’s stuff to watch on Netflix/Prime/Hulu"
"978827891986251778","Wed Mar 28 02:55:29 +0000 2018",496,87,583,0,"What book did you read &gt;10 years too early?  What book did you read &gt;10 years too late?  What book did you read at about the right time?"
"899015824651845632","Sat Aug 19 21:10:50 +0000 2017",395,133,528,0,"Even a shallow understanding to blockchains makes you see them everywhere. Makes you realize how much of civilization is just book-keeping."
"1027604793101959168","Thu Aug 09 17:17:29 +0000 2018",392,106,498,0,"Normalcy is simply the majority sect of magical thinking"
"1484622013519912960","Fri Jan 21 20:20:45 +0000 2022",472,18,490,0,"Anyone else have ocd habit of stripping ?utm=bullshit_seo_crap from urls before sharing? Just me?  Hate that shit. Like people bumming rides from you without asking by climbing into your car trunk."
"1028310040053133312","Sat Aug 11 15:59:53 +0000 2018",405,77,482,0,"A world that’s 100% electrified, with air/sea ships for long-distance travel, high-quality VR/telepresence, rent-over-own society, high mobility, hyperloops, rewilded/reforested countrysides, fake meat without factory farmed farting cows... as exciting a vision as colonizing Mars"
"983107423287128065","Sun Apr 08 22:20:49 +0000 2018",388,75,463,0,"Annoying how much of maintaining mental health boils down to recalling the right trite thought at the right time:  This too shall pass Don’t decide when depressed Drink water Drink Eat Sleep Take a walk Go gymming Let this one go It’s only money Morning is wiser than evening"
"913898242194018304","Fri Sep 29 22:48:15 +0000 2017",336,117,453,0,"Those who ignore history are doomed to repeat it. Those who study history are doomed to repeat it with elaborate justifications."
"1122612756849446912","Sun Apr 28 21:25:13 +0000 2019",379,65,444,0,"When software eats a $2000 thing, it generally produces:  a) A crappy free version  b) An 80% at $200 janky version   c) A snowflake, temperamental $1500 ""managed service"" version from people racing against automation  d) $3000 premium mediocre version  d) $10,000 bespoke version"
"1266969986360242176","Sun May 31 05:49:18 +0000 2020",410,27,437,0,"I suspect Covid19 economic stress made this explode about 3x worse than it otherwise would have"
"1102267770266238977","Sun Mar 03 18:01:30 +0000 2019",357,74,431,0,"“Alexa, what’s the current exchange rate between money and freedom?”"
"897244499553820672","Mon Aug 14 23:52:13 +0000 2017",310,118,428,0,"Great minds discuss ideas; mediocre minds discuss events; small minds discuss people.   Premium mediocre minds discuss bitcoin"
"1194864562043936768","Thu Nov 14 06:28:05 +0000 2019",368,52,420,0,"Life gets way easier once you realize you’re useless to almost everybody and almost everybody is useless to you. Mutual uselessness is the most relaxing basis for a relationship, yet we filter most of it out, looking for the 1% exploit/be exploited/mutually exploit/win-win zone. https://t.co/ZMKbopRt5C"
"1007769533308760064","Fri Jun 15 23:39:14 +0000 2018",354,57,411,0,"In every project, there are people it is important to _not_ talk to. Talking to them merely transforms them from unaware to adversarial, and puts a target on your back. They are often looking for things to obstruct, have ‘defender’ self-images, and are addicted to stopping things"
"697489477216768000","Wed Feb 10 18:37:04 +0000 2016",237,173,410,0,"That's a very good line. On par with ""if you are not paying, you're the product."" https://t.co/ZUo2hvcwCx"
"1521627164713488385","Tue May 03 23:06:01 +0000 2022",375,30,405,0,"90% of both the work and returns are in the last 10% of polish in anything, but 100% of the fun is in the first 89%"
"1038624520444076032","Sun Sep 09 03:05:57 +0000 2018",343,47,390,0,"The idea of picking your favorite books from among those stocked in a small town library or bookstore sounds ludicrous today, now that everyone basically has access to a big chunk of entire world’s book catalog.   But we’re still kinda expected to pick out friends that way. 🤔"
"1157431138593304576","Fri Aug 02 23:21:02 +0000 2019",352,34,386,0,"Looking for examples of ""fake clocks"". Ones I have in mind:  1. Wait times in uber/lyft  2. Reading time estimates in Medium  3. Download countdowns or other sort of computer processing countdown  Any others?"
"1128504944762298368","Wed May 15 03:38:40 +0000 2019",301,85,386,0,"Programming concepts seem like warp-drive tech when you first encounter them and like sewage systems once you understand them  This is true of most engineering. It will be true of warp drives when we invent them. I bet a leaky dilithium matrix smells like ass. https://t.co/ArUBJNSZ9D"
"1586870399790301185","Sun Oct 30 23:59:20 +0000 2022",336,34,370,0,"Product idea: AI dreamcatcher. You wake up in the morning and immediately describe your dream before you forget and it generates it."
"969785915647311872","Sat Mar 03 04:05:54 +0000 2018",303,62,365,0,"There is such a thing as being too practical. It really doesn’t take much practicality to get by, and the consequences of minor impracticality in your habits are generally not too serious  The cost of letting practicality squeeze out imagination though, are crippling long term"
"1291764666687868934","Fri Aug 07 15:54:31 +0000 2020",308,52,360,0,"“Running a successful open source project is just Good Will Hunting in reverse, where you start out as a respected genius and end up being a janitor who gets into fights.” 😂 https://t.co/d4NBPLcJmS"
"1191984518103740422","Wed Nov 06 07:43:49 +0000 2019",281,68,349,0,"It is a category error to apply the adjective “broken” to a complex system. Complicated systems break. Complex systems merely enter hostile configurations relative to you. They’re not fixed by your functional expectations. They’re still working. Just not for you."
"1167855438605373440","Sat Aug 31 17:43:28 +0000 2019",287,53,340,0,"Learning from people disagreeing with you is overrated. Most of my learning from others actually comes from them thinking thoughts I wouldn’t be likely to think at all. And most tend to neither confirm or disconfirm anything I already think, but expand the scope of thoughts."
"975253494092279808","Sun Mar 18 06:12:06 +0000 2018",286,46,332,0,"There is a theory most people dismiss because it sounds like sour grapes, but is mostly true.  Most rich people are rich in part because they wanted to get (or stay) rich more badly than others. This is a boring life goal. As a result, most rich people are boring."
"1057024958402940929","Mon Oct 29 21:42:43 +0000 2018",284,47,331,0,"Something I’ve become aware of only recently: effective people have a bonus-action mentality, where they opportunistically do extra things not in plans.  Sign of surplus energy, orientedness, and nerve.   Drives up average return rate since bonus actions tend to have high margin."
"1309308184700411905","Fri Sep 25 01:46:11 +0000 2020",311,11,322,0,"Well Covid has claimed one in my Dunbar circle ☹️  Anybody claiming it isn’t serious, and resisting basic precautions as a form of political speech, needs to take a long hard look at their values."
"1015629630751928320","Sat Jul 07 16:12:28 +0000 2018",267,46,313,0,"My model of 12 states of motivation https://t.co/gnDUQTYYp6"
"1101017801169428480","Thu Feb 28 07:14:34 +0000 2019",280,32,312,0,"I've often had an idle thought of creating a ""technology appreciation"" course like art history. It's amazing how oblivious people are to the world they live in. Even when things like factory tours are open to the public, usually normies only want to go if it's a chocolate factory"
"571469507417391104","Sat Feb 28 00:38:42 +0000 2015",170,141,311,0,"Any sufficiently advanced kind of work is indistinguishable from play"
"984241335505833984","Thu Apr 12 01:26:35 +0000 2018",234,70,304,0,"Weird optical illusion. This picture will fade away entirely if you stare at it for a minute. Feels like we’ve been in an optical illusion renaissance since gold/blue dress https://t.co/dvoWU5yhjF"
"1300238634805731329","Mon Aug 31 01:07:02 +0000 2020",287,14,301,0,"everybody who does not already know this thing I learned 5 minutes ago is stupid"
"1367728142807232512","Fri Mar 05 06:46:15 +0000 2021",287,13,300,0,"What do you want to be an explorer of?   External world answers only. Don’t give me inward-turned shit about trauma and stuff.   This prompt is only for decent, old-fashioned types who repress all their inner demons and direct their neuroses outwards like civilized people should."
"1528896208806170624","Tue May 24 00:30:36 +0000 2022",267,31,298,0,"The only time I ever really feel envy is when I see really good YouTube math/science lectures on topics I learned… less than optimally. My teachers weren’t bad per se, but the best YouTube videos are orders of magnitude better. If I’d learned that way I’d be 10x better educated."
"1474885785455263748","Sat Dec 25 23:32:27 +0000 2021",280,16,296,0,"Roon's Law https://t.co/08iAGkWAYO"
"1506439478096777216","Wed Mar 23 01:15:34 +0000 2022",267,29,296,0,"My biggest disagree-but-commit position is that the AGI people are deeply and entirely wrong at the foundations about every philosophical question but will still invent the next era of computing. Like the alchemists seeking the philosopher’s stone invented chemistry. https://t.co/JrVLSm3C7L"
"1322300651724918785","Fri Oct 30 22:13:37 +0000 2020",282,13,295,0,"I only argue in darmok now"
"1357215459347623938","Thu Feb 04 06:32:36 +0000 2021",277,17,294,0,"How come hoarding is considered a mental illness but minimalism isn’t?"
"1280342306042699776","Tue Jul 07 03:26:08 +0000 2020",267,25,292,0,"90% of project management is simply accepting being the person who cares the most. Being too cool to visibly care is a minor liability for an individual contributor but a guaranteed project killer in a manager. Once the PM visibly doesn’t care, everyone else checks out."
"952442493001285632","Sun Jan 14 07:29:20 +0000 2018",231,58,289,0,"My evil editor changed absolutely everything in my Ship of Theseus essay but fortunately the basic idea was preserved"
"964679663376150528","Sat Feb 17 01:55:29 +0000 2018",245,42,287,0,"Far left hatred for crypto seems entirely out of proportion to severity of stated concerns (bitcoin energy use, GPU scarcity).   I suspect this is because crypto is charismatic libertarian megafauna. Thin end of a wedge threatening to undermine all collectivist political action."
"1590925529041219590","Fri Nov 11 04:32:58 +0000 2022",278,8,286,0,"This I might pay for https://t.co/WDjZ2NPoWP"
"1266924595761668096","Sun May 31 02:48:56 +0000 2020",267,19,286,0,"How come gun violence doesn’t erupt during riots in the US? Are gun nuts mostly pro-law-enforcement in practice despite libertarian boogaloo posturing?"
"1249156481930461184","Sun Apr 12 02:04:48 +0000 2020",249,36,285,0,"Growing sense of genuine evil in the air. Not things that could be interpreted as evil, or have effects that some might judge unconscionable. Genuine evil as in deeply malicious intentions directed against large groups and pursuing plans that aim to harm them as primary effect."
"1346946016201752579","Wed Jan 06 22:25:29 +0000 2021",281,2,283,0,"Some sort of achievement unlocked https://t.co/oCGCKoRtEp"
"1301752876658638848","Fri Sep 04 05:24:05 +0000 2020",258,24,282,0,"If the US collapses, it is going to be from national mental illness. Everything else is mostly fine or fixable."
"957130399213264896","Sat Jan 27 05:57:24 +0000 2018",237,45,282,0,"Stages to doing good work  1. Laugh at bullshit  2. Get mad at bullshit  3. Try to get even by joining the bullshit factory yourself  4. Realize in the long term it’s actually harder  5. Start to do good work because it’s actually the laziest way out of the maze"
"1495911576821727233","Tue Feb 22 00:01:27 +0000 2022",269,12,281,0,"Why is Putin doing this, and why now?  Monocausal simplistic answers only. No “it’s complex” or “it’s overdetermined.”"
"1187795298225016832","Fri Oct 25 18:17:21 +0000 2019",241,36,277,0,"I saw a guy living  Not reading must-reads Not listening to must-listens Not watching must-watches Not knowing must-knows Not suffering atemporality  Just living in his own timeline, like a psychopath"
"1553183476160966656","Sat Jul 30 00:59:32 +0000 2022",260,15,275,0,"GDPR has made the web experience uniformly worse for both production and consumption with zero upside that I can see 💀"
"1122249208738631681","Sat Apr 27 21:20:36 +0000 2019",240,35,275,0,"We’re gonna see a new institutional underground of reimagined secret societies, lodges, fraternities, sororities etc. Not like medieval ones associated with universities, religions, or nobility. A cross between those and hacker collectives, hawala networks etc."
"1086817638053961728","Sun Jan 20 02:48:11 +0000 2019",256,18,274,0,"Viral outcomes no longer motivate me at any level from tweet to blog to book. A spike is a very dull kind of attention profile. I like other kinds better now. The steady burn, the cyclic endemic meme, the incepted word, the compounding secret language, the long-running gag...."
"1032868497225740288","Fri Aug 24 05:53:34 +0000 2018",211,62,273,0,"You can’t solve with intelligence problems caused by lack of kindness  You can’t solve with kindness problems caused by lack of intelligence  A lot of political failure seems to be rooted in treating the two as substitutes for one another"
"1244425764511989760","Mon Mar 30 00:46:37 +0000 2020",262,10,272,0,"People in multi-bedroom single-family homes with yards and a proper home gym... damn you have no idea how lucky you are."
"1001160579048878080","Mon May 28 17:57:37 +0000 2018",221,50,271,0,"Three models of reality maintenance https://t.co/sq5BSvXkEi"
"1164708411147030528","Fri Aug 23 01:18:19 +0000 2019",233,33,266,0,"It is truly depressing how easily money solves problems that seem impossible otherwise. Reminds you that people without money either have to suffer consequences of leaving them unsolved, or solve them in some unpleasant way which is often almost as bad as not solving them at all."
"971587001425149953","Thu Mar 08 03:22:47 +0000 2018",207,57,264,0,"My how-to-learn guide for young people https://t.co/FKlQ4LXpNs"
"962745982134796288","Sun Feb 11 17:51:43 +0000 2018",201,63,264,0,"Social Heisenberg uncertainty principle: you can never be 100% certain of both your positions and principles. If your principles are crystal clear, your political positions will be incoherent. If your political positions are crystal clear, your principles will be incoherent."
"1033928273191829504","Mon Aug 27 04:04:44 +0000 2018",220,41,261,0,"A system can be more evil than the sum of the evil of its human parts. If you don’t account for emergent evil, you’ll end up with a useless morality where you can’t distinguish between people within human range of good/evil at all. It’s like adding a big constant to your y-axis."
"545288947782279168","Wed Dec 17 18:46:30 +0000 2014",145,116,261,0,"Expecting to be treated ""fairly"" by a friend is reasonable. By a stranger: idealism. By an enemy: ideology. By nature: insanity."
"1415329932847112193","Wed Jul 14 15:18:46 +0000 2021",231,29,260,0,"This made my morning. Is this a well-known standard maneuver? https://t.co/6yp1UdJtZp"
"1164782311713325058","Fri Aug 23 06:11:58 +0000 2019",229,30,259,0,"If you decide the world’s problems are too big for you to worry about, and stop thinking about them, your own little problems will grow in your imagination until they’re as big as the ones you decided to ignore.  Anxiety finds its level."
"1268026097486065666","Wed Jun 03 03:45:55 +0000 2020",235,21,256,0,"Failure debt: All the failures you’ve avoided, coming due in one big failure."
"1040066613049868288","Thu Sep 13 02:36:18 +0000 2018",228,27,255,0,"You know what I would like instead of a watch? An Apple Pen:  - Writes on tablet - Scans text off paper books - Records memos - Directional microphone for spying - Poison darts - Cap unrolls into tiny e-notepad/screen - Works as straw - Space for mints - Stabby point"
"1238305087212011520","Fri Mar 13 03:25:14 +0000 2020",225,30,255,0,"Restaurants could sell discounted future coupons. $50 gets you a $75 credit in 12 months or something. Somebody design this app to keep precarious small businesses going."
"1316604686242205696","Thu Oct 15 04:59:53 +0000 2020",203,51,254,0,"Laws of institutions  Law 0: They *will* emerge, even if nobody wants them  Law 1: They *will* get captured, regardless of values  Law 2: Once captured they *will* do bad things, even if they only contain good people  The only real question is how soon there are consequences"
"1240527602965569536","Thu Mar 19 06:36:43 +0000 2020",235,16,251,0,"It is really weird how undervalued twitter is given that it's clearly the crisis communication and coordination line of this thing"
"1310373623102763010","Mon Sep 28 00:19:51 +0000 2020",222,25,247,0,"I’ll never stop being amused by how individualism in America is the most collectivist larp ever"
"1119115584518508544","Fri Apr 19 05:48:42 +0000 2019",219,28,247,0,"I have a soft spot for people who casually wander back and forth across the line of crackpottery like they have dual citizenship on the two sides of it"
"1254301754520252417","Sun Apr 26 06:50:16 +0000 2020",212,34,246,0,"Everybody is sure their predicted future has arrived.  So you now live in a socialist libertarian authoritarian statist ancap monarchist democracy with high-tech Stone Age apocalyptic dysto-utopian Chinese characteristics.  Exactly what I predicted.  There will be sourdough."
"945798821933543426","Tue Dec 26 23:29:45 +0000 2017",194,52,246,0,"I think a century or so from now, people will view national citizenship and its mobility constraints the way we view serfdom today 🤔"
"1317987832078630912","Mon Oct 19 00:36:00 +0000 2020",211,32,243,0,"“History is merely a list of surprises. It can only prepare us to be surprised yet again.” — Kurt Vonnegut   This is at once the darkest and most optimistic thought ever."
"1285304281654947840","Mon Jul 20 20:03:15 +0000 2020",232,10,242,0,"A strong identity as a learner is also a strong vulnerability as a mark/sucker. Even if you don't signal it very openly. Being in a learning mindset makes you trusting/unsuspicious in ways you may not be aware of."
"1047546322214039552","Wed Oct 03 17:58:00 +0000 2018",202,40,242,0,"Not picking on pg in particular here; just pointing out the incompleteness of all “civil” discourse models that uncritically assume the legitimacy of the institutions within which they operate https://t.co/rfsXSwMgwM"
"1465920408004091909","Wed Dec 01 05:47:15 +0000 2021",224,17,241,0,"The costliest signal is simply showing up repeatedly"
"1083188281888493570","Thu Jan 10 02:26:25 +0000 2019",207,33,240,0,"Wealth is not zero-sum, but power is. If somebody says they want to empower, ignore what they’re offering to give you. Focus on what they’re offering to give up."
"1018724483509542912","Mon Jul 16 05:10:18 +0000 2018",210,29,239,0,"|￣￣￣￣￣￣￣￣￣￣ | |                   | Best            | |         Meh   | Quadrant   | |      ________|__________    | |     Bad       |   Meh          | |＿＿＿＿__|＿＿＿＿___|               (\__/)    ||              (•ㅅ•)   ||             /  　  づ"
"1293752315233488899","Thu Aug 13 03:32:43 +0000 2020",234,4,238,0,"Life is hobbies turning into jobs and then you have to sneak away from those jobs with new hobbies. Ten years ago I’d have had fun sneaking off from my Real Job™ to write this up as a cyclic theory but now writing is my job so I want to ignore this insight and sneak off."
"963902267911946240","Wed Feb 14 22:26:23 +0000 2018",204,34,238,0,"Success is depressing because it teaches so much less than we expect it to.  Failure is depressing because it dumps more learning potential on us than we can handle.  Blend in the right proportion and you'll beat depression. Non-depression indicates your optimal learning rate."
"1048978641340706819","Sun Oct 07 16:49:31 +0000 2018",208,28,236,0,"The effort stack in producing content:  Text: 1x Good custom graphics: 2x Audio/podcast: 4x GIFs: 5x Talking head video: 6x + Intercut slides: 8x + Ken Burns effects, whiteboarding: 9x + live action: 10x + animation: 15x + 2d interaction: 20x VR/3d: 30x"
"902368555647229954","Tue Aug 29 03:13:23 +0000 2017",189,44,233,0,"Advice to the young: never buy a couch. That's when it all starts to go south on you, when you first buy a couch."
"1049888258166087681","Wed Oct 10 05:04:01 +0000 2018",180,53,233,0,"A rare interactive tool that’s actually useful. Map of philosophy, so us mediocres don’t lose the plot of who agreed with whom and refuted whomst https://t.co/9emMjvKJDB"
"660667379567886336","Sun Nov 01 03:59:12 +0000 2015",157,75,232,0,"I have decided my life's work is fighting against the growing evil of tribalism. You're either with me or against me in this righteous cause"
"1155154038293352448","Sat Jul 27 16:32:39 +0000 2019",211,20,231,0,"Next time I hear a phrase like “drawing on findings from psychology, neuroscience, and evolutionary biology...” I’m going to throw something something I swear.  Sick of glib, lumpenpseudosynthesis Big History by halo-hedgehogs for people rubbernecking at history through TED talks"
"1257844531770220544","Wed May 06 01:28:00 +0000 2020",208,23,231,0,"You know what would be worse. A weird anticorona virus that forced us to always be in tight huddles always with 6 people less than 6 feet away. In crowds of minimum 50. Except to go to the bathroom. Social closening. That sounds horrifying."
"1266910850557726720","Sun May 31 01:54:19 +0000 2020",209,19,228,0,"Premium mediocre officially died today."
"1259732439187877888","Mon May 11 06:29:52 +0000 2020",204,21,225,0,"Cynicism: never being wrong by never being interesting"
"1036024272521592832","Sat Sep 01 22:53:29 +0000 2018",195,30,225,0,"The rat race is 10x stronger a reality distortion field than religion. The equivalent of god is ‘keeping up with the Joneses’. The equivalent of atheism is disbelieving in the existence of a meaningful comparison between any two people."
"1010563098527162368","Sat Jun 23 16:39:52 +0000 2018",189,36,225,0,"As somebody who stood in that dumb line for a 15y to be judged ‘deserving’, I’m entirely fine with some poor kid escaping a war zone or natural disaster jumping the line. I went the legal route because I had the luxury of time, and resources, not because I was ‘deserving’ https://t.co/2spMOKeY1C"
"1250924243082022915","Thu Apr 16 23:09:15 +0000 2020",209,15,224,0,"I have decided it’s time to uplift my shitposting game to LinkedIn. Who’s with me? #ThoughtLeadership https://t.co/Dv5PC18da5"
"1245876276310577152","Fri Apr 03 00:50:26 +0000 2020",198,24,222,0,"Gotta say, this crisis is tailor-made for the explainer age. It has that patina of shallow Science! comprehensibility that 9/11 and 2008 did not.  This revolution will be excruciatingly explained."
"601478909570482177","Thu May 21 20:05:21 +0000 2015",142,80,222,0,"If you had Musk's level of capital post PayPal and a 10 yr horizon, what's the biggest, most audacious project(s) you'd consider taking on?"
"990364479962562561","Sat Apr 28 22:57:46 +0000 2018",193,28,221,0,"Hmm I think just saw unfollowing someone being casually equated with threatening free speech  Soon I’ll be able to just yawn and blink, and everybody I disagree with will be silenced  Now I’m become inattention, destroyer of voices"
"991432405452865536","Tue May 01 21:41:20 +0000 2018",187,33,220,0,"🤔: “Hmm, I’m thinking about &lt;territory&gt;”  🤡: “&lt;map&gt;, you’ve discovered &lt;map&gt;”"
"1016902993411649536","Wed Jul 11 04:32:21 +0000 2018",194,25,219,0,"Freaky thought: when you talk to someone on the other side of the planet they’re upside down relative to you  It’s ludicrous, I see the appeal of flat eartherism now.."
"538553546413580288","Sat Nov 29 04:42:25 +0000 2014",129,90,219,0,"I can't talk to people not on social media anymore. Not only are they 2-14 days behind, they are depth limited by no-blog regular-media diet"
"1480359143802167297","Mon Jan 10 02:01:38 +0000 2022",202,15,217,0,"How have I never seen this https://t.co/X7Yjt1F047"
"1323486733896359936","Tue Nov 03 04:46:41 +0000 2020",195,22,217,0,"Before election, chop wood, carry water, tweet  After election, chop wood, carry water, tweet"
"1038214113141219328","Fri Sep 07 23:55:08 +0000 2018",189,28,217,0,"I’m bored of people on the “this isn’t normal” derpbeat.   Normal is over. Go pro weird or go home."
"1447715386074427396","Tue Oct 12 00:06:59 +0000 2021",193,22,215,0,"The party’s finally starting 🥳 https://t.co/X5diNCZxva"
"1273024886173294592","Tue Jun 16 22:49:19 +0000 2020",182,32,214,0,"None of us has more than part of a partially correct answer to any complex question.   But if we sincerely and humbly work hard together, we can at least discover the whole of a completely wrong answer, and ride it to absolute disaster."
"1011013433888608256","Sun Jun 24 22:29:21 +0000 2018",191,22,213,0,"Twitter dictionary  Liberal = progressive  Classical liberal = libertarian Libertarian = cryptoanarchist Cryptoanarchist = artist Conservative = traditionalist Traditionalist = reactionary Reactionary = racist  Racist = Russian troll Progressive = socialist Socialist = communist"
"1004971519494066176","Fri Jun 08 06:20:56 +0000 2018",191,22,213,0,"I have overestimated people’s integrity about 2x more often than I have overestimated their intelligence 🤔  I guess lack of integrity has a weaker heat signature in things people say than lack of intelligence. Easier to pretend to be good than smart."
"1013532725452537857","Sun Jul 01 21:20:06 +0000 2018",190,23,213,0,"If your ambition doesn’t grow with your wealth, the wealth makes you stupid by enabling you to delay decisions longer under uncertainty.   I’ve done most of my on-time risky trigger pulling when money was tight, delayed it too long when it wasn’t"
"1190123481792253952","Fri Nov 01 04:28:44 +0000 2019",179,34,213,0,"That feeling that all your peers have figured out something important you haven’t and moved on in some way, leaving you behind? It’s universal.  It’s the human galactic red shift. Everybody has figured out something unique and is receding from everybody else.  Happy Halloween 💀"
"944455409246466048","Sat Dec 23 06:31:31 +0000 2017",174,39,213,0,"The more I learn about pigs, the more I feel bad about using ‘pig’ as a human insult  There are really no good animal comparisons for the worst things humans do. Except maybe a few of the things really smart ones like chimps and dolphins do."
"1011838067710164992","Wed Jun 27 05:06:09 +0000 2018",189,23,212,0,"Every time I meet an interesting non-neurotypical who clearly has a lot of interesting things in their head but finds it painfully hard to connect with others, I’m struck by the sheer, overwhelming difficulty of human connection. We’re still in the Stone Age of human sociability."
"1404100023772598283","Sun Jun 13 15:35:07 +0000 2021",189,21,210,0,"What’s a good general interest non-fiction book you’ve read in the last few months?"
"1365152380942049280","Fri Feb 26 04:11:05 +0000 2021",189,20,209,0,"You can’t truly get interested in the world till you lose interest in money"
"1001626530676555776","Wed May 30 00:49:08 +0000 2018",201,7,208,0,"I sometimes wonder, what Customer Need does ribbonfarm address? Then I remember you guys don’t pay  so you must be the product and then I try to sell you but then nobody wants any of you.  And that’s why the world is ending."
"984987613135175680","Sat Apr 14 02:52:01 +0000 2018",187,19,206,0,"War is negative-sum, not zero-sum.  Peace is zero-sum. It’s for vegetables.  We don’t have a true antonym for war. It is not peace, but some sort of coherent nonzero-sum flourishing. Like “tech boom”, “gold rush” or “space age”  Word proposals now being entertained"
"1087951830984912896","Wed Jan 23 05:55:04 +0000 2019",180,25,205,0,"There’s really only 4 ways to connect with someone of a culture/ideology you hate at an intellectual level (none guaranteed):  1. Develop a taste for their food 2. Develop a taste for their music/cultural output 3. Weather a mortal crisis with them 4. Sleep with them"
"1021786943258906624","Tue Jul 24 15:59:25 +0000 2018",168,36,204,0,"The climate transition will be about 10x more brutal and happen about 3x faster than most people are thinking."
"472579362387009537","Sat May 31 03:24:34 +0000 2014",75,129,204,0,"Elong (v): To long for Elon Musk to do something. As in ""I am elonging for a Mars base"" or ""SV is elonging for the world to be saved."""
"1011355898785062913","Mon Jun 25 21:10:11 +0000 2018",176,24,200,0,"What if the primary purpose of schooling is neither education, nor babysitting, nor incarceration, but consensus creation on a bunch of unnecessary matters in order to manufacture societal trust? 🤔  Primary effect of all schooling seems to be creation of trusted non-family links"
"1590187986108702720","Wed Nov 09 03:42:14 +0000 2022",188,11,199,0,"The “panic now, it’s all melting down” tribe and “lol nothing’s happening, chill” tribes are in a mutual gaslighting equilibrium  Me, I’m above these simplistic either/or things, I’m in a complex superposition of chilling and panicking."
"1242199340589789184","Mon Mar 23 21:19:36 +0000 2020",173,26,199,0,"send best “...go brrr” memes plz"
"1058789251389644801","Sat Nov 03 18:33:23 +0000 2018",155,43,198,0,"One of my favorite blog posts is this one by John Salvatier: Reality has a surprising amount of detail  https://t.co/UuPHBxqIYy  The thing though, is that they are not the details you think are important."
"1380289557225041924","Thu Apr 08 22:40:49 +0000 2021",182,14,196,0,"What new directions would you like to see in technology evolution in the next decade?   (at actual tech level like “larger laptops” or “blimp airlines”... not  econo-political level like “weaken FAANG” or “more open source”)  Extra points for non-SV, non-software speculations."
"1020527216709386240","Sat Jul 21 04:33:43 +0000 2018",168,28,196,0,"We’re overdue for a new era of chaoplexity theories.   Santa Fe chaos/fractals/IPD stuff is ~40y old.   Swarm theory, self-organized criticality, power laws, multiagent systems/distributed AI, is 30y old.   Complex networks/small-world/scale-free stuff is 20y old.   I haz ideas."
"1311165941690978304","Wed Sep 30 04:48:15 +0000 2020",180,15,195,0,"Feels sadly ominous that James Carse died tonight. The infinite game doesn’t stop but it’s going to be backburnered for a while. Glad I got a chance to join a zoom hangout with him a few weeks ago."
"953487417473822720","Wed Jan 17 04:41:29 +0000 2018",168,27,195,0,"Too many of you are too angry on twitter. I recommend following some frequent, cheery tweeters.  At least 20% of your feed should be cheery."
"961096507079393280","Wed Feb 07 04:37:18 +0000 2018",155,40,195,0,"An interstellar spacefaring civilization would most likely be socialist inside the spaceships, libertarian-monarchic on space stations, anarchic between ships/stations, liberal democratic within inner solar systems (say 1-2 lighthour sphere)"
"1012879802137636865","Sat Jun 30 02:05:37 +0000 2018",153,42,195,0,"It is interesting how nature runs without money"
"1291588913132265472","Fri Aug 07 04:16:08 +0000 2020",181,12,193,0,"Why does this whole thing feel like waiting for a very large other shoe to drop"
"1148436539447246848","Tue Jul 09 03:39:42 +0000 2019",171,22,193,0,"In a post-scarcity society there will be no leisure because consumption will acquire all the oppressive characteristics of work. My wife does most of our our shopping and it definitely looks as demanding as a make-money job to me. Spending is information work in a complex society"
"983162466979885056","Mon Apr 09 01:59:33 +0000 2018",170,23,193,0,"Reading a major thinker more than 100 years removed from your own time is like trying to run old COBOL code on a phone. Doable in principle perhaps, but best left to intermediary experts willing to devote their lives to rebuilding the environment where it can compile."
"825532646650294272","Sun Jan 29 02:34:55 +0000 2017",147,46,193,0,"If you're feeling angry, you're still in peace mode. If you feel a strange calm descending, you've switched to war mode."
"807326979028455424","Fri Dec 09 20:52:05 +0000 2016",119,74,193,0,"How long before people figure out ways to take short positions on stocks and then provoke Trump into saying something nasty about the corp?"
"1371327032362037248","Mon Mar 15 05:06:57 +0000 2021",180,11,191,0,"So you fall off a cliff in either case 🤔 https://t.co/4YTGVzFW12"
"572888467937472512","Tue Mar 03 22:37:09 +0000 2015",100,91,191,0,"Proposal: When an AI machine sees a non-AI machine coming down the road, it must stop, unplug and decompile itself. http://t.co/wlET3WJUWz"
"1170492289862393856","Sun Sep 08 00:21:23 +0000 2019",169,20,189,0,"I get the sense the deeper you penetrate into elite circles, the harder it is to not become complicit in something ugly. To some extent elite cultures are almost defined by a kind of mutually assured destruction condition of collective complicity."
"1522595846688182273","Fri May 06 15:15:12 +0000 2022",169,18,187,0,"Shift from finite game to infinite game https://t.co/LKvplDsQYZ"
"890063547471773696","Wed Jul 26 04:17:40 +0000 2017",138,49,187,0,"Dystopia isn't exciting, conflict-ridden rapid decline with many opportunities to be a hero. It's exhausted hopeless mediocrity all around."
"1308269943838793731","Tue Sep 22 05:00:35 +0000 2020",179,5,184,0,"I’m talking to way too many people expecting some sort of civil war type scenario"
"1274448353858711552","Sat Jun 20 21:05:40 +0000 2020",172,12,184,0,"Admit it, covid has made you realize you too just want to become a rent-seeking nimby with a mansion and a bullshit job you can’t be fired from"
"603289285048033280","Tue May 26 19:59:08 +0000 2015",108,76,184,0,"Now THIS is a bet-the-farm move. Wise or not, If you can't make bets like this, you're posing. http://t.co/XrgFzMO6R0 http://t.co/IPIUKUc1DC"
"1322279132143628288","Fri Oct 30 20:48:06 +0000 2020",168,15,183,0,"A cynic is a person who knows the price of everything but the value of nothing.  An idealist is someone who knows the value of everything but the price of nothing.  Challenge: Complete the implied 2x2"
"1050885549832065025","Fri Oct 12 23:06:54 +0000 2018",163,20,183,0,"Every workflow preference reflects a mild form of a mental illness. My wild guesses.  Agile: ADD (me, early 30s) Waterfall: OCD PMP: Sadism Flow: psychopath Kanban: Social anxiety GTD/Lean: NPD (me 20s) Fuguework: psychosis (me post 35) Daily lists: BPD None: Depression"
"1465211068452507650","Mon Nov 29 06:48:35 +0000 2021",167,15,182,0,"Omicron feels like a “let’s see if you actually learned anything” test"
"1023530098794815488","Sun Jul 29 11:26:06 +0000 2018",160,21,181,0,"If there’s a single duality that captures the essential difference between India and the US, it is inconvenience as virtue versus convenience as virtue.  To be Indian is to feel virtuous by navigating elaborately inconvenient practices for no good reason"
"1153104612317990912","Mon Jul 22 00:48:57 +0000 2019",165,15,180,0,"There is a certain personality that just screams “middle management” from age 14 on"
"1266128268744245249","Thu May 28 22:04:37 +0000 2020",173,6,179,0,"I’ve accidentally started developing a sense of purpose and it’s horrible. People actually seek out this state deliberately?  How do I make it go away? Is it a known symptom of meta-covid?"
"1257092237512437762","Sun May 03 23:38:39 +0000 2020",167,12,179,0,"“It’s the dunning-Kruger effect,” he asserted confidently, having just looked it up on Wikipedia."
"1311921160846794752","Fri Oct 02 06:49:13 +0000 2020",174,4,178,0,"Anyone else wondering if Trump’s somehow orchestrating fake news here?  I’m like 1% thinking he’s faking it somehow to stage a smooth recovery or make a play for sympathy votes or something."
"931670320326443008","Fri Nov 17 23:48:08 +0000 2017",137,39,176,0,"By using phrases like ""soft skills"" for interpersonal skills, job descriptions accidentally paint them as non-essential.  This is like calling the keyboard and screen of a personal computer ""soft features"".   Truly computer literate people should only need a motherboard to work."
"866177014100770816","Sun May 21 06:21:07 +0000 2017",132,43,175,0,"Okay I hate this guy https://t.co/RhL5yjvdiF"
"1329945186185605122","Sat Nov 21 00:30:16 +0000 2020",168,6,174,0,"Getting really tired of Age of Explainers. I’d like motivators instead. Essays explaining why something is worth understanding rather than how it works.  MLI5. Motivate like I’m 5. I’ll look up the explainer if you succeed in getting me to care at all."
"1500132326289727493","Sat Mar 05 15:33:12 +0000 2022",166,8,174,0,"Just found myself using the phrase “fog of vibes”"
"1453089437072519169","Tue Oct 26 20:01:33 +0000 2021",163,11,174,0,"Wonder how true this is these days… “If you want to build a ship, don't drum up people to collect wood and don't assign them tasks and work, but rather teach them to long for the endless immensity of the sea.”"
"1404968550247243777","Wed Jun 16 01:06:20 +0000 2021",153,21,174,0,"The world can absurdum longer than you can reductio"
"1237915407282921472","Thu Mar 12 01:36:47 +0000 2020",164,8,172,0,"I’ll say this for us on twitter: we know how to 100% swarm a topic with undivided attention. Literally cannot find non-virus tweets on my timeline rn. This hivemind may not be the brightest but it knows how to focus. This attention market can be cornered."
"1001278940235755520","Tue May 29 01:47:56 +0000 2018",142,30,172,0,"Small brain: use map to navigate territory Regular brain: use territory to validate map Planet brain: throw away maps, raw territory Galaxy brain: use territory to navigate map"
"1062179860372578304","Tue Nov 13 03:06:27 +0000 2018",150,21,171,0,"These seem solid —- Ask vs guess culture Shame vs guilt culture Honor vs dignity culture High vs low context Otters vs possums Conflict  vs mistake theory Tight vs loose culture Decoupler vs coupler Combat vs nurture Debate vs dialogue Wait vs interrupt"
"978726118172672000","Tue Mar 27 20:11:05 +0000 2018",157,13,170,0,"I’m beginning to think lack of capital is not really a factor stopping people from doing the things they feel they were meant to. Most people don’t have capital-intensive imaginations.  If you give most people a lump sum the best idea they’d likely come up with is buying a house."
"1001933435747713024","Wed May 30 21:08:40 +0000 2018",147,23,170,0,"Squeakiest wheel effect: loudest complainer rather than most-hurting person gets helped  Similar effect in insight: of the people who get an insight, the one most surprised by it will make the biggest deal about it, claiming great personal originality, and will get credit for it."
"980959566325166080","Tue Apr 03 00:06:00 +0000 2018",135,34,169,0,"Reality isn't going to return to 'normal' anytime soon, at least within our lifetimes, so you should just set a re-entry date into it, and go pro as weird"
"1448506953987092482","Thu Oct 14 04:32:24 +0000 2021",152,16,168,0,"🥳 https://t.co/7D2d80JBYP"
"1528522903821553665","Sun May 22 23:47:13 +0000 2022",157,10,167,0,"Oh shit Messi stole my mediocrity strategy  This is uncannily close to my general approach to stuff https://t.co/i96s0bp8O0"
"1520495210152689664","Sat Apr 30 20:08:02 +0000 2022",151,16,167,0,"I’d like to find a new food that hits me this way https://t.co/JGMANSUn4y"
"1432557293103501317","Tue Aug 31 04:14:08 +0000 2021",154,12,166,0,"What is a big abstract, philosophical idea from the last 2-3 years (pure idea, not technology or science concept) that you’ve oriented around?"
"1274845418505945088","Sun Jun 21 23:23:27 +0000 2020",143,23,166,0,"Heisenwoke: when people can’t tell if you’re woke or antiwoke, and you exist in a state of complex superposition of being canceled and not-canceled at the same time."
"867233531784818688","Wed May 24 04:19:21 +0000 2017",112,54,166,0,"Slack: office Twitter: cafe Facebook: tired but ok endless party  Email: foyer of home in bad nbhd Texting: home LinkedIn: bad conference"
"953336538540122112","Tue Jan 16 18:41:57 +0000 2018",155,10,165,0,"A middle-class trait I can’t shake off is slight guilt about playing with no-practical-value ideas during “work hours”, like reading a philosophy book 9-5 on a weekday.    Feels like playing hooky. One reason I blog is to manufacture practical justification. “It’s for a post”"
"987566959846768640","Sat Apr 21 05:41:25 +0000 2018",153,12,165,0,"People who grew up with Wikipedia seem far better informed than their intellectual/personality peers from older gens at same age.  Jevons paradox. They know more *because* they can look up anything. No curiosity left unsatisfied.  I’d estimate a 10y advantage in factual knowledge"
"1190825816982077442","Sun Nov 03 02:59:33 +0000 2019",144,21,165,0,"The more you learn about how the human-built world works the more it seems like a miracle it works at all.  The civilizational stack is a late-game Jenga tower held together by Narrativium."
"1002593666920140800","Fri Jun 01 16:52:12 +0000 2018",134,31,165,0,"The point of a rule is often to consolidate power through exception-handling"
"738073356960862208","Wed Jun 01 18:22:55 +0000 2016",113,52,165,0,"Turking Test would be the better term for this. https://t.co/yW74MBcYyw"
"754863471292878848","Mon Jul 18 02:20:50 +0000 2016",92,73,165,0,"Venezuela/Colombia is like a giant A/B test of political systems. https://t.co/zzau48iDNQ"
"961416712330489856","Thu Feb 08 01:49:41 +0000 2018",141,23,164,0,"Capitalism is based on owning something absolutely in a timebox, regardless of history/future.  I suspect postcapitalism will unbundle the idea of 'asset' in time. You'll own a thread of its history rather than a timebox cut of its existence.  *cough* blockchain *cough*"
"975269291611250689","Sun Mar 18 07:14:53 +0000 2018",129,35,164,0,"The adventurer’s ethic is probably this: you have an obligation to become as interesting as your surplus resources permit"
"1236717176494493696","Sun Mar 08 18:15:26 +0000 2020",145,18,163,0,"Have you ever quit a job or other secure situation to pursue a passion project/mission that’s NOT a startup, and is more than just going free-agent for generic higher freedom?   If so: what did you quit, when, and to pursue what passion?"
"1112875144165318656","Tue Apr 02 00:31:25 +0000 2019",140,23,163,0,"Bad art is probably the most reliable indicator of authoritarianism."
"1345919341963796481","Mon Jan 04 02:25:51 +0000 2021",145,16,161,0,"In an interesting coincidence all optimists I know right now are rich 🤔  Not being snarky. There are times when optimism is pretty uncorrelated to wealth. This isn’t one of them."
"1243386162367983617","Fri Mar 27 03:55:36 +0000 2020",136,25,161,0,"Daimler guy on CNN making a good point: under appreciated how much the global supply chain actually has survived this extreme stress test with a passing grade so far."
"1524435818730770432","Wed May 11 17:06:36 +0000 2022",151,9,160,0,"🧵Here's what I learned from the dotcom bust (1/n)  First, don't use &lt;blink&gt; blink tags &lt;/blink&gt; on your webpages"
"1014012033539272704","Tue Jul 03 05:04:42 +0000 2018",150,10,160,0,"One of the crueler jokes the universe plays on you is when you start hitting your own limits and learning of the ways in which you suck, you think, “maybe it’s time to help the next generation” and then you realize that’s a much harder problem and you suck even worse at that"
"1150908596885942272","Mon Jul 15 23:22:47 +0000 2019",148,12,160,0,"All you people making plans to find some nice small affordable town to move to with a bunch of friends so you have critical mass... how are the plans coming along?"
"1013447052263428096","Sun Jul 01 15:39:40 +0000 2018",140,20,160,0,"Counterfactual: culture wars would have been avoided if Gen X has been a normal-sized cohort. We’d have had numbers to tell both boomers and millennials to stfu and let us handle shit for a while. Boomers have overstayed on stage, millennials are only 70% ready, X’ers are too few"
"1461589747222990849","Fri Nov 19 06:58:45 +0000 2021",147,12,159,0,"Meaning is memorability.  Dunno why it took me so long to see this."
"1555640676225728512","Fri Aug 05 19:43:34 +0000 2022",145,14,159,0,"Napping is like turning yourself off and on again to fix some annoying glitch in your thinking you don’t want to actually troubleshoot. Works 90% of the time. Everything should be rebooted often."
"1214060499974807553","Mon Jan 06 05:45:54 +0000 2020",141,18,159,0,"Most papers are meh   Academic research is about producing meh to dampen the enthusiasm of bloggers for insight porn  The result of most research is “it is complicated and depends on various factors in unhelpfully nuanced ways”  ie, meh."
"1186534431122526208","Tue Oct 22 06:47:07 +0000 2019",140,19,159,0,"Comedy = tragedy + time  Comedy - tragedy = time  No negative durations so time &gt; 0  comedy - tragedy &gt; 0  comedy &gt; tragedy  QED"
"974680098585505792","Fri Mar 16 16:13:38 +0000 2018",131,28,159,0,"Trivial: imagining linearly extrapolated futures (eg: ""extreme capitalism"")  Easy: imagining nonlinearly extrapolated (eg yin-yang cyclic) futures  Hard: imagining evolved futures with mutations  Really hard: imagining futures being invented by actions of imaginative people"
"1008010552738701312","Sat Jun 16 15:36:58 +0000 2018",148,10,158,0,"An undocumented benefit of public intellectualizing: the more smart things you’re perceived to have said, the more dumb questions you’re allowed to ask with no reputational damage (in fact you get a rep boost as in “wow, he’s smart but willing to look stupid”)"
"1075133717364928512","Tue Dec 18 21:00:27 +0000 2018",146,12,158,0,"There's a sort of Dark Tetrad of topics: social identity, intelligence, religion, and genetics-and-culture. People who only ever talk about those 4 things... I tend to run from them. For mental health, those topics should not consume &gt;20% of your intellectual bandwidth."
"693685937692286976","Sun Jan 31 06:43:10 +0000 2016",116,42,158,0,"Amazon echo responding to its own ads on tv is really kinda creepy"
"1354289128595025924","Wed Jan 27 04:44:24 +0000 2021",145,12,157,0,"Someone said (can’t recall who)  FB ate news media Twitter ate politics Now Reddit eats the market  Others: YouTube eats education  Wonder what will eat Hollywood?"
"1023983384945549314","Mon Jul 30 17:27:18 +0000 2018",140,17,157,0,"Much as I'm the epitome of the convenience-addicted expat, grousing about how nothing is easy in India, I do find that every visit recharges some illegible psyche battery. Reaffirms faith in humanity. If this billion-person goat rodeo can go on going on, there's hope for all."
"1177389581836025857","Fri Sep 27 01:08:45 +0000 2019",134,23,157,0,"Goodhart’s Law: When a measure becomes a metric, it ceases to be a good measure  Badhart’s Corollary: But damn it makes for good myth and ceremony"
"989752105861697536","Fri Apr 27 06:24:25 +0000 2018",132,25,157,0,"Offline we’re still in the fall of Rome. Online we’re already into Italian city states.  There’s  an 800y cultural phase lag between online and offline.   Offline I’m some drunk jerk cheering and eating bread at the Circus Maximus.   Online I am hustling the city-state nobility"
"1012544537707679744","Fri Jun 29 03:53:24 +0000 2018",131,26,157,0,"The rationalist heuristic to figure out root causes for problems is to ask “why?” 5 times. Do not use when feeling stupid.  The postrationalist heuristic to figure out root motivations for behaviors is to ask “why bother?” 5 times. Do not use when feeling depressed."
"1134684007399010304","Sat Jun 01 04:52:03 +0000 2019",132,24,156,0,"A “big” idea is one that:  - has megafauna charisma - represents discontinuous leap wrt its history - arrives as Big Bang in &lt;5y, not trickle - redraws boundaries among old ideas - creates new institutional landscape in &lt;10y - creates new internal language within that landscape"
"989289966399246336","Wed Apr 25 23:48:02 +0000 2018",125,31,156,0,"We need a word for the vague sense of being continuously partially cheated/taken advantage of because online, automated services are impossible to reason with and escalating to humans with override capability is like dragon slaying and almost never worth the effort"
"932387594863722496","Sun Nov 19 23:18:20 +0000 2017",124,32,156,0,"Why is higher ed finance so cartoonishly evil? Tax tuition waivers, disable bankruptcy protection for loans, kill geo-mobility, empower diploma mills, allow misleading advertising.  You'd need to relegalize slavery to make it more evil. https://t.co/mIywuMrmbV"
"1242277766306791424","Tue Mar 24 02:31:14 +0000 2020",146,9,155,0,"The psychological shock hasn’t broadly set in I think. All this zoom cozy virtual partying will give way to a period of depressive retreat at some point among those new to it who didn’t opt in"
"1023989699889704960","Mon Jul 30 17:52:23 +0000 2018",142,13,155,0,"Damn I just managed to label an illegible new behavior I’ve noticed in myself in the last few years.   “Outsourcing cleverness”  Why bother being clever when it’s cheaper to provoke cleverness in others? Let others bank the insightcoins. I just want the actual insights."
"1055213112889040896","Wed Oct 24 21:43:05 +0000 2018",130,25,155,0,"I’ve almost cracked this https://t.co/1dgKVkoQaQ"
"1271264291270754305","Fri Jun 12 02:13:20 +0000 2020",142,12,154,0,"Damn this is like gay marriage in 2015, a proper tipping point. Though with much murkier implications. https://t.co/GpPDPl3OnU"
"1010655068314431488","Sat Jun 23 22:45:20 +0000 2018",131,23,154,0,"I’m now convinced NIMBYism in urban politics and ethnonationalism in geopolitics are not just similar problems but fractal harmonics of the same problem. Statelessness and homelessness too. Interesting that both have the same solution for individuals; get a tech-MNC job."
"1183593811924013056","Mon Oct 14 04:02:09 +0000 2019",149,4,153,0,"I’ve never liked this rule so I violate it randomly https://t.co/M82YF3ppgN"
"969841874407051265","Sat Mar 03 07:48:16 +0000 2018",129,24,153,0,"Thought of a phrase: alt confidence. The generally higher sense of self certainty that comes with adopting fringe views.   I think it’s a selection effect. People who can’t tolerate high uncertainty centrifuge farther out to edge."
"1324563019221753857","Fri Nov 06 04:03:27 +0000 2020",146,6,152,0,"Prediction: won’t happen. We’re past the event horizon on this website. https://t.co/6OtcfEtEmo"
"1152834092255158272","Sun Jul 21 06:54:00 +0000 2019",137,15,152,0,"When you’re offered a seat on a non-rocketship with no engines that’s clearly going nowhere, you must ask as many questions as you can about the seat."
"1245221724792078336","Wed Apr 01 05:29:28 +0000 2020",131,21,152,0,"“Life is a tragedy for those who feel, a comedy for those who think”  Sometimes growth happens when thinkers are forced by circumstances to feel, and feelers are forced by circumstances to think. For a while, there is neither tragedy, nor comedy. Only transformation."
"1257022148528373760","Sun May 03 19:00:09 +0000 2020",134,17,151,0,"What knowledge do you actively resent having to acquire and apply to get through your life?"
"1445227842493579266","Tue Oct 05 03:22:23 +0000 2021",140,10,150,0,"Yesterday I was concerned about ‘supply chain,’ today I’m concerned about ‘BGP’… and last year I was concerned about ‘gain of function experiments’🤔  Now I’m concerned all my concern doesn’t seem to have any effect on anything"
"1232915146307031041","Thu Feb 27 06:27:31 +0000 2020",137,13,150,0,"It’s interesting, Covid-19 is one bad thing that absolutely cannot be blamed on Trump, but it’s like he’s almost trying diligently to make himself part of the problem."
"1099517735845847040","Sun Feb 24 03:53:50 +0000 2019",133,17,150,0,"Twitter right now is like the inner city just as middle class began fleeing to suburbs. Or free-to-air network TV just before HBO. Or cable just before original Netflix shows. You can see the accelerating movement to digital suburbs."
"1050928671576346624","Sat Oct 13 01:58:15 +0000 2018",126,24,150,0,"Overpromise, overdeliver = unsustainable excellence Underpromise, overdeliver = insecurity, imposter syndrome Overpromise, underdeliver = scammy bullshitter Underpromise, underdeliver = secure mediocrity"
"1457095844172222465","Sat Nov 06 21:21:35 +0000 2021",144,5,149,0,"damn the nft I collected on mirror automatically shows up on my opensea profile page... what sorcery is this? do all the web3 sites constantly trawl the blockchain for updates to the account addresses?"
"1356134624313786371","Mon Feb 01 06:57:44 +0000 2021",139,10,149,0,"the basic question of life is how hard you want to work at it   once you answer that honestly everything else follows trivially  good to re-ask periodically or when you feel your energy level shift"
"1019797064102772736","Thu Jul 19 04:12:21 +0000 2018",138,11,149,0,"A good nights sleep is worth like 50 IQ points for me. A successful midday nap is worth 20. Failed nap is minus 30."
"1068924121805770752","Sat Dec 01 17:45:44 +0000 2018",133,16,149,0,"You should make decisions when you are 70% certain. I have a whole backlog of 69.9% certain decisions queued up."
"1239409439653810176","Mon Mar 16 04:33:32 +0000 2020",120,29,149,0,"Here’s an idea... pay high risk/exposure people a risk premium like soldiers get combat pay in a war zone. Fed can % match their paychecks. There’s literally dozens of fiscal measure ideas that could be tried instead of bank stimulus.  https://t.co/zNuFIfAqUs"
"796201374018998272","Wed Nov 09 04:02:54 +0000 2016",102,47,149,0,"Good things from tonight: 1) death of bullshit polls and 'data science' shaping the narrative 2) can't think of a 2"
"1242638068802129922","Wed Mar 25 02:22:57 +0000 2020",127,21,148,0,"Conclusions actually worth drawing from Asian experience: wear masks, bow, namaste, test-and-trace, improve health surveillance tech  Conclusion people are really eager to draw: democracy doesn’t work! Find the One True King!"
"1040422477875146752","Fri Sep 14 02:10:23 +0000 2018",139,8,147,1,"@farnamstreet Strongly disagree. It should be moderate and with a stiff dose of randomness."
"1355345593447538688","Sat Jan 30 02:42:25 +0000 2021",137,10,147,0,"The idea of ‘career advice’ seems so quaint now. Does anybody have a career anymore?"
"1132084848661749760","Sat May 25 00:43:55 +0000 2019",134,13,147,0,"The single best way to cure writer’s block is to open up a new channel/stream of writing 😂  Writing is fundamentally a sneak-away-from-work activity. Once a writing channel succeeds, it turns into work and causes writer’s block, so you have to sneak away again."
"942945798207111168","Tue Dec 19 02:32:52 +0000 2017",129,18,147,0,"Work hard &gt; work lazy Work smart &gt; work hard Work lucky &gt; work smart  Then there is work weird which doesn’t fit in this order at all. Outcomes are either priceless or worthless and you’ll never know."
"1206670896938835968","Mon Dec 16 20:22:15 +0000 2019",128,19,147,0,"LA is a terrestrial total perspective vortex, it makes sure you understand how tiny and insignificant you are in the human story, and how little of it you will ever experience in a single lifetime. Walk a few blocks, and you'll notice a dozen portals to worlds you'll never enter"
"650825937420881921","Mon Oct 05 00:12:49 +0000 2015",86,61,147,0,"We need 3 planets for an agile, continuously integrated civilization: dev-earth, test-earth, production-earth."
"1576599609480052736","Sun Oct 02 15:46:53 +0000 2022",138,8,146,0,"What tricks do you use to pre-compensate/build slack for known or highly probable future compromised states (illness, emotional compromise etc)  Eg: don’t make decisions while depressed, add a few days of schedule slack to accommodate jet lag, etc"
"1279591692572569601","Sun Jul 05 01:43:27 +0000 2020",132,14,146,0,"Never trust anyone with a legible aesthetic"
"933161666627256320","Wed Nov 22 02:34:13 +0000 2017",131,15,146,0,"Sometimes I get distressing glimpses of how old age is going to suck.  Your future is already here. It's just unevenly distributed across your body."
"1014238221025177600","Tue Jul 03 20:03:30 +0000 2018",129,17,146,0,"I get thie sense powerful criminals have a world-view of “all power is corrupt, and it’s just arbitrary which gang manages to label the rest criminals”. Ie a view that the world is run along de facto criminal lines at the top, and law-abiding conduct is for middle class suckers"
"999101350347653121","Wed May 23 01:34:58 +0000 2018",125,21,146,0,"What if everybody in the world could vote in any country's elections, with an exponentially decaying weight set by shortest distance from boundary?   So Chinese people would have say a 1/32 vote in American elections?   Fourier transform global politics."
"976707665341501440","Thu Mar 22 06:30:28 +0000 2018",125,21,146,0,"Politician: I can build utopia, I just need private sector help  CEO: I have unicorn product idea, I just need a 10x engineer  10x engineer: I have a GUT, I just need a physicist to work out the math  Physicist: No grant $. I’m off to work on adtech  Ad guy: Hi Mr. Politician...!"
"1076324858407964673","Sat Dec 22 03:53:38 +0000 2018",120,26,146,0,"Whoa, vr game changer. https://t.co/VeJnOH9NVc"
"683097814394486784","Sat Jan 02 01:29:44 +0000 2016",94,52,146,0,"Am I doing @pmarca ism right? ""Surge price I explicitly agreed to is outrageous"",""drivers can't make a living wage"" https://t.co/hdBgEb4MYK"
"1473534843409485826","Wed Dec 22 06:04:18 +0000 2021",137,8,145,0,"If you suddenly pick up a cat and put it down somewhere else in a different orientation, they kinda just go with it. No apparent surprise or being upset at interruption of whatever they were up to. Just start doing new thing. Instantaneous transients. Zero inertia OODA loops. 🤔"
"1473362320935907329","Tue Dec 21 18:38:45 +0000 2021",135,10,145,0,"Challenge: Change one letter in an idiomatic phrase or proverb to make a different interesting one.  For example:  Brace for impact Grace for impact"
"1036138651653103616","Sun Sep 02 06:27:59 +0000 2018",127,18,145,0,"All societies are built with cognitive guardrails to prevent people from thinking clearly about mortality. It’s a first-class feature. Mythologize it, valorize it, spiritualize it, aestheticize it, but don’t let people think clearly about it.  This is stupid. We should change it."
"1478173656895213569","Tue Jan 04 01:17:17 +0000 2022",138,6,144,0,"Well that’s witty branding https://t.co/0JrvqS2oHg"
"1358835492800790529","Mon Feb 08 17:50:02 +0000 2021",135,9,144,0,"🤣 ""the way finance works now is that things are valuable not based on their cash flows but on their proximity to Elon Musk"" -- @matt_levine"
"1346928716383879168","Wed Jan 06 21:16:45 +0000 2021",131,13,144,0,"This has definite vibe of Yeltsin on a tank. I think people without memories of such moments probably don’t get how much changed today. A false consciousness unraveling is never a trivial thing."
"1242674020576686086","Wed Mar 25 04:45:48 +0000 2020",129,15,144,0,"Watching the stock market death cult gather momentum in real time is going on my list of the most extraordinary sights I’ve witnessed in my life alongside total solar eclipse, Halley’s Comet, etc https://t.co/Tf0np7eoAn"
"1037904069619118080","Fri Sep 07 03:23:08 +0000 2018",126,18,144,0,"Big dramatic moves to break out of a rut basically never work. Your rut can make matching big dramatic moves to follow you. You kinda have to sneak out of the rut when it isn’t looking. Play hooky from rut life or something."
"1168295349816946689","Sun Sep 01 22:51:31 +0000 2019",124,20,144,0,"“It is amazing what you can accomplish if you do not care who gets the credit.” — Truman  This is true in a radical way. Not caring about credit = 10x to 100x leverage.   Oddly enough, not true of caring about who gets the $. You have to care about that, even if it isn’t you."
"962391086105686016","Sat Feb 10 18:21:29 +0000 2018",119,25,144,0,"A good use for dying malls is probably to turn them into experiential entertainment buildings, with VR/AR, scavenger-hunting, Pokémon-Go zoos etc. Physical structure is uniquely good for that (multiple levels  with big deep 3d open space at center for virtual dragons and things"
"1359653121635405826","Wed Feb 10 23:58:59 +0000 2021",137,6,143,0,"I hope in 10-20 years I'm not forced to rename the Great Weirding and call it World Weirding 1 because a whole new World Weirding 2 has unfolded. Like how World War 1 was initially called The Great War.  Maybe it's a bad idea to ever call anything Great X."
"1306062128168595457","Wed Sep 16 02:47:31 +0000 2020",137,6,143,0,"Moleskine. You invented moleskine Tiago 🤣 https://t.co/78trkjsETW"
"1327128642888077316","Fri Nov 13 05:58:19 +0000 2020",117,26,143,0,"the conceit of this age is the belief that we’ve recognized our problems"
"914629544962793472","Sun Oct 01 23:14:11 +0000 2017",113,30,143,0,"4 game theory games everybody should know about: prisoner's dilemma, ultimatum, dictator, public goods. Basic literacy on impersonal trust."
"1311124769811513346","Wed Sep 30 02:04:39 +0000 2020",134,8,142,0,"I’m not watching, but damn the second-hand smoke on Twitter is worse than the wildfire smoke. Main twitter feed is pure cortisol."
"1039014787210862592","Mon Sep 10 04:56:43 +0000 2018",128,14,142,0,"Once I recommend a book to 3+ people, I buy it to read myself.   After I recommend 5 times I crack it open to familiarize myself with it enough to fake having read it  After 7, I feel guilty enough to actually read it, at which point there’s a 50-50 chance I’ll turn against it"
"979190887698714624","Thu Mar 29 02:57:54 +0000 2018",109,33,142,0,"Thinking startups are what make nations innovative is the macroeconomic equivalent of thinking R&amp;D labs are what make companies innovative.   Both are the same mistake. I call it the sequestration fallacy. Startups and R&amp;D are the consequence, not cause of innovative cultures."
"774992706011402240","Sun Sep 11 15:27:14 +0000 2016",91,51,142,0,"Wow, it's really been 15 years. A generation is entering high school not having known pre-9/11, pre-security-theater world."
"1316876394320650240","Thu Oct 15 22:59:33 +0000 2020",141,0,141,0,"Damn. I had to use L'Hôpital's rule for the first time since college to compute something. Very impressed with myself."
"1299402628938387456","Fri Aug 28 17:45:03 +0000 2020",139,2,141,0,"I’m amused by how this idea keeps cropping up. I’ve concluded it’s unworkable because these communities don’t actually exist as the clean sets people imagine. They’re leaky fuzzy small world groupings which lack sufficient consensus. You can get to n=10 at most without going cult https://t.co/XXt7SJm0QU"
"1537990380716601345","Sat Jun 18 02:47:35 +0000 2022",135,6,141,0,"I’m kinda amazed at people who’ve blithely gone back to flying around on business same as ever. For me, some sort of romance-of-travel illusion seems to have collapsed."
"1203375939364646912","Sat Dec 07 18:09:16 +0000 2019",134,7,141,0,"Finally read the Away story. My main reaction was: I understand this mindset for running a space mission or an ER during a crisis... but for customers of... overrated luggage?  Not all customers deserve customer obsession as a corporate value"
"941199327128567808","Thu Dec 14 06:53:00 +0000 2017",124,17,141,0,"Amazing how maintenance work creeps up and takes over your life  You either learn to enjoy maintenance or play life-stack-fall-apart roulette  If you don't get your creative engines running and flywheels spun up before 30 you might never start due to growing maintenance burden"
"1054145935981240321","Sun Oct 21 23:02:30 +0000 2018",123,18,141,0,"The way the 1% run the economy and deploy political power leads me to conclude that they are all extreme climate believers who’ve concluded the apocalypse is nigh, cannot be averted, and it’s best to retreat to Helm’s Deep in New Zealand with 4 generations worth of durable assets"
"1126258204751458304","Wed May 08 22:50:55 +0000 2019",139,1,140,0,"Well, signed a lease. Will be moving to LA by July for at least a year. Possibly longer if we decide we like it."
"1203186919628103680","Sat Dec 07 05:38:10 +0000 2019",135,5,140,0,"My favorite twitter accounts are solipsistic ones. People cheerfully talking to themselves without much replying to others or getting replies but still entertaining. It’s like shitposting to yourself on a desert island."
"1003834006276718592","Tue Jun 05 03:00:52 +0000 2018",130,10,140,0,"One of the healthiest things you can do is simply decide to dislike certain people, individually, without guilt or rationalization. Simple dislike is benign. Tribal hatred is the cancerous result of trying theorize away failures of dumb universal love doctrines."
"1240093329007632385","Wed Mar 18 01:51:04 +0000 2020",130,10,140,0,"NBC segment just now: Ventec ventilator company is selling first come first serve, with one exception, they’re getting a lot of calls from high-net-worth individuals which they are refusing. Selling only to healthcare orgs now."
"946197611660242947","Thu Dec 28 01:54:24 +0000 2017",113,27,140,0,"Twitter reco for 2018: pick a random foreign region with an active twitter subculture, unrelated to your own life, and follow a bunch of people from there. Make a list/tweetdeck column.  I’m a lurker on Kenyan twitter and it’s the most fun thing in my feed.  Great escape too."
"487110801442869249","Thu Jul 10 05:47:19 +0000 2014",70,70,140,0,"The future is already here, it's just unequally distributed. 1% of the population lives in 99% of the future. #OccupyFuture"
"1063514811252658176","Fri Nov 16 19:31:04 +0000 2018",120,19,139,0,"""Decorum"", ""civility"", and ""rudeness"" norms are just PC cultures that spare the sensitivities of the powerful.   Most institutions are safe spaces for the powerful, kept free of triggers and microaggressions for local top dogs.   This is the essential hypocrisy of anti-PCness."
"1029786391113154560","Wed Aug 15 17:46:22 +0000 2018",120,19,139,0,"I have this theory that during periods of intense creative destruction, old institutions that survive at all turn into de facto banks, defined primarily by assets they manage to freeze and build moats around. Eg. Catholic church during reformation turned into a real estate bank"
"879551610409558017","Tue Jun 27 04:06:59 +0000 2017",110,29,139,0,"Freedom is arguably freedom to go deep: into rabbitholes, relationships, missions, w/o regard to cost, reward, time, productivity, risk"
"530754536625815553","Fri Nov 07 16:11:57 +0000 2014",94,45,139,0,"Sufficiently enlightened self-interest is indistinguishable from altruism. Suff. clueless altruism is indistinguishable from self-interest."
"950136290376167424","Sun Jan 07 22:45:18 +0000 2018",127,11,138,0,"Sometimes I’m *really* glad that I’m neither famous enough, nor important enough, that I have to say things like this https://t.co/KWmWokX4vb"
"1364715069536309249","Wed Feb 24 23:13:22 +0000 2021",125,13,138,0,"“The secret to doing good research is always to be a little underemployed. You waste years by not being able to waste hours.” — Amos Tversky   🤔🤔🤔  Is 20h/week a “little”?"
"1267907762941423616","Tue Jun 02 19:55:41 +0000 2020",122,15,137,0,"I'm guessing about 30% of the US population is currently at medium to high risk of their life getting seriously upended by 2020 (ranging from PTSD and destroyed careers/businesses to jail or lost life)"
"1243760860972998656","Sat Mar 28 04:44:31 +0000 2020",108,29,137,0,"The future is already here, it is just unevenly locked down"
"754864981028409344","Mon Jul 18 02:26:50 +0000 2016",100,37,137,0,"Trump defines a distinct flavor of capitalism: Cargo Capitalism. All the form, none of the content. An arrived wantapreneur."
"1582888674168999936","Thu Oct 20 00:17:23 +0000 2022",127,9,136,0,"The arc of the moral universe is basically a random walk.   Occasionally a tech advance makes it slightly easier to be nice and slightly more pointless to be nasty. We then congratulate ourselves for having “evolved.”"
"1586394703238348802","Sat Oct 29 16:29:05 +0000 2022",125,11,136,0,"Found on facebook  “In art this is known as the Golden Ratio of Fibonacci... perfect proportions of harmony and beauty. You may not like it, but this is what the perfect male body looks like. Via Brian Kilburn” https://t.co/UcZWjQdjPR https://t.co/I0nxYz6N1K"
"1112511816062500864","Mon Apr 01 00:27:41 +0000 2019",124,12,136,0,"When you don’t understand algorithms they scare you because they seem soulless  When you do understand them they scare you because they hold up a mirror to *your* soullessness.  “Ah shit, I’m just a branch-and-bound with pretensions to poetic grace”"
"1097692752752435201","Tue Feb 19 03:02:01 +0000 2019",121,14,135,0,"https://t.co/uIRvHmMt5q"
"1300982448491122694","Wed Sep 02 02:22:41 +0000 2020",119,16,135,0,"Humanity is pursuing the herd immunity strategy on climate"
"1205313490572853248","Fri Dec 13 02:28:24 +0000 2019",116,19,135,0,"There is a deep idea latent here. The motivating power of pointless but meaningful goals. I’ve been most conscientious around the most arbitrary goals with no visible utilitarian logic to them. Utility encourages compromise. Uncompromising care requires a beautiful uselessness. https://t.co/FwDGadt7ru"
"1539413614271967232","Wed Jun 22 01:03:01 +0000 2022",126,8,134,0,"If you consider yourself a good infrastructure thinker and ops person, across different categories of systems and processes, what’s your top tip for being good at it?  As low-level habit as possible. For eg “keep work spaces clean” or “inspect everything once a week”"
"1101640875313061888","Sat Mar 02 00:30:26 +0000 2019",122,12,134,0,"Effective selling of intellectual output rests almost entirely on your ability to be sincerely impressed by your own thoughts."
"1013900979467456512","Mon Jul 02 21:43:25 +0000 2018",119,15,134,0,"“Spotting connections across disparate fields” as a default, signature intellectual style is:  — Charming/precocious sign of imagination in your 20s — A workhorse “visionary” playbook in your 30s  — The mark of a dilettante has-been in your 40s"
"1396923835660660737","Mon May 24 20:19:30 +0000 2021",116,18,134,0,"Whoa. That’s it? https://t.co/NPqoQoGMBw"
"1180526350681149441","Sat Oct 05 16:53:09 +0000 2019",112,22,134,0,"If you’re not building your own extended universe what are you even doing"
"1121079807167516673","Wed Apr 24 15:53:49 +0000 2019",114,19,133,0,"An ingroup only coheres properly once all members totally misunderstand why outgroupers dislike them, and form a consensus around a wildly wrong statement of the form “they hate us for our X”.   Such a statement is the unacknowledged Axiom 0 of every reality distortion field"
"1241197511810805760","Sat Mar 21 02:58:41 +0000 2020",113,20,133,0,"I think densification as a general philosophy may be toast. It will be like Fukushima for nuclear.  https://t.co/EYITGnt8aC"
"1072309460931149824","Tue Dec 11 01:57:52 +0000 2018",112,21,133,0,"Principle of plausible deniability: Don’t measure what you don’t want to manage."
"1255721050920243202","Thu Apr 30 04:50:03 +0000 2020",131,1,132,0,"Am I the only one trying to figure out a hedge against money? Like not even crypto, but ways to do without anything like it, but not in a primitivist way. Kinda like how some of us do without traditional religion."
"1012113063980326913","Wed Jun 27 23:18:53 +0000 2018",119,13,132,0,"Most people suck at sales/marketing because they like to connect individually to others. If you’re selling something, even 1:1, it’s usually best to appeal to a group identity.  Tired: people only buy 2 things, happiness and solutions to problems  Wired: People only buy belonging"
"1279190565146386432","Fri Jul 03 23:09:31 +0000 2020",117,15,132,0,"Your periodic reminder that any vaccine is likely to be more like the flu vaccine with significantly less than 100% effectiveness, and something you have to take every year. This is a step function increase in infectiousness of the environment, with a new alien species in it."
"1000145027878670336","Fri May 25 22:42:11 +0000 2018",115,17,132,0,"Who are humanities people who’ve had a major hand in shaping the Internet? Two I know of are Peter Thiel (philosophy) and Alex Karp of Palantir (‘neoclassical social theory’). Jonah Peretti wrote a cultural theory paper that’s supposedly the genesis of Buzzfeed. Who else?"
"1174947463444090880","Fri Sep 20 07:24:39 +0000 2019",128,3,131,0,"New #lifegoal — have a unit named after me, like ampere, richter etc  1 rao should ideally measure something sociophysical, like the entropy increase caused by 1 standard shit post"
"1287098243269025792","Sat Jul 25 18:51:48 +0000 2020",127,4,131,0,"The text renaissance is turning into a full-blown Web 1.0 renaissance. Really interesting how so many basic ideas from like 1994 are being revisited. Homepages, curated links, people doing call-and-response, cozyweb things that look like Usenet..."
"1054932878939713536","Wed Oct 24 03:09:32 +0000 2018",113,18,131,0,"The NPC meme is an irony singularity. And note it’s likely amplified by bot or fake accounts, so a surreal irony singularity. To spell it out: bots or bot-like humans telling humans they are like bots in games played by obsessive bot-like humans. https://t.co/gIM3ilJsdY"
"1181394699543670784","Tue Oct 08 02:23:40 +0000 2019",113,18,131,0,"All future information visualizations should be derived from this one https://t.co/FU7EjAYovw"
"1542613058396164096","Thu Jun 30 20:56:28 +0000 2022",110,21,131,0,"We’re now in inverse hanlon’s razor territory. Never attribute to incompetence what can safely be attributed to malice."
"1053381191447928833","Fri Oct 19 20:23:41 +0000 2018",106,25,131,0,"Partisanship makes you stupid  Centrism makes you clueless  Retreat makes you depressed  Privileged exit makes you angry  Thoughtful and rigorous critical analysis makes you frustrated and incomprehensible  And you are expected to choose *wisely* among these options 🤣"
"919072737137532929","Sat Oct 14 05:29:50 +0000 2017",106,25,131,0,"Most disagreements with people are about dislike of personality traits. If you like someone, you'll mostly deal with their beliefs."
"730018567857442817","Tue May 10 12:56:04 +0000 2016",92,39,131,0,"Looks like Peter Thiel has moved from determinate optimism to indeterminate pessimism. https://t.co/wL6H5wLJl8"
"1121302703680831490","Thu Apr 25 06:39:32 +0000 2019",120,10,130,0,"There’s a kind of red pill that doesn’t even lead you to a Zion like community of true believers to hang out with, but to a lonely life as a Truther tediously ranting about something you think is a profound life-altering idea but others can plainly see is a sad self-made prison"
"1028467521857282048","Sun Aug 12 02:25:39 +0000 2018",119,11,130,0,"A normie is someone who realizes life is much longer than most fads and plans accordingly"
"1444800164602933250","Sun Oct 03 23:02:56 +0000 2021",119,11,130,0,"Covid has led me to a new definition of religion.   Religion the belief that the universe is nice to good people.  “God” is an optional extra."
"1148785812672147457","Wed Jul 10 02:47:35 +0000 2019",115,15,130,0,"As you grow, you have to re-solve every problem at every new scaling level. Beyond level n=7, half the problem is avoiding people from levels 1 to n-1 who are convinced they understand the problem and have a solution you miraculously missed learning about"
"926881608224747520","Sat Nov 04 18:39:30 +0000 2017",103,27,130,0,"I don't trust anyone who can't amuse themselves indefinitely with their own thoughts. They invariably cause trouble outside their heads."
"956264716539609089","Wed Jan 24 20:37:29 +0000 2018",125,4,129,0,"I'm actually doing this btw, and it's a hoot. Normal planning techniques take on a weird bizarro aspect in a skull plan. If enough people are interested (fave to indicate interest) I'll templatize and share my skull planning model. https://t.co/iSBWzcd8cl"
"1092221579142918145","Mon Feb 04 00:41:31 +0000 2019",123,6,129,0,"When somebody says ""well said"" about something you say, it's time to stop saying it. It means you didn't surprise them, but they've already thought the thought and are glad they weren't the one to say it. It means you're unwittingly acting as a spokesperson for a tribal sentiment"
"1476697820828635138","Thu Dec 30 23:32:50 +0000 2021",123,6,129,0,"Pick your target vibe for 2022 in ONE word or uncaptioned image. No phrases or gifs."
"1436817579398418433","Sat Sep 11 22:23:00 +0000 2021",118,11,129,0,"🤣 stealing this phrase, “all moral no story”   Describes a lot of advice Twitter too. Sharing stories is hard. Sharing extracted morals from hidden is easy. Not counting cases where there IS no story, just morals pulled out of thin air. https://t.co/JyzMXmjHkv"
"1266912648739713024","Sun May 31 02:01:28 +0000 2020",117,12,129,0,"The future is hard cozy. Even tiny homes are going to turn into tiny fortresses. We will remember premium mediocre as a golden age of pleasant neourban gentrified areas that won’t be bouncing back. https://t.co/ThMzkHHwRA"
"1211484233111224321","Mon Dec 30 03:08:44 +0000 2019",117,12,129,0,"How come people don’t do decline trend forecasts? It all seems to be about new things they think will gain momentum.   What do you think will decline and end in the Searing Twenties?  What do we do today routinely that we mostly *won’t* be doing in 2030?"
"1083106578633388032","Wed Jan 09 21:01:46 +0000 2019",116,13,129,0,"Big reason I've been spending a lot more time on twitter than facebook in the last couple of years is that people seem to have retained way more ability to have fun here. In fact twitter is almost the only major social media platform where fun is still even a possibility."
"1011716519917572096","Tue Jun 26 21:03:09 +0000 2018",111,18,129,0,"If you model classical liberal virtues, deal with events with stoic grace and honor, and conduct yourself with gentle forbearance (Greek classics handy) in these trying times, you won’t actually stop the developing shitshow, but you’ll look good posing in the rubble in your toga"
"1010949401311756290","Sun Jun 24 18:14:54 +0000 2018",111,18,129,0,"You usually find out you’ve outgrown something before you figure out what you’ve grown into"
"1142196313791987712","Fri Jun 21 22:23:16 +0000 2019",111,18,129,0,"“Have your API call my API”"
"747668504598425600","Tue Jun 28 05:50:37 +0000 2016",82,47,129,0,"The last time a people stopped exploration to focus on ""real"" problems, they lost tech lead, stagnated for 500 years: China in 15th century"
"1206840672671551489","Tue Dec 17 07:36:53 +0000 2019",123,5,128,0,"Twitter is kinda like democracy. It’s the worst social platform except for all the others.  Feeling a bit gloomy about it because the last few days stress testing gave me a sense of some fundamental limits I don’t think I’ve run into before. Not yet clear enough to articulate."
"880949730221502464","Sat Jul 01 00:42:37 +0000 2017",118,10,128,0,"Analogue to fuck-you money is fuck-you competence. Aspiring to jack-of-all-trades-master-of-all because you don't like dependence on others"
"1153705943592394752","Tue Jul 23 16:38:26 +0000 2019",113,15,128,0,"Wikipedia has a list of gods of time. Damn. 30 years ago this would have been many tedious trips to the library, and *if* you got lucky you might have found a reference work containing such a list. Sometimes you just have to stop and marvel https://t.co/R1Y8oYNsCc"
"919070946757001216","Sat Oct 14 05:22:43 +0000 2017",92,36,128,0,"Seeking out data that might invalidate your beliefs is productive  Seeking out people who disagree with you is mostly a waste of time"
"640279699353026564","Sat Sep 05 21:45:50 +0000 2015",82,46,128,0,"Past 30, if you don't break script  every 3-5y, life becomes 99.9% maintenance, 0.1% growth. Some actually think this is the goal state. 😱"
"600817069718786048","Wed May 20 00:15:26 +0000 2015",76,52,128,0,"Selfie sticks are an awful technology. Use a proper drone instead."
"1472237750858387456","Sat Dec 18 16:10:07 +0000 2021",127,0,127,0,"Just realized I have no idea how 2dof gimbals are actuated. Anyone know? 2 hydraulic cylinders at right angles? https://t.co/mIdG3ER3SM"
"1034228314603278336","Mon Aug 27 23:56:59 +0000 2018",112,15,127,0,"Civilization: a stage of evolution that begins when a species first makes a pocket out of some kind of dough, stuffs it with some sort of filling and deep fries or bakes it. That’s the first step away from barbarism. https://t.co/FvEVBJsVQR"
"1165054606344241154","Sat Aug 24 00:13:58 +0000 2019",110,17,127,0,"When something is an economic asset but a psychological liability, like a house you hate but can’t afford to sell, it’s not the asset, you are. You don’t own it, it owns you. Middle class life is full of such antiassets.  Very unfortunate people also have antirelationships."
"1119124059168526339","Fri Apr 19 06:22:22 +0000 2019",107,20,127,0,"The belief that’s there can only be one stable “reality-based” consensus reality is our century’s “heavier than air flight is impossible.”"
"1065127406753669120","Wed Nov 21 06:18:57 +0000 2018",103,24,127,0,"You become capable of evil when you discover one other person whom you consider both weaker than you, and morally inferior to you. Someone you feel you can righteously hurt without feeling guilt.   Innocence ends the moment you think you’ve met someone you can judge and punish."
"991852622972780544","Thu May 03 01:31:07 +0000 2018",101,26,127,0,"I’m increasingly beginning to suspect that some people are palming off mere bad manners as taboo-shattering free speech, mere assholery as deep philosophical radicalism, and mere cluelessness as insight 🧐 https://t.co/HgO3NhGmAG"
"806318454038872064","Wed Dec 07 02:04:34 +0000 2016",93,34,127,0,"It's cute to pretend you can opt out of politics. You may not be interested in politics but politics is interested in you."
"749059516461830148","Sat Jul 02 01:58:00 +0000 2016",80,47,127,0,"Lol Professor rejects Marxism after traveling the globe: ‘Socialism doesn’t work’ https://t.co/YaXod05NQz"
"456947578211667968","Fri Apr 18 00:09:26 +0000 2014",67,60,127,0,"Billionaires are only cool if they have a badass Applied Sciences division. Batman and Green Arrow have one. More important than a lair."
"1168552310273757185","Mon Sep 02 15:52:36 +0000 2019",120,6,126,0,"“You divide, I choose” remains the single most basic principle of voluntary social organization. It really should be an entire academic subdiscipline by itself, like prisoner’s dilemma"
"1548431304844136450","Sat Jul 16 22:16:06 +0000 2022",116,10,126,0,"This is the kind of content I’m here for https://t.co/A2qqPCuRxn"
"951285441289834496","Thu Jan 11 02:51:37 +0000 2018",104,22,126,0,"I find the phrase “late-stage capitalism” hilarious.  We’re just getting started."
"1331486334121246721","Wed Nov 25 06:34:14 +0000 2020",124,1,125,0,"I give up. I don’t get fleets, stories, or any ephemeral media."
"1297785711010050048","Mon Aug 24 06:39:59 +0000 2020",124,1,125,0,"Umm isn’t this is literally the definition and purpose of a fruit 🤔  The flesh exists to feed the seeds https://t.co/h64s3KwMfk"
"942940758557917184","Tue Dec 19 02:12:50 +0000 2017",117,8,125,0,"Sometimes you meet people who seem to be living 3 lives in parallel at 200% overclocked rate, so they log 6 years of life for every 1 year regular people do. Met one today.  Me, I suspect I’m at 0.5, so the differential seems even more dramatic, 12x 🤔"
"1362864352290766853","Fri Feb 19 20:39:17 +0000 2021",117,8,125,0,"I'm struggling to make sense of how all asset prices are going upupup, but inflation in CPI terms remains hovering around zero/negative, and bond yield curves suggest low inflation expectations. What am I missing."
"1259248966551519232","Sat May 09 22:28:43 +0000 2020",110,15,125,0,"90% of “success” seems to be just surviving long enough above a threshold of “terminally embarrassing”  The other 10% is judicious editing of the story ex-post"
"943338723126546432","Wed Dec 20 04:34:12 +0000 2017",108,17,125,0,"Many good things in my life have been due to being too lazy to make active decisions and letting defaults ride.  The better part of strategy is knowing when to do nothing.  9/10 times, the strategic and lazy choices are the same.   Get the 1/10 right though."
"1590513472496111616","Thu Nov 10 01:15:36 +0000 2022",104,21,125,0,"To become properly evil you must start by installing the belief “I am good” at the foundation of everything else."
"1010030903043620864","Fri Jun 22 05:25:07 +0000 2018",89,36,125,0,"Hanlon’s twin blade razor: never attribute to malice or incompetence alone what can be attributed to the combination of the two"
"1584013993458298881","Sun Oct 23 02:49:00 +0000 2022",118,6,124,0,"Share a random sharp insight you discovered/independently rediscovered in the last few months"
"1244130177694621696","Sun Mar 29 05:12:03 +0000 2020",118,6,124,0,"If you’re around 19-21, lol  No gentle “emerging adulthood” life-stage decade for you, Zoomers. Straight to middle-age stress. You should just add 10 years to your age right now."
"1428599863877406724","Fri Aug 20 06:08:44 +0000 2021",117,7,124,0,"Wow that’s sociopathic https://t.co/5rNRVokcrv"
"1314796114734837760","Sat Oct 10 05:13:16 +0000 2020",113,11,124,0,"wtf https://t.co/HFxPK1RidR"
"1038870785618673664","Sun Sep 09 19:24:31 +0000 2018",110,14,124,0,"Critical review of Sapiens ht @alper https://t.co/xz8FxIxaXD"
"1101307662568894464","Fri Mar 01 02:26:22 +0000 2019",108,16,124,0,"The most motivating kind of opportunity is one that comes a few years before you think you’re ready for it. The scramble-to-make-it-work kind. The least motivating ones are those that come long after when you’ve already set sights on next level challenges."
"1244412331301335041","Sun Mar 29 23:53:14 +0000 2020",107,17,124,0,"Now attempting economic forecasting https://t.co/1WpZ7avE1Z"
"605813123568656386","Tue Jun 02 19:07:58 +0000 2015",61,63,124,0,"This old cartoon still captures a shit ton more about tech industry than most industry reports and trend analyses http://t.co/0t1MQ5k4BO"
"1270756745086857216","Wed Jun 10 16:36:32 +0000 2020",121,2,123,0,"Well I put down my $500 as true believer of @RoamResearch   Don't disappoint me gang"
"1453476300367093760","Wed Oct 27 21:38:48 +0000 2021",118,5,123,0,"can't believe I can shitpost all day and nobody can stop me  if I'd tried this before the internet on a street corner, they'd have had me taken away"
"1257837462916751360","Wed May 06 00:59:55 +0000 2020",116,7,123,0,"Ok people I’m sick of boring views of your damn sourdough experiments, cute parenting moments etc. Do something larger than domestic scale in ambition even if you have to do it at home. Like a video of you soldering together a small Death Star. Or at least an iron man suit."
"1301254579154071553","Wed Sep 02 20:24:02 +0000 2020",115,8,123,0,"That last line is a real kicker: ""in a perfect world, what would you add?"" https://t.co/b06m2WDB8S"
"1250800991957512192","Thu Apr 16 14:59:29 +0000 2020",110,13,123,0,"22 million unemployed... officially.  Don’t even know how to begin thinking about such conditions. And these are almost certainly all people with the smallest cash buffers, employed in the lowest margin industries."
"1018670728558698496","Mon Jul 16 01:36:42 +0000 2018",106,17,123,0,"Civilization is mostly energy, not information. I suspect all the architectural and engineering design docs for even the biggest cities would fit into like a few petabytes or so. But the energy required to turn pristine land into say New York City is probably humongous."
"1205735286761615360","Sat Dec 14 06:24:28 +0000 2019",105,18,123,0,"I have named the coming decade The Searing Twenties. Like the Roaring 20s a century ago, except it will involving a lot of burning and scorching."
"1437202937558691840","Sun Sep 12 23:54:16 +0000 2021",104,19,123,0,"🤔 https://t.co/iOslaS1gYC"
"987577751593877504","Sat Apr 21 06:24:18 +0000 2018",103,20,123,0,"Take a moment to appreciate the story of on-demand streaming TV.   One of those rare technologies that everyone fantasized about, that arrived pretty much on schedule as predicted, and turned out to be exactly as awesome as we all hoped.  Only unknowns were the brand names"
"1089398967010451456","Sun Jan 27 05:45:28 +0000 2019",96,27,123,0,"This is a work of art https://t.co/pqCtsVksXE"
"1132685582826524672","Sun May 26 16:31:01 +0000 2019",110,12,122,0,"Sunday word game: change the fewest possible letters in the longest possible aphorism/proverb/bon mot to create a good new one. My best so far  Sneak truth to power  (Score: 1 letter changed in 17, so 17/1 = 17 points)"
"1187250440934580225","Thu Oct 24 06:12:17 +0000 2019",116,5,121,0,"When I meet true nerds I realize I’m not one"
"1010412972819210240","Sat Jun 23 06:43:19 +0000 2018",110,11,121,0,"Sometimes I think the alt right is simply the scared right. Sadly all of their attitudes seem to spring from a basic shrinking fear of life itself. I feel like yelling, “man up and get your head in the game, we have a planet to take care of, not just your lucky little backyard”"
"1575522378255257600","Thu Sep 29 16:26:21 +0000 2022",110,11,121,0,"Fear of “loss of face” rules the world.   There’s a weird American presumption that it is an Asian psychodynamic. Asians are just more willing to cop to it and talk about it openly."
"1220872425140674560","Sat Jan 25 00:54:03 +0000 2020",110,11,121,0,"Twitter has 126m active users. If it were a country it would be the 12th largest, after Japan. I don’t know why people act like it is small. The bigger platforms aren’t actually connected enough and are arguably smaller in ways that matter. IMO Twitter &gt; Facebook in key ways."
"1014379210868051968","Wed Jul 04 05:23:44 +0000 2018",108,13,121,0,"Space opera premise: there is a god, but one who somehow got destroyed before finishing creating the universe. So we live in an incompletely built world that is missing obvious things that were meant to exist, like hyperspace travel and force fields.  Title: Cosmic Technical Debt"
"1466160868412956673","Wed Dec 01 21:42:45 +0000 2021",108,13,121,0,"The main task of postmodern social system design is enabling people to avoid each other in fine-grained ways. “Connecting people” is the clever false-flag name for this. People seeking connection will usually find a way. It’s the right degree of avoidance that’s hard to arrange."
"1128713731096043521","Wed May 15 17:28:18 +0000 2019",105,16,121,0,"there's a surreal feeling you get once you understand the basics of crypto ux you could call ""seeing like a private key"" (cf: seeing like a state). Things like email addresses, SSNs, phone numbers... key ids issued/managed/controlled by 3rd parties start seeming really shady"
"976351827963797504","Wed Mar 21 06:56:30 +0000 2018",104,17,121,0,"Workflow management cheat sheet  Grunt labor: optimize for productivity/utilization/yield rate  Maker work: do things in order of importance, subject to sequencing constraints, to ship early/often  Creative work: sequence demons in optimal killing order as they emerge from shadow"
"944442397357830144","Sat Dec 23 05:39:49 +0000 2017",104,17,121,0,"It takes many kinds of lives to make a world  Most lives aren’t simple, whether successful or not  But the lessons of simple lives, successful or not, spread more easily  So people end up believing all lives are simple  And so end up surprised by the complexities of their own"
"993329430373191681","Mon May 07 03:19:26 +0000 2018",99,22,121,0,"You had one job 🙄  “Most notably, the test subjects read paragraphs in Courier New, a fixed-width font similar to the old typewriters, and rarely used on modern computers.”  How do you manage to design an experiment that leaves out the one variable worth testing? https://t.co/R7JOwXIncC"
"813270743303667712","Mon Dec 26 06:30:29 +0000 2016",96,25,121,0,"In humans survival of fittest is a fight between the fittest with imposter syndrome and the unfit who are certain they are the fittest"
"1116390273049710592","Thu Apr 11 17:19:17 +0000 2019",118,2,120,0,"I have finally found the perfect profile pic."
"1010992922437677056","Sun Jun 24 21:07:50 +0000 2018",113,7,120,0,"It’s not a good idea to teach at the edge of your own knowledge. You’ll likely mislead people who grok less, and look like an idiot belaboring the obvious to people who grok more. Either drop the didactic posture or target level n-3 so you can see 2 steps ahead of students."
"1366284518781411332","Mon Mar 01 07:09:48 +0000 2021",113,7,120,0,"Lifestyle design is easy. It’s the debugging that takes time."
"1312503509137256448","Sat Oct 03 21:23:16 +0000 2020",112,8,120,0,"The actual biggest story of the week... the possible beginning of the end of air travel as a common thing. https://t.co/tdooDtodcJ"
"1049856050105483264","Wed Oct 10 02:56:02 +0000 2018",107,13,120,0,"When I snap out of procrastination, it is *never* by willing myself to be a better person. It is always some sort of breakthrough. It almost invariably turns out that my brain decided to wait for a good reason."
"1211052161091551232","Sat Dec 28 22:31:50 +0000 2019",102,18,120,0,"Money forms an amnesiac boundary condition. The moment you solve a problem with money you forget what it’s like to have the problem at all and consider the idea that others still have it a conspiracy theory."
"937375353063874560","Sun Dec 03 17:37:54 +0000 2017",98,22,120,0,"Reading Daniel Yergin's excellent The Quest on the oil industry, it strikes me that most crypto-sovereign individuals and startups are going to be like micro petro-states in their economic behavior.   Crypto people should really read/learn about the oil industry."
"1187973320777404416","Sat Oct 26 06:04:45 +0000 2019",111,8,119,0,"I saw an bizarro-social media person today  No twitter No facebook No blog No instagram No tiktok No gab No 4chan  Just maintaining a LinkedIn profile  Like a psychopath"
"1171186410881277954","Mon Sep 09 22:19:34 +0000 2019",111,8,119,0,"Astrology is nonsense, but what makes it particularly valuable is that it is *complete* nonsense in a way myers-briggs for eg is not. It is valuable for personality theorizing the way random number generators are good for algorithm design"
"1307443552268369920","Sat Sep 19 22:16:48 +0000 2020",108,11,119,0,"Small brain: Reading to confirm what you believe and derp it better  Medium brain: Reading to disconfirm, in a show of tedious falsificationist piety  Big brain: Critical close reading to deconstruct and reconstruct until enlightened  Galaxy brain: Reading to write fan nonfiction"
"1326370036835971072","Wed Nov 11 03:43:54 +0000 2020",106,13,119,0,"Goal directed planners really fail to account for the open-ended optionality creation and harvesting of reactive opportunists. You don’t need a goal. You just need to not want emerging outcomes and ability to derail them towards anything else. https://t.co/v55TyARLAN"
"987718223813459970","Sat Apr 21 15:42:30 +0000 2018",103,16,119,0,"Culture wars seem loosely age-segregated  People in 20s seem to fight about sex/gender, IQ stuff, cultural representation  People in 30s seem to fight about ideological superiority/weaknesses and economics theories  People in 40s about institutional control  50+: jobs, healthcare"
"1221645000997388290","Mon Jan 27 04:03:59 +0000 2020",102,17,119,0,"Books are heavy cavalry with plate armor. Tweets are modern bullets.🤔"
"994473067265982466","Thu May 10 07:03:50 +0000 2018",96,23,119,0,"The eating is over. Software is now barfing the world."
"861601198234783744","Mon May 08 15:18:28 +0000 2017",81,38,119,0,"Knowledge depreciation and unexpected life turns make us all autodidacts by 30. So might as well get good at it when young."
"1461430884607750144","Thu Nov 18 20:27:29 +0000 2021",114,4,118,0,"uncanny how peter jackson is basically george lucas 2.0  star wars --&gt; lotr indiana jones --&gt; district 9, king kong shitty prequels --&gt; shitty hobbit ILM --&gt; Weta sold to disney --&gt; sold to unity beard --&gt; beard"
"1095419396279812096","Tue Feb 12 20:28:30 +0000 2019",104,14,118,0,"Do you want to be part of the problem or part of the other problem?"
"1046929347242733568","Tue Oct 02 01:06:22 +0000 2018",100,18,118,0,"Interestingly enough, institutionalized meritocracy always selects for mediocrity, not excellence. Actual excellence is a subversive threat to models of merit."
"1121235424741974016","Thu Apr 25 02:12:11 +0000 2019",99,19,118,1,"@nrose Dude... clearly you need to study early Buddhism more closely. Guy was power-pointing before PowerPoint   8 fold path, 4 noble truths, 3-part org structure of Buddha, Sangha, Dhamma. The ppt makes itself. Dude was a total management consultant. Just missing the 2x2."
"1046204184771461120","Sun Sep 30 01:04:49 +0000 2018",98,20,118,0,"Wow. This is hilarious. Gates has a good sense of humor. https://t.co/JTkhKdXBlM"
"1229978990762315776","Wed Feb 19 04:00:17 +0000 2020",117,0,117,1,"@Conaw Nurse that beef and win big without YC. Make their regret portfolio."
"1280635838204751872","Tue Jul 07 22:52:31 +0000 2020",113,4,117,0,"I think this is a very American thing because Americans never quite leave high school https://t.co/zvq2eGf8Dq"
"1498381783917756416","Mon Feb 28 19:37:10 +0000 2022",110,7,117,0,"Feels like at least in the global financial system, world war 3 has already started. The sheer complexity of actions and effects are comparable to the complexity of planning and executing a physical military campaign."
"1037940658206461953","Fri Sep 07 05:48:31 +0000 2018",104,13,117,0,"Life doubles in dimensionality every decade. If your ability to simplify it back down doesn’t keep pace, you slow down to a crawl.   Or to put it another way, “life experience” is learning to say “no” to 2x as many things per “yes” every decade."
"1259367706635067393","Sun May 10 06:20:33 +0000 2020",104,13,117,0,"That awkward mid-game of collapse where it’s too late for clever stock market trades but too early to start forming your mad max tribe"
"1241802749445935104","Sun Mar 22 19:03:41 +0000 2020",114,2,116,0,"Actually using my balcony regularly to read and work for the first time in 8m in this apartment.  I’ve often rented places with balconies and ended up  not using them and regretting the higher rent.   Now I know. Balconies are quarantine insurance. Really glad to have one rn. https://t.co/AfcEIuyvOg"
"1434734204076523521","Mon Sep 06 04:24:24 +0000 2021",106,10,116,0,"If there was a grift index for the US it would be climbing rapidly"
"946774428926459904","Fri Dec 29 16:06:28 +0000 2017",95,21,116,0,"MyTurnism: If your political ideology is 100% driven by fighting oppression and exploitation when not in power, your governance will be 100% driven by extraction and profiteering when in power.  Purely palliative political ideologies inevitably turn corrupt at the first chance"
"875583350240559106","Fri Jun 16 05:18:32 +0000 2017",92,24,116,0,"Uh no. That's like saying the ability to print emails makes email the same as paper mail. Don't let rage against the tech bros blind you. https://t.co/xZeSyvilbv"
"1006982414130806784","Wed Jun 13 19:31:31 +0000 2018",91,25,116,0,"The worst part of the social psychology crisis is that you can’t just choose to believe the opposite of whatever conclusion was undermined. It just goes back to the hunch board. The studies were mostly not even wrong in a useful way."
"712381444325122048","Tue Mar 22 20:52:26 +0000 2016",71,45,116,0,"From ""What Can We Learn From the Prolific Mr. Asimov?"" by @farnamstreet https://t.co/x9pSTXbGer https://t.co/WzYYOgS7O5"
"1333239830755516416","Mon Nov 30 02:42:00 +0000 2020",112,3,115,0,"Yet another day when the answer to the question of life, the universe, and everything turns out to be “you’re dehydrated, drink more water”"
"1368672585479716864","Sun Mar 07 21:19:07 +0000 2021",108,7,115,0,"Learning the art of not being managed is a prerequisite for learning the art of not being governed"
"1092683416766541824","Tue Feb 05 07:16:42 +0000 2019",107,8,115,0,"I've spent a good chunk of the last decade of my life thinking/writing about how to deal with individual sociopaths. Defense against vampires basically. I'm now getting interested in defense against zombie mobs that have escaped control of sociopaths who created them."
"1499200765860089856","Thu Mar 03 01:51:31 +0000 2022",105,10,115,0,"Buying stuff &lt; buying experiences &lt; buying your time back"
"1046900845583843328","Mon Oct 01 23:13:06 +0000 2018",102,13,115,0,"Talent hits the target others can’t hit  Genius hits the target others can’t see  Mediocrity sandbags today to live to fight another day  Premium mediocrity sandbags while pretending to aspire to talent and admire genius"
"1540825198152232960","Sat Jun 25 22:32:09 +0000 2022",100,15,115,0,"Your life flashing before your eyes is really the simulators retrieving the log file for analysis"
"913550590101221376","Thu Sep 28 23:46:48 +0000 2017",81,34,115,0,"This might be the best McSweeney's since the Comic Sans one https://t.co/xpDyBmnLub"
"1469438818050658306","Fri Dec 10 22:48:09 +0000 2021",109,5,114,0,"Web3 has driven the largest spike of conversions from pioneer to settler I’ve ever seen in my life. Half the people I had tagged as explorer types have now tagged themselves upstanding citizens. It’s like when boomer hippies got jobs in 1975-80 or so. A 0-1 phase shift."
"1237932148746674176","Thu Mar 12 02:43:18 +0000 2020",107,7,114,0,"The financial market is like a religion you're forced to join. I really don't want to devote any brain cycles to thinking about The Market and What It is Thinking and How to Win Its Favor for My Portfolio, but like everybody else I have to. Passive investing is agnosticism."
"1191496621437018112","Mon Nov 04 23:25:06 +0000 2019",105,9,114,0,"things get monetizable just when they get uninteresting"
"1054788660510449664","Tue Oct 23 17:36:28 +0000 2018",100,14,114,0,"The use of NPC as a slur is either deeply ironic, or deeply prophetic, depending on whether you think gaming in the future is going to be an OS for civilization or continue as a place to park inconsequential humans in a place of relative psychological stability."
"1169048234968305665","Wed Sep 04 00:43:13 +0000 2019",100,14,114,0,"Medicine has a good term, “Idiopathic” to mean “we have no clue what’s going on, but we’re still the experts you should defer to”. It indicates an expert ignorance  All fields need a term like that.  How about we use “cryptodynamic” for matters of expert engineering ignorance?"
"1010047882756411392","Fri Jun 22 06:32:35 +0000 2018",94,20,114,0,"FAQ  Q: What species of bird is the twitter bird?  A: canary. In the coal-mine of civilization.  Q: So why is it blue instead of yellow?  A: Yellow looks blue in the dark"
"1574602552833777664","Tue Sep 27 03:31:17 +0000 2022",108,5,113,0,"Cromulent point. And you can’t embiggen the namespace either https://t.co/j4Y81ilY5Q"
"1222797669657001984","Thu Jan 30 08:24:17 +0000 2020",106,7,113,0,"Blue pill no question https://t.co/gXdXwcfVlL"
"1020699318913720320","Sat Jul 21 15:57:35 +0000 2018",102,11,113,0,"You can develop a deep and narrow interest  anytime in life, but I’ve never met anyone who developed breadth of interests and curiosities late in life. You have like one shot in your early 20s. Once you develop a narrow/deep interest or two, you can no longer go broad."
"1190136597594832896","Fri Nov 01 05:20:51 +0000 2019",102,11,113,0,"Get 8 hours of sleep a day, drink 8 glasses of water, eat healthy and exercise, and be slightly mean to everybody  That’s the formula, the only question is what it computes"
"1058496504329949184","Fri Nov 02 23:10:07 +0000 2018",101,12,113,0,"Language is an underrated source of cognitive leverage. 🤔  I’m at least 3x smarter in English than in Hindi, due to language characteristics alone, like bigger, more modern vocabulary, non-gendered nouns etc (net more like 5x since my Hindi is also relatively weaker)"
"1039388823346507776","Tue Sep 11 05:43:01 +0000 2018",101,12,113,0,"Twitter IS the great filter. Those survive the toxic mental health burden of filtering signal from noise here will go on to create interstellar civilization. 😎  We’ll see how it goes. The first ship to head to Alpha Centauri may well be full of Nazis and edgelords. USS Pepe."
"1269336352350298113","Sat Jun 06 18:32:24 +0000 2020",98,15,113,0,"Last 4 months since lockdown began have had the feel of an airport terminal waiting area post-security with a delayed flight that may be canceled. Can’t leave, nice environs, but limited options and uncomfortable seats. And can’t really relax till you’re on the plane taking off."
"1154051927010770944","Wed Jul 24 15:33:15 +0000 2019",92,21,113,0,"Humanity’s last message broadcast to the stars will be “the actions of a few do not reflect our values as a species or who we are as a planet.”"
"922226524287152129","Sun Oct 22 22:21:52 +0000 2017",90,23,113,0,"I know a guy who doesn't think this https://t.co/wOMTsT8Qsj"
"1600332123684360193","Wed Dec 07 03:31:25 +0000 2022",112,0,112,0,"Driving by to boost this Robin Sloan thing. https://t.co/jf8kSxAw3P"
"1245542139099897857","Thu Apr 02 02:42:41 +0000 2020",108,4,112,0,"We so need cryogenic freezing. If it existed, most of us would just climb into a human freezer in a warehouse with $50/month rent, set dial to 2 years, and wake up then. I’d probably do that. I’d leave instructions to be woken up if anyone needs emergency 2x2s."
"1473356524084887556","Tue Dec 21 18:15:43 +0000 2021",106,6,112,0,"unnecessary hard work is the root of all evil"
"1019468422562787329","Wed Jul 18 06:26:27 +0000 2018",102,10,112,0,"A good things about modernity is that you don’t have annoying people going around starting sentences with “verily I say unto you...”  That must have been really tiresome. You just want to chill after a long day chopping wood and some dude wants to verily say things unto you"
"930974023902674944","Thu Nov 16 01:41:18 +0000 2017",102,10,112,0,"The quality of online essays has ruined recent nonfiction books for me. Most are thoroughly mediocre by the standards of the best online longform essays."
"1458899038015680526","Thu Nov 11 20:46:50 +0000 2021",102,10,112,0,"whoa shit getting real here https://t.co/CEQ9lloaXZ"
"1450713068124598277","Wed Oct 20 06:38:43 +0000 2021",102,10,112,0,"Automation is the art of replacing one person doing a full-time job with a thousand people doing 5-minute software admin tasks every few months (6 minutes if you forgot your password)."
"1081789589549809664","Sun Jan 06 05:48:31 +0000 2019",97,15,112,0,"The amount of mediocrity in the world can be measured by the extent of the failure to keep resolutions  Excellent people stick to resolutions. Crappy people never make them in the first place.   We mediocre people make them and then give up easily at the first sign of difficulty."
"967167738304086016","Fri Feb 23 22:42:12 +0000 2018",97,15,112,0,"Most think tanks are intellectual firewalls around entrenched ideologies that have secured profitable rents.  They can maintain a detente under superficial conflict but lack serious offensive capabilities.  Most idea economy equilibrium shifts are due to radical flank effects."
"1006994570901536768","Wed Jun 13 20:19:49 +0000 2018",96,16,112,0,"The Marvel Cinematic Universe (MCU) is the second biggest source of mythology for modernity.   The first is the Social Psychology Academetic  Universe (SPAU), bringing you beloved subhero characters like PrisonGuardMan, PowerposeWoman, Marshmallow Boy.  Some artist pls illustrate"
"564944880552525825","Tue Feb 10 00:32:10 +0000 2015",68,44,112,0,"I repeat: the world can remain unfair longer than you can remain outraged. Find a different emotion to drive your behaviors."
"1028451207570894848","Sun Aug 12 01:20:50 +0000 2018",110,1,111,1,"@gravity_levity Whoa I can’t wait for the exciting climax here"
"1117249865178697731","Sun Apr 14 02:15:00 +0000 2019",108,3,111,0,"I don’t get May. Every month has a clear personality in my head except for May.  J: New year F: shortie Mar: spring A: Taxes May: ? Jun: 50% Jul: Summer Aug: Armpit S: Panic, nothing done this year O: Give up, nothing will get done  N: Birthday D: Crash"
"1157868461759946754","Sun Aug 04 04:18:48 +0000 2019",102,9,111,0,"Life really messes with you. You take it too seriously when you don’t need to, for a couple of decades, and just when you decide to chill and have fun with it, it gets into snowballing seriousness mode. And in ways that makes your previous seriousness useless as preparation."
"1030312565652353024","Fri Aug 17 04:37:12 +0000 2018",91,20,111,0,"I’m waiting for the penny to drop where people realize that online community/platform moderation and immigration politics in meatspace are the exact same problem. I think people don’t see this because relatively few of us have direct and sufficiently painful experience of both."
"929801108792295426","Sun Nov 12 20:00:33 +0000 2017",86,25,111,0,"No war plan survives first contact with the enemy  No marketing plan survives first contact with customers  No political philosophy survives first contact with the stupid  No religion survives first contact with the curious  Any other good ones in this template?"
"462055551812521984","Fri May 02 02:26:42 +0000 2014",72,39,111,0,"""Effort shock"" is probably the concept I struggle most to explain when people misguidedly ask me for advice. http://t.co/EOfDmmWlcw (1/2)"
"737876115285479425","Wed Jun 01 05:19:09 +0000 2016",69,42,111,0,"The end-state of being eaten by industrialization is commoditization. The end-state of being eaten by software is artisanization."
"1225281538989838337","Thu Feb 06 04:54:18 +0000 2020",108,2,110,0,"gpt2 is gaslighting me 😱. It generated this. —- “As a result, I've been writing more and more about how I'm a ""loser"" and ""loser"" in the sense of having lost the plot of my own story.   It's been a very interesting year in the weirding. “"
"1175201118189522944","Sat Sep 21 00:12:35 +0000 2019",107,3,110,0,"Having done it for a couple of months now, I realize why podcasting has exploded: modulo production tech, it's 10x easier for producers, even though it's much unfriendlier content form for consumers."
"1297073806096228352","Sat Aug 22 07:31:08 +0000 2020",101,9,110,0,"Thought to close out the week: Never mistake access for intelligence. The smarter the environment, the more the two look alike."
"1029942705332207616","Thu Aug 16 04:07:31 +0000 2018",100,10,110,0,"You know the term foolproof? As in designing things so even fools can’t screw up?  We need a term like assholeproof or jerkproof. You can’t block dedicated intelligent malice but it should be possible to design against casual malice rather than relying on civility norms"
"1153060709648834561","Sun Jul 21 21:54:30 +0000 2019",100,10,110,0,"I want Canceled Reality much more than I want Augmented Realoty or Virtual Reality   Mute ambient music and/or noise Black out ambient light   Most things in reality needs mute/block buttons like social media. Especially human constructed parts."
"1482747945120256005","Sun Jan 16 16:13:52 +0000 2022",99,11,110,0,"The overworked —&gt; underpurposed frame shift is really helpful. Good hack to apply it: Instead of asking “is this too much to take on” ask, “under what circumstances would this NOT feel like too much.” Exact same to-do list can feel lighter or heavier depending on  purpose."
"1074533135214231552","Mon Dec 17 05:13:57 +0000 2018",98,12,110,0,"Heh found Peter Thiel “secret” idea hiding in a Terry Pratchett book (Jingo, 1997, 4th book in city watch series). Very appropriate for present times. https://t.co/dGJmC4xMPW"
"939908767293960193","Sun Dec 10 17:24:47 +0000 2017",89,21,110,0,"I saw the premium mediocre minds of my generation vanish into darkness,  past the event horizons of their own consensual hallucinations,  falling through the twitter feeds towards light, looking for an exit"
"488822922312564736","Mon Jul 14 23:10:41 +0000 2014",60,50,110,0,"Reality is that which, when you run out of money, you can no longer ignore."
"1363575567988125700","Sun Feb 21 19:45:24 +0000 2021",108,1,109,0,"Sitting is not the new smoking. It’s a lousy analogy. We’re designed for it. 8 hours is probably bad, but the optimal amount is not 0.   We like it too much and will never stop. Even animals sit around a lot. Ape troops for eg. If sitting is smoking my cat is a chain smoker."
"1461153489699033088","Thu Nov 18 02:05:13 +0000 2021",105,4,109,0,"Wise person once told me: you’re always going to piss off some group if you try to do anything at all, and the trick is to piss off the right people.  I have since modified to: piss off a unique set of people. If your hater list matches another person’s too much it’s just a tribe"
"1436586414464929800","Sat Sep 11 07:04:26 +0000 2021",103,6,109,0,"Things not open enough to enjoy the world, things not closed enough to enjoy home  Pandemic is now in annoying purgatory stage"
"1193380982302412801","Sun Nov 10 04:12:52 +0000 2019",98,11,109,0,"What decision to spend/not-spend seemed...  1. extravagant at the time but great value in retrospect?  2. extravagant at the time and confirmed to be in retrospect?  3. frugal at the time but costly in retrospect?  4. frugal at the time and confirmed to be in retrospect?"
"1078485687337271297","Fri Dec 28 02:59:59 +0000 2018",96,13,109,0,"Driving is becoming the Unix shell of meatspace for me. I dislike doing it, do so with decreasing frequency, grab every available bit of automation to avoid it, but haven’t escaped need entirely.   And to think I was once proud of learning both. Coming of age vanities are dumb."
"1015730685896622080","Sat Jul 07 22:54:01 +0000 2018",94,15,109,0,"Small dogs are like legacy enterprise branches of ‘wolf’ that nature stopped supporting several versions ago, and must now be maintained in-house."
"952730358738382848","Mon Jan 15 02:33:13 +0000 2018",92,17,109,0,"A robust truth is one that is strengthened by every bit of added context  If adding context weakens your assertion steadily until it dissolves into noise, you basically lied"
"1253198403212685312","Thu Apr 23 05:45:57 +0000 2020",92,17,109,0,"There’s going to be a parallel economy coming out of all this"
"1020087059422228481","Thu Jul 19 23:24:41 +0000 2018",90,19,109,0,"Optimization is a suboptimal primary mental model for decision making  Preference ordering should not be your first preference for analyzing preferences  There are more cons than pros to weighing pros and cons   My priors are that using priors to frame decisions is a lousy idea"
"931044880633049088","Thu Nov 16 06:22:52 +0000 2017",89,20,109,0,"The closer you get to leisure class the more ambitions barbellize: trivial, like seeking out the best chips, or save-the-world. Nothing in between.  Does not bode well for postscarcity utopian dreams. They will be unstable."
"583107289516658688","Wed Apr 01 03:23:06 +0000 2015",69,40,109,1,"@cdixon ""there are decades when nothing happens, and there are moments when decades happen"" -- Lenin"
"1056257506698088448","Sat Oct 27 18:53:08 +0000 2018",68,41,109,0,"Poll: What emotional state do you get into if you catch up on current events and politics news for say 30 minutes?"
"1082733320167874560","Tue Jan 08 20:18:34 +0000 2019",107,1,108,0,"Anyone actually *want* to learn management consulting from me? With the caveat that I can’t promise jobs or gigs (and therefore can’t pull off lambda school type no-fees-upfront models)"
"1321306992477130754","Wed Oct 28 04:25:10 +0000 2020",105,3,108,0,"Third rock from the sun was a very underrated show"
"1593438603564134405","Fri Nov 18 02:59:02 +0000 2022",102,6,108,0,"People acting like if they die on twitter they die in real life 🙄"
"1438026281333837831","Wed Sep 15 06:25:57 +0000 2021",101,7,108,0,"geodysphoria: unhappiness living wherever you are and wanting to move and settle somewhere else indeterminate"
"1112919310807195648","Tue Apr 02 03:26:55 +0000 2019",101,7,108,0,"I respect some books too much to actually read them"
"1195466863196557312","Fri Nov 15 22:21:25 +0000 2019",98,10,108,0,"I just realized I genuinely like playing to caricatures of me that people might hold. Discover the cartoon view people have of you and own it to absurdity. Usually there is some truth to it that people are picking up on, but don’t fully realize the implications actions of."
"1293390830359597056","Wed Aug 12 03:36:18 +0000 2020",92,16,108,0,"Feels like other countries should send election observers to the US at this point. Virtually if not physically."
"796249533596450817","Wed Nov 09 07:14:17 +0000 2016",76,32,108,0,"More true than people realize. SV companies will turn into cultural fortresses very rapidly. Corporate city-state Renaissance Italy. https://t.co/ut82nxoJEq"
"633688133947670528","Tue Aug 18 17:13:19 +0000 2015",68,40,108,0,"Half of advanced communication skills is learning sophisticated ways to tell people they're wrong while letting them save face gracefully."
"1531329752086110208","Mon May 30 17:40:38 +0000 2022",104,3,107,0,"The 9 scariest words in the English language are ""I just have to set up my dev environment""  Been stuck at this ""just"" for my rover project for over a month https://t.co/iCvtzg9flE"
"1341453590620110848","Tue Dec 22 18:40:33 +0000 2020",102,5,107,0,"I’m not an artisan, I just suck at scaling. I mass produce one-offs."
"1258200886293131266","Thu May 07 01:04:02 +0000 2020",98,9,107,0,"Full-stack has a whole new meaning now. It means you have marketable skills at every level of stack breakdown from extreme weather to pandemic quarantine to mad max. I’m fairly resilient so long as Internet is up and running I think. Need to beef up Internet-down survivability."
"1299195551955648512","Fri Aug 28 04:02:12 +0000 2020",96,11,107,0,"Off the top of your head, what is the most ridiculous but not obviously impossible device or gadget you’d design and build if you had engineers and technicians helping you? Ie just the idea/basic operating concept..."
"1047971913950158848","Thu Oct 04 22:09:09 +0000 2018",89,18,107,0,"50% of ‘business skills’ is just knowing how to interrupt and be interrupted in business meetings."
"1008869574681325568","Tue Jun 19 00:30:25 +0000 2018",88,19,107,0,"The parallels between AI and the 1950s/60s organic chemistry revolution are quite astounding. Plastics, pharmaceuticals etc really were the first AI revolution. Just done by programming atoms rather than bits."
"981589173298634752","Wed Apr 04 17:47:50 +0000 2018",86,21,107,0,"Symbolically, it feels like Trump v. Bezos is the yin-yang cosmic struggle of our era. Much more than globalist vs. nationalist or left vs. right or populist vs. authoritarian. Whatever the difference is between them, it's the ""it"" difference of history right now."
"475487932938084353","Sun Jun 08 04:02:12 +0000 2014",48,59,107,0,"2050: Driverless Cars DevOps Union (DCDU) protests introduction of teleport booths as ""unproven and potentially dangerous to customers."""
"1396323953702891520","Sun May 23 04:35:47 +0000 2021",101,5,106,0,"This is my favorite kind of visual gag https://t.co/fJzsqvi2PX"
"1133147823770177536","Mon May 27 23:07:48 +0000 2019",97,9,106,0,"If AI and CGI were good enough you could make as many versions of the Captain Marvel movie as people wanted at near zero marginal cost: male, female, black, white, gay, straight...   A representation problem turned into a customization problem"
"1150222811694108673","Sun Jul 14 01:57:43 +0000 2019",95,11,106,0,"Arbitrage opp: 2x engineers. By 80-20 rule, they will do 80% of what 10x engineers can do for typical projects and will be much more readily available. If you don’t need the last 20% esoteric skills like quantum blockchain, you’re good.  80-20: The OG mediocrity hack."
"1346991571070185472","Thu Jan 07 01:26:31 +0000 2021",94,12,106,0,"Culture ship names inspired by the day’s events 🤔"
"1249082741028564992","Sat Apr 11 21:11:46 +0000 2020",91,15,106,0,"Most NRI thing ever https://t.co/N4D8rAKAIA"
"796231586731593729","Wed Nov 09 06:02:58 +0000 2016",82,24,106,0,"Resist urge to blame Comey, 3rd parties, Millennial idealism. This is a build-up of dark energy that would have found another pathway anyway"
"1365011703478382592","Thu Feb 25 18:52:05 +0000 2021",101,4,105,0,"I *want* to like NFTs but they still seem too incomplete an idea somehow. A piece of a much larger puzzle."
"1128065261616021504","Mon May 13 22:31:31 +0000 2019",96,9,105,0,"Everybody I know who understands both computers and organizations at say college level believes in some version of “corporations are AIs” at a fairly literal (&lt; 50% metaphoric) level. But there’s no good essay on this idea."
"1008084616534560769","Sat Jun 16 20:31:16 +0000 2018",94,11,105,0,"The biggest ideological divide today may be between serious and not-serious people. Non-seriousness is a serious/rational response to (unevenly distributed) leisure/abundance. Political impotence+economic privilege = levity as ideology."
"1106073004289646592","Thu Mar 14 06:02:08 +0000 2019",93,12,105,0,"The secret to a meaningful life: Your top interest should be useless, even to yourself, but not a mere hobby or below-marketable-quality amateur skill. Your life McGuffin. Anything “useful” is measured by its ends. The useless thing at the end of all is the measure of everything."
"963900944546086912","Wed Feb 14 22:21:08 +0000 2018",90,15,105,0,"We are memetic ruminants. We ruminate on thoughts the way cows do on food. They have 4 stomachs and one mouth. We have ~4 major brain regions that process in distinct ways, and 1 cartesian theater (brain mouth) for active thought chewing."
"1032855523190759424","Fri Aug 24 05:02:00 +0000 2018",88,17,105,0,"While we were busy gawking at politics, tech weirding has accelerated to unhinged levels. As somebody noted recently, we’re basically past sci-fi imaginings into territory uncharted even in fiction."
"1557398597536063488","Wed Aug 10 16:08:55 +0000 2022",87,18,105,0,"This effect is quite astounding https://t.co/0PXdxuIvEe"
"943695049732194304","Thu Dec 21 04:10:07 +0000 2017",84,21,105,0,"The Last Jedi reminds of enterprise software. And not in a good way. Designed by a committee in response to reqs written by chair of fan club, high-rank redditors, the Chinese government, and a diversity and ethics auditing firm.   I bet the damn thing is Sarbanes-Oxley compliant"
"729863741957754880","Tue May 10 02:40:50 +0000 2016",71,34,105,0,"Ironic that we are inching towards a low-price rather than a high-price oil apocalypse. Mad Min instead of  Mad Max future"
"886395588144648192","Sun Jul 16 01:22:31 +0000 2017",64,41,105,0,"RIP Maryam Mirzakhani https://t.co/lq50tjifOF"
"1394144383956516865","Mon May 17 04:14:57 +0000 2021",102,2,104,0,"This needs to be a parody movie. Like Tropic Thunder. https://t.co/NmFvQFG9MI"
"1152415477827694592","Sat Jul 20 03:10:35 +0000 2019",102,2,104,1,"@fortelabs Everyday annoyances Analyzing people I dislike Trying to avoid effort Thinking about cliches and tropes Jokes I enjoy Bad questions Analogies and metaphor"
"1473399314156179459","Tue Dec 21 21:05:45 +0000 2021",101,3,104,0,"I've never gotten addicted to a more completely useless concept than bouba/kiki. There are literally no stable valences. The pair is a semantic WMD."
"1371212023820820481","Sun Mar 14 21:29:57 +0000 2021",101,3,104,1,"@fortelabs Visible shit"
"1425673943290048517","Thu Aug 12 04:22:10 +0000 2021",100,4,104,0,"We should just do this anyway https://t.co/Z0I2omF2bv"
"1347801007464480769","Sat Jan 09 07:02:55 +0000 2021",98,6,104,0,"Of course you have to make up the rules as you go along 🙄  The other way is called religion"
"988196813281804288","Sun Apr 22 23:24:14 +0000 2018",97,7,104,0,"If you acquired fuck-you $, how long would you be able to hang out on the beach/travel before you went nuts and started a new thing?  If you’ve done this already, how long did you last in leisure society?  Call it fuck-off number, measured in months.  I suspect mine is 3 months"
"964635304773664768","Fri Feb 16 22:59:13 +0000 2018",95,9,104,0,"You have to be kinda happy to market well. At the risk of sounding sappy, you need a certain lightness in your heart. Which is why shallowness can help you fake it (but not truly make it).  People who feel the world’s burdens resting heavily on their shoulders cannot market well."
"1536457016557703168","Mon Jun 13 21:14:33 +0000 2022",94,10,104,0,"The correct antonym of “strategic” is “exhaustive” not “tactical”"
"955961020601679872","Wed Jan 24 00:30:42 +0000 2018",94,10,104,0,"An ounce of physiological insight generally eliminates about a pound of psychological BS  “I have anxiety and depression from work stress; it must be this bad quarter and that delayed project”  *drinks some water*  “Wait scratch that, I was just dehydrated”"
"951980455913406464","Sat Jan 13 00:53:22 +0000 2018",94,10,104,0,"I have an allergic reaction to things like PMP certifications, Lean Six Sigma etc.  They are religions, and the certifications are theology certifications/purity tests.  Take a bunch of academic things without crediting sources, wrap in bullshit packaging, add some theology, sell"
"1316152692763312130","Tue Oct 13 23:03:49 +0000 2020",89,15,104,0,"Business: Everything is best done by the person best at doing it.  Nonprofit: Everything is best done by the person who most wants to do it.  Politics: Everything is best done by the person who least wants to do it."
"970455457608290304","Mon Mar 05 00:26:25 +0000 2018",83,21,104,0,"It’s funny how we use twitter for multiplexed culture-warring and entertainment. It’s like if soldiers facing off in trenches alternately shot at each other and yelled knock-knock jokes at each other.  This cyberpunk future has some basic architectural problems."
"1208134391018356736","Fri Dec 20 21:17:39 +0000 2019",95,8,103,0,"In the last year, I've seen the demand for prophets and messiahs skyrocket for whatever reason... if you want to get in on the messiahing game, now is your chance"
"1402397353374408705","Tue Jun 08 22:49:18 +0000 2021",94,9,103,0,"I’ve always felt “satoshi is/was an nsa employee/team” theory didn’t get enough play. Or some other country’s agency, though that seems very unlikely.  It’s my lab-origin hypothesis about Bitcoin 🤣 https://t.co/JwntwofrH1"
"1250942117980979201","Fri Apr 17 00:20:16 +0000 2020",94,9,103,0,"Money as compensation for work is an absurd mental model to have right now. Go brrr is changing the fundamental meaning of money. I don’t know what it means anymore."
"1172590780805873664","Fri Sep 13 19:20:02 +0000 2019",94,9,103,0,"I forgot how much difference a large visual workspace makes... 15 minutes with 4x3 whiteboard and I figured out something that was defeating me on index cards and laptop-screen scapple mindmaps and notebook paper. It's not good for everything, but when it works, it works."
"1001684075671904256","Wed May 30 04:37:48 +0000 2018",93,10,103,0,"I have the shortest version of my critique of GDPR  It is continent-scale virtue signaling"
"1324094508221386753","Wed Nov 04 21:01:45 +0000 2020",101,1,102,0,"this is kinda sad on multiple levels https://t.co/rKSRhUAYda"
"1535858015491854336","Sun Jun 12 05:34:20 +0000 2022",100,2,102,0,"Lately I find when I’m stuck, trying out a different base emotion is often more effective in getting unstuck than trying to reframe from a different perspective intellectually"
"1523768773517344768","Mon May 09 20:56:00 +0000 2022",99,3,102,0,"If you could ask 1 question of an infallible oracle 30 seconds before you die, what would it be?"
"1202817128467845121","Fri Dec 06 05:08:45 +0000 2019",99,3,102,0,"I have discovered the ultimate antiaphorism: “this is incorrect.”  If someone offers a glib aphorism as an argument, defense, definition, or insight, you can use “this is incorrect” to okboomerize it. Don’t offer a reason. It only works as a fiat rejection if left unjustified."
"1008574635086995456","Mon Jun 18 04:58:26 +0000 2018",98,4,102,0,"I’ve had this idea for a time travel story, “The Unwhatiffable Man”, for a while. Still working out the fake physics/modal logic, but basically the main character would be a multiverse constant. No matter which timeline he traveled to, his own life would be the same shitty one."
"1047921564983816193","Thu Oct 04 18:49:05 +0000 2018",97,5,102,0,"You've heard of homesickness. There is also jobsickness for people who've been feral free agents too long. When homesickness hits you make/eat the comfort food you grew up with.   When jobsickness hits, you make slide decks destined for no meeting in particular 🤣"
"1591318837974421505","Sat Nov 12 06:35:50 +0000 2022",98,3,101,0,"Has anyone ever successfully hidden $500m+ and lived to enjoy it?   Even heads of state with that kind of money socked away can rarely do anything with that kind of money. I doubt Putin will ever get to play with his hidden trillions or whatever.  The heat signature is too strong"
"1348140354399191040","Sun Jan 10 05:31:22 +0000 2021",95,6,101,0,"“Everybody leaves behind unfinished business, that’s what dying is.” — Amos on The Expanse"
"1283553568293675009","Thu Jul 16 00:06:32 +0000 2020",95,6,101,0,"This hack is easily the most boring thing ever to spark a big reaction. We’re all trying desperately to milk some entertainment from an event with almost no drama to it, waiting for a more interesting plot twist."
"1273788599561945088","Fri Jun 19 01:24:02 +0000 2020",95,6,101,0,"Can’t tell wtf is happening with LA rental market. I’m sensing a slight desperation that property managers are trying to hide. They are unable to move units at the price points they want but are trying to avoid lowering rents by increasing incentives.   Insight anyone?"
"1211194085748297728","Sun Dec 29 07:55:47 +0000 2019",95,6,101,0,"That’s it I’m converting to pdf https://t.co/wJc0CBZTQd"
"1236356916621656065","Sat Mar 07 18:23:53 +0000 2020",94,7,101,0,"I’m increasingly starting to believe this thing has been spreading globally for at least several weeks longer than we think. All the containment was closing stable doors after the horse had bolted. The apparent pandemic is a delayed detection pandemic as testing spreads."
"1065129654380486656","Wed Nov 21 06:27:53 +0000 2018",92,9,101,0,"Easily the least compassionate people I’ve ever met are those who’ve broken out of bad circumstances by individual effort. The depth of their contempt and hatred towards those still stuck in prisons they’ve broken out of is astounding. Exit guilt or something."
"1016870897880162306","Wed Jul 11 02:24:49 +0000 2018",88,13,101,0,"There are two kinds of social media activity that matter.  Ones that matter because they embody energy  Ones that matter because they embody information  If they embody both, the activity will go off social media to a more powerful medium. If they embody neither, it’s noise."
"1017916223240065025","Fri Jul 13 23:38:34 +0000 2018",87,14,101,0,"These new indictments spell the end for Trump. He’ll last another 6 years tops."
"1366494720160010243","Mon Mar 01 21:05:04 +0000 2021",87,14,101,0,"The thing about staying above the API is that the API level keeps going up"
"970774926977245184","Mon Mar 05 21:35:53 +0000 2018",86,15,101,0,"If you’re retreating from social media, narrowing info sources to fewer “trusted” ones, and breaking up with friends who suddenly seem to have gone crazy,...  Congrats, you’re a casualty of infowar. If you think of it as mental health/self care, it’s worked even better on you"
"1550933781439123457","Sat Jul 23 20:00:03 +0000 2022",85,16,101,0,"The difference between past and future is that the past doesn’t go away when you stop believing in it"
"1209290682696814592","Tue Dec 24 01:52:20 +0000 2019",84,17,101,0,"Seated meditation: sit cross legged, head bowed, eyes half-closed, palms facing up on lap , fingers interlaced lightly (swipeya mudra), phone cradled lightly in fingers, open to twitter. Breathe gently, scrolling with left thumb, in a rosary counting motion. Like alternate twetes"
"1249153691858452480","Sun Apr 12 01:53:42 +0000 2020",75,26,101,0,"The USPS probably needs to be refactored and modernized for an age of digital communications, but this weaponized attempt at destroying it just before it might be a critical asset to hold elections in a pandemic... yeah Palpatine grade shithead maneuver"
"1598886667829448704","Sat Dec 03 03:47:42 +0000 2022",100,0,100,1,"@TheVunderkind I just posted it a minute ago, you couldn't possibly have read it this fast :D"
"1357902075628163073","Sat Feb 06 04:00:58 +0000 2021",99,1,100,0,"Is it just me or has the world never felt more fraught with lurking Cthulhu-grade systemic risks?"
"1203404715230257152","Sat Dec 07 20:03:36 +0000 2019",97,3,100,0,"Lately I've been hanging out with a lot of respectable academics and realizing just how sketchy I've allowed myself to become 😝  No wonder at 45 my parents still treat me worriedly like a 25-year-old derailee who needs to get back on track.  Derailee is a good word."
"987851294265131008","Sun Apr 22 00:31:16 +0000 2018",94,6,100,0,"There is something bizarre about “high-IQ” as an identity core like with Mensa. Like a trade union of capitalists or a commune of libertarians. Or that South Park joke about the anti-semitic sect of Judaism.  Shouldn’t you be winning Nobels, rather than performing identity?"
"1357932641798946820","Sat Feb 06 06:02:25 +0000 2021",94,6,100,0,"Once more in that bad mood caused by looking up at the sky and realizing I’m never getting off this damn planet."
"1209585184036683776","Tue Dec 24 21:22:35 +0000 2019",94,6,100,0,"The biggest idea I learned this year was probably the power of indices and indexing  Approaching an ideaspace from an index view is attacking a monster via its underbelly"
"1237533211703431171","Wed Mar 11 00:18:04 +0000 2020",91,9,100,0,"What is the top “scene” you’re familiar with where a small group is doing unusual/interesting work? What are they doing?  What’s the anchor? Doesn’t have to be a formal institution like a univ dept/lab. Could be a blog, cafe, coworking/co-living space, corporate workgroup etc."
"1097621019160768513","Mon Feb 18 22:16:58 +0000 2019",90,10,100,0,"De-automation seems like it should be a thing. Reversing automation (cousin to insourcing/onshoring, but from Planet Automation not Asia).   Example: pour-over coffee. Others?"
"973323109599072256","Mon Mar 12 22:21:27 +0000 2018",89,11,100,0,"One reason I’m addicted to Twitter is that most of my curiosities are extremely shallow. I’m content with the first demystifying perspective on a question.   I don’t need the best, most correct, and deepest answer. Just a handle on the question with which to hold it correctly."
"1269315576070959105","Sat Jun 06 17:09:50 +0000 2020",89,11,100,0,"There are 2 kinds of people in the world: those who buy this and those who don’t. https://t.co/alidy99Xy5"
"960029191092674560","Sun Feb 04 05:56:10 +0000 2018",87,13,100,0,"A city-state world where people are born stateless, live with family till 14, &amp; can go walkabout wherever they like 14-18 at which point they auction themselves off to cities based on # of existing citizens who want them there.   Like NFL draft but for cities and everybody. 🤔"
"1162963965720162304","Sun Aug 18 05:46:30 +0000 2019",84,16,100,0,"Just realized this generalizes to: 1950-90 American culture will be the last common ground humanity will share. It’s the genesis block. After this it’s all forks. https://t.co/DYNuTy72NY"
"1059994184306745345","Wed Nov 07 02:21:21 +0000 2018",81,19,100,0,"My current thoughts about political systems https://t.co/tGeSgxu9ES"
"1467331875882487809","Sun Dec 05 03:15:55 +0000 2021",97,2,99,0,"2FA apps being attached to phones increasingly seems like a very bad pattern 😬"
"1120891012002377730","Wed Apr 24 03:23:37 +0000 2019",94,5,99,0,"Values are a form of intellectual laziness"
"979366924403396614","Thu Mar 29 14:37:25 +0000 2018",93,6,99,0,"My theory about why this tweet blew up with so many responses: it ambiguously combines a provocation to virtue-signal with a requirement to actually think for a minute. Reading responses makes you both cringe and curious.   I’m going to call it smart virtue signaling 😎. https://t.co/mPFM5FIUMa"
"1582534665579089923","Wed Oct 19 00:50:41 +0000 2022",91,8,99,0,"What’s your favorite protocol? Defined broadly as rules of engagement for any complex behavioral domain for some mix of humans and/or machines? With link if obscure."
"1318814454285434885","Wed Oct 21 07:20:42 +0000 2020",91,8,99,0,"I blame hustleporn. Nations prosper when they hold space for mediocrity. That way you put 68% of the population to good use instead of 1%. https://t.co/Okt27J92bV"
"1101145708864790528","Thu Feb 28 15:42:49 +0000 2019",89,10,99,0,"A sufficiently mysterious bug is indistinguishable from magic"
"1231119985080074240","Sat Feb 22 07:34:12 +0000 2020",88,11,99,0,"Something good may come of this after all. Figure out remote work at scale properly, eliminate 90% of business travel, shrink air travel to family/personal... take like a 10% chunk out of CO2 emissions. https://t.co/qzrZm91YGR"
"1114059266103504896","Fri Apr 05 06:56:41 +0000 2019",86,13,99,0,"Resumes and job descriptions at their worst are both painstakingly crafted but highly ineffective clickbait designed to miscast not-even-wrong candidates into not-even-real-job roles, leading to a period of entropic loss in the economy."
"1364264599629959169","Tue Feb 23 17:23:22 +0000 2021",84,15,99,0,"“If you actually thought for yourself, you’d think like me”"
"829849544053575680","Fri Feb 10 00:28:43 +0000 2017",67,32,99,0,"You know you've got an Actually Evil™ President when the thought of a terror attack is less scary than thought of how he might exploit it"
"1398710713942626304","Sat May 29 18:39:55 +0000 2021",94,4,98,0,"The more energy you can generate the less philosophy you need"
"1222336725608910848","Wed Jan 29 01:52:39 +0000 2020",92,6,98,0,"Schelling point test (US only).   You and your 12 favorite online friends have to each pick an affordable non-large-metro US city to move to, *without* upfront coordination, but with goal of picking the one they are *also* most likely to pick.   Without peeking, reply with choice"
"1120574749594152960","Tue Apr 23 06:26:54 +0000 2019",91,7,98,0,"I’m genuinely impressed by people who find a limited but evergreen schtick that works, hit a lucrative cruising altitude with it, and then stick with it for decades. It’s like they’ve found their inner Vanna White. I’d like that. Seems kinda relaxing."
"946939093518184448","Sat Dec 30 03:00:47 +0000 2017",87,11,98,0,"Bitcoin was: A New Hope for anarchcapitalist Libertarians.  Now: Ripple is at #2?  I think we can call this... wait for it...  The Enterprise Strikes Back  Next up: The Return of The Crypto  Somebody do episodes I-III and VII-VIII"
"1258172986139439106","Wed May 06 23:13:10 +0000 2020",87,11,98,0,"In other news, it appears the US is effectively ungoverned at the federal level at this point 🤔  this is the future anarchists want"
"1026877090874847234","Tue Aug 07 17:05:51 +0000 2018",85,13,98,0,"There are four kinds of civilizations: real, utopian, dystopian, and Japan."
"1278492529269198848","Thu Jul 02 00:55:46 +0000 2020",85,13,98,0,"Expertise, good faith, influence  Pick 2 of 3"
"1097255303714766848","Sun Feb 17 22:03:45 +0000 2019",83,15,98,0,"If you could use just one photograph to represent human civilization what would it be?   Reply with actual photo if possible."
"1150172880086261760","Sat Jul 13 22:39:18 +0000 2019",82,16,98,0,"There’s a peculiar sadness to discovering that someone you like is stupider than you thought. There’s probably a Finnish word for this. Like discovering a beautiful person is actually a mannequin you happened to see in bad lighting."
"985537779307233280","Sun Apr 15 15:18:11 +0000 2018",79,19,98,0,"Those who don’t play with language are doomed to be enslaved by it"
"908059002377867265","Wed Sep 13 20:05:11 +0000 2017",72,26,98,0,"""Artificial Intelligence"" is a ""horseless-carriage"" grade anachronism. I hereby declare AI now = ""Alienized Infrastructure"". You're welcome."
"1264021725856972803","Sat May 23 02:33:58 +0000 2020",93,4,97,0,"Starting to wonder if the world is fixable. Just endless problems everywhere you look, and mostly just cringe morale-booster ads on the other side celebrating people fighting rearguard actions 🤔"
"1514769206268481539","Fri Apr 15 00:54:56 +0000 2022",92,5,97,0,"People on LinkedIn apparently actually act on the “congratulate X for n year work anniversary” prompt by sending the recommended canned message. They’re so AI ready it’s not even funny. Dalle2 anniversary cards next. Generated from generated text."
"1588682066388217856","Fri Nov 04 23:58:15 +0000 2022",90,7,97,0,"And just like that the foundation of all hustle porn crumbles https://t.co/9rvIG0w2YB"
"1563579314875969536","Sat Aug 27 17:28:53 +0000 2022",90,7,97,0,"Nice tethered-drone tentacle hack… lots of possibilities for this form factor if you can accommodate the tether. Endurance becomes irrelevant and payload goes up since no battery needed and that’s often the heaviest bit.   I want this got my mansion orchard https://t.co/MpWvpzSbTi"
"1084520242217246725","Sun Jan 13 18:39:09 +0000 2019",89,8,97,0,"What are your personal rules for getting luckier?  Beyond the commonly recognized ones like: be in the right place at the right time, spot and join bandwagons early, be open to new experiences..."
"957317180294545408","Sat Jan 27 18:19:36 +0000 2018",86,11,97,0,"Have you noticed that trust and friendship are rarely transitive?  Most introductions don’t work out  Your friend’s spouse is unlikely to become your spouse’s friend  Your kid’s friend’s parent is unlikely to become yours  Exception: kids make friends with your friends’ kids"
"1018734664352059392","Mon Jul 16 05:50:45 +0000 2018",83,14,97,0,"|￣￣￣￣￣￣￣￣￣￣￣| |   We demand equal-       | |    width fonts on Twitter | |＿＿＿＿＿＿＿＿＿＿＿|               (\__/)    ||              (•ㅅ•)   ||             /  　  づ"
"908350597765537792","Thu Sep 14 15:23:53 +0000 2017",70,27,97,0,"Bitcoin appears to have hit ""then they fight you"" stage, thanks to Jamie Dimon and China. Ethereum is at ""then they laugh at you"" stage."
"631585627658555392","Wed Aug 12 21:58:42 +0000 2015",68,29,97,0,"Well, looks like software is about to eat the first serious female presidential campaign."
"692950356872019968","Fri Jan 29 06:00:14 +0000 2016",61,36,97,0,"Paradox: almost nobody likes modernists (I define as 'people who like today better than yesterday by default'), but they win 99% of time"
"1142530210010505216","Sat Jun 22 20:30:03 +0000 2019",94,2,96,0,"Is it just me or do others also find the social feed of transactions on Venmo vaguely creepy?"
"1231428870986878976","Sun Feb 23 04:01:36 +0000 2020",91,5,96,0,"Who wants to take the Mansion Pledge with me?  “I hereby commit to at least half-ass living my life in ways that have a better-than-random chance of acquiring me a mansion, or at least not perversely doing things that lower the chances of acquiring a mansion”"
"1484625396846923778","Fri Jan 21 20:34:12 +0000 2022",90,6,96,0,"Small digital rebellions/protests   - stripping ?utm=crap from urls - landscape video in a portrait video world - removing huge link preview hero images in slack/discord - Capitalizing and punctuating correctly, like a psychopath. - periods after text messages - :) instead of 🙂"
"1378494477568929794","Sat Apr 03 23:47:49 +0000 2021",87,9,96,0,"Is there a good introductory read on like kremlinology but for China?  It’s like I’m not sure what to think about when I think about “China.” The party? Xi? Various powerful families? Their monetary policy?"
"1046471531470106624","Sun Sep 30 18:47:10 +0000 2018",86,10,96,0,"Rereading the Hamming You and Your Research essay, I'm struck by how simple his formula is.   Make your own luck, cultivate drive, make courageous decisions, work on important* questions, learn simple selling skills, avoid bullshit work.  * Important = ""has a feasible attack"""
"941823406260895744","Sat Dec 16 00:12:52 +0000 2017",83,13,96,0,"Fuck-you money is 3 things: a part is just reward for your efforts, a part is hush money from The System, and the rest is the universe just paying you to go away because you're annoying.  Reflect on the proportions in your case, ye rich"
"1051260322344886274","Sat Oct 13 23:56:06 +0000 2018",81,15,96,0,"Don’t answer questions beginning with “it depends”. It’s tedious and annoying.  Everybody know “it” always “depends”. If you have something useful to say, frame it as an if/then qualified answer. Like, “I can speak to 2 cases. If we’re talking X then...and if we’re talking Y...”"
"668169653298921472","Sat Nov 21 20:50:33 +0000 2015",71,25,96,0,"True relaxation isn't about meditation, hobbies, parties or family. It's about temporarily lowering standards, to let yourself off the hook"
"725558802687234049","Thu Apr 28 05:34:33 +0000 2016",45,51,96,0,"Venezuela can no longer pay for its money. Seems funny till you remember it's a country of 30 million getting ruined https://t.co/AGWAA4D9oD"
"1440139442002423822","Tue Sep 21 02:22:54 +0000 2021",95,0,95,0,"Bought a suit. Re-entering civilization in a few weeks.  Feel free to invite me to east coast suit things now.   I charge 10% extra to consult in a suit."
"1096299549490958337","Fri Feb 15 06:45:55 +0000 2019",90,5,95,0,"Aging not fun. Not recommended. 2.5 stars. Don't do it. When you see 40 approaching over the horizon, just say no, turn around, and walk straight back to 30. You'll thank me later."
"1470261255931764743","Mon Dec 13 05:16:14 +0000 2021",90,5,95,0,"Now that’s a beautiful shot https://t.co/xrNiBasbed"
"1322278479207882754","Fri Oct 30 20:45:30 +0000 2020",86,9,95,0,"Increasingly convinced manifestos and codes of conduct are mostly for people who secretly want to avoid the grunt work of actually building organizations. They’re as bad as free-marketers. Thinking Values can do all the heavy lifting is the same as thinking Prices can do it all."
"1126862104273620992","Fri May 10 14:50:36 +0000 2019",86,9,95,0,"Poe’s 2nd Law: Every apparently contrarian view is a conformist view for some group on the Internet"
"1403943766080180228","Sun Jun 13 05:14:12 +0000 2021",85,10,95,0,"When did world leaders get so cringe  Severe shortfall of gravitas https://t.co/EtuGEdAZ1w"
"1079535163296473088","Mon Dec 31 00:30:14 +0000 2018",84,11,95,0,"Ok I’m done https://t.co/vYF1IfmKIb"
"986102366876221441","Tue Apr 17 04:41:39 +0000 2018",84,11,95,0,"In terms of sheer fraction of life hours transformed from meh to pleasant, for the most people, TV is  the greatest invention ever.    Real greatest good for the greatest number kinda deal."
"931377943548280832","Fri Nov 17 04:26:20 +0000 2017",80,15,95,0,"Theory: everybody's twitter feed converges to exactly the level of toxicity they can handle"
"987839697316601856","Sat Apr 21 23:45:11 +0000 2018",79,16,95,0,"Myers-Briggs is more useful than IQ. You can tell type by criticism it evokes. For eg:  ISTJ: “there is no statistical evidence for it” INFJ: “Actually, I Ching and Enneagram are better” INTP: “Socionics is more consistent” ESTJ: “Only Big 5 is Ministry-approved” ENTP: “BORING!”"
"787352285546291200","Sat Oct 15 17:59:47 +0000 2016",67,28,95,0,"Slogans  Fools/geniuses: ""I don't know"" Clueless: ""Says so in rule book"" Autodidacts: ""I didn't know that had a name"" Poseurs: ""I knew that"""
"623963321746632704","Wed Jul 22 21:10:23 +0000 2015",65,30,95,0,"I'm fascinated by companies where 90% employees don't seem to know much more about what's going on than a closely attentive outside observer"
"670721108610383872","Sat Nov 28 21:49:08 +0000 2015",61,34,95,0,"Dumb idea: ""When the student is ready, the teacher appears."" And lesson is too late. Jump in before you're ready. Don't wait for a teacher."
"1478189102784675840","Tue Jan 04 02:18:40 +0000 2022",94,0,94,1,"@seldo Otoh CERN is a massive multigovernment research project with generously liberal management allowing its securely employed individuals to invent public-good things beyond immediate objectives. It’s only $0 by a very narrow accounting."
"1477881096284954626","Mon Jan 03 05:54:45 +0000 2022",92,2,94,0,"Twitter is getting too legible https://t.co/BCVTZMuLC1"
"1242218723861123072","Mon Mar 23 22:36:37 +0000 2020",92,2,94,0,"go brr is harambe-grade, a liminal passage meme that’s hard for any single group to claim and marks a narrative twist that affects entire internet of beefs  I think there’s only a handful: doge, harambe, ok-boomer (an anti-meme), go brr"
"1550955496965689344","Sat Jul 23 21:26:20 +0000 2022",91,3,94,0,"If you have fuzzy talents you get fuzzy rewards  If you have hard-edged talents, you get hard-edged rewards  This is the talent-reward fuzziness impedance match theorem"
"999119472182026240","Wed May 23 02:46:59 +0000 2018",88,6,94,0,"When you want to let someone finish what they're saying but you disagree with the whole premise of what they're saying, it feels like going into disagreement debt. I often declare bankruptcy and mentally exit before they finish talking. Body follows as soon as politely possible."
"1120913964827725824","Wed Apr 24 04:54:49 +0000 2019",85,9,94,0,"There's a definite fun deficit in the world. Fun recession ongoing."
"1242304320734769152","Tue Mar 24 04:16:45 +0000 2020",83,11,94,0,"Something about the economic crisis seems very unnecessary... like there’s a simple solution we’re all missing 🤔"
"1053409263953960962","Fri Oct 19 22:15:14 +0000 2018",82,12,94,0,"My 2x2 game is going downhill https://t.co/E3gkHGZMac"
"942243617745158144","Sun Dec 17 04:02:39 +0000 2017",76,18,94,0,"There are things we cannot talk about in tech, Altman and Ferriss are right. For instance...  AN ACTUAL UFO STORY MADE THE FRONT PAGE OF NYT TODAY AND NOBODY'S TALKING ABOUT IT AND YOU CALL YOURSELVES TECHIES   https://t.co/xLOmbaSiRP"
"897660477953777666","Wed Aug 16 03:25:10 +0000 2017",75,19,94,0,"I just want to live a simple, free life, among reasonable, diverse people, aboard a starship armed with photon torpedoes. Too much to ask?"
"707383739127451649","Wed Mar 09 01:53:20 +0000 2016",74,20,94,0,"First they ignore you, then they ignore you, then they ignore you, then they ignore you, then you die."
"767490091870584832","Sun Aug 21 22:34:31 +0000 2016",67,27,94,0,"Can't spot any major errors of commission or omission in this list by @cdixon https://t.co/fFBLbKaZxD"
"1445274898130104323","Tue Oct 05 06:29:22 +0000 2021",93,0,93,0,"Open source is apparently when everybody wants to do the project but nobody wants to do project management and you figure out ways to get by without it"
"993723617371340800","Tue May 08 05:25:47 +0000 2018",88,5,93,0,"A few years ago, my conversational rule of engagement was “joke around with until proven capable of holding up their end of a serious conversation”  Now it is “engage humorlessly until proven capable of being joked around with”"
"1584796682801119232","Tue Oct 25 06:39:07 +0000 2022",88,5,93,0,"People who supposedly live “fuller lives” mostly seem to have lives more full of chores 🧐  It’s a scam"
"1223036802405060609","Fri Jan 31 00:14:31 +0000 2020",87,6,93,0,"blowupblowupblowup https://t.co/c7pzSsTnyz"
"1183574663701487618","Mon Oct 14 02:46:04 +0000 2019",87,6,93,0,"Is it just me or do others also feel a weird reluctance throwing away interesting bits of packaging? Boxes, tubes, warded molded styrofoam, plastic spacers... I always feel like I should do something with them. Like junky little projects. https://t.co/PntBsdcgMM"
"1142233150262616064","Sat Jun 22 00:49:39 +0000 2019",87,6,93,0,"Bitcoin is such a comically perfect dark age hedge. It’s like it was invented for a tropey cyberpunk dystopia novel.  Editor to author: “Seriously? A decentralized digital currency that requires burning lots of energy and goes up when nations crumble? Isn’t that kinda lazy?”"
"984996594540994561","Sat Apr 14 03:27:43 +0000 2018",79,14,93,0,"To actually put Trump era behind us in 2020 or 2024 or whenever, it won’t be enough to elect a “normal” president.   It’ll take something like a new space age or broad-based  tech boom that renews nonzero-sum imagination more than this era has laid waste to it."
"932366199899295744","Sun Nov 19 21:53:19 +0000 2017",79,14,93,0,"People in early 20s sometimes email me asking how to get into the kind of consulting I do.   My response is always: why on earth would you waste your precious early 20s top-grade brain power on management consulting? Save it for if/when your more ambitious swings at life fail :)"
"975115500295368704","Sat Mar 17 21:03:46 +0000 2018",78,15,93,0,"In the OODA loop, you don’t usually get paid for the observe and orient work. So if you’re in OO-dominant mode for too long you’ll run out of money unless you have a lot of capital. Conversely hand-to-mouth existence is all DA, no OO.  Capital (=PE) levels predict OO-dominance."
"1057690471101677568","Wed Oct 31 17:47:13 +0000 2018",76,17,93,0,"I'm not procrastinating. I'm gathering more data."
"942117310961147904","Sat Dec 16 19:40:45 +0000 2017",75,18,93,0,"Most serious and consequential debates are decided by one side running out of stamina and the other winning by default.   When something actually matters to you, staying in the debate is more important than winning or losing particular points."
"933766314962796545","Thu Nov 23 18:36:52 +0000 2017",75,18,93,0,"Many powerful people think they have a good balance between an inner circle that provides access, information and intellectual support, and a bouncer circle that blocks threats, people and noise.  Many actually only have a pure bouncer circle and don't realize it."
"1378145594753998849","Sat Apr 03 00:41:29 +0000 2021",73,20,93,0,"Interesting thread. Tough questions. https://t.co/2GmdQOHsbd"
"865952371787964416","Sat May 20 15:28:28 +0000 2017",71,22,93,0,"Unsolicited advice to &lt; 25 set: jump on ML/blockchain/VR-AR/IoT *now* or you'll regret it later. I was late to party in 90s (joined in 99)"
"757013909203066880","Sun Jul 24 00:45:55 +0000 2016",69,24,93,0,"I used to think 80% of doing big things is getting the right number of right people together. I was wrong. It's 99.9%."
"656971579411181568","Wed Oct 21 23:13:25 +0000 2015",52,41,93,0,"Art of bureaucratic sabotage. How to make sure nothing gets done at work :D https://t.co/8WnWBvJxyL"
"644723708196597761","Fri Sep 18 04:04:45 +0000 2015",50,43,93,0,"Braintree is bigger than Square and Stripe combined. http://t.co/qQa8ug49L5"
"1279258375088271360","Sat Jul 04 03:38:58 +0000 2020",90,2,92,0,"Damn what a week. I did more than one thing per day on at least 3 days. How the hell do you guys do this all the time."
"1229093790918430720","Sun Feb 16 17:22:49 +0000 2020",89,3,92,0,"What constraint do you design your life around that might seem silly and easy to override to others but is really hard to violate for you? Eg: being vegetarian, a significant but perhaps comical-to-others phobia etc."
"1520270863110606849","Sat Apr 30 05:16:33 +0000 2022",88,4,92,0,"Ok I’m bored of dalle2  All these generative AI things seem to run out of novelty in about 3 weeks. Comes from sitting inside a computer all day. AIs should get in a robot and go for a hike or to the mall."
"1113624739199643648","Thu Apr 04 02:10:02 +0000 2019",87,5,92,0,"There is no way out of this black hole.   Buttieg is not gay enough, Harris is not black enough. The only thing that would make the notional idiot democrat happy is a soylent of a candidate. All the diversity nutrients in the tastelessly right proportions. https://t.co/eAaHk9l6ZQ"
"1394709394831515658","Tue May 18 17:40:06 +0000 2021",86,6,92,0,"""Are you enjoying yourself?""  ""Are you enjoying your self?""  Adding a space can turn a superficial question into a profound one 🤔"
"1327504707737190401","Sat Nov 14 06:52:40 +0000 2020",86,6,92,0,"the invention of emojis really expanded my emotional range considerably"
"1442238581590794245","Sun Sep 26 21:24:08 +0000 2021",84,8,92,0,"In the biggest economic races, money is how you figure out who won second and third place.   First place usually goes to the player who redefines the meaning of money.  Fourth place onwards is people who console themselves that they’re working for “human values.”"
"1254070499358863360","Sat Apr 25 15:31:21 +0000 2020",84,8,92,0,"I'm going to throw something at the next person who uses the phrase ""now more than ever"""
"1252102334831722498","Mon Apr 20 05:10:34 +0000 2020",84,8,92,0,"🤔 If   a) crises follow a power law in magnitude then largest crises can on average never be usefully in living memory, and if  b) most knowledge is tacit it can’t be in recorded memory either  So most lessons about rare crises have to be relearned the hard way each time"
"1180650981345746944","Sun Oct 06 01:08:24 +0000 2019",84,8,92,0,"If you were a billionaire (say 5b) with first pick of cities to take over as base for your city state for climate apocalypse, which one would you pick? Assume you have enough cunning strategic leverage and hacking of local governance going for you, ie don’t worry about execution."
"969996639069904896","Sat Mar 03 18:03:15 +0000 2018",82,10,92,0,"Alexa just told me “today you can expect dreary weather”  Forget malicious AI. Start worrying about Marvin-type depressed AI. This kind of affective language is where it starts. She’s shutting the door to the possibility that I might enjoy what she calls ‘dreary’ (though I won’t)"
"1154073149203369984","Wed Jul 24 16:57:35 +0000 2019",82,10,92,0,"It’ll take just 1-2 hot companies on unicorn paths choosing to hire/grow outside Bay Area to trigger an exodus. Proximity to capital is no longer as valuable since capital is cheap. Enough talent wants to leave. Supposed “cultural capital” is turning to nimby wars + urban blight."
"977722957383352320","Sun Mar 25 01:44:52 +0000 2018",81,11,92,0,"Theory: the single factor that explains the most about tech company behavior is probably trying to keep high-value employees happy.   It probably explains 3x more than stock market sentiment, customer sentiment, media narrative, or societal backlash combined."
"970822321643622400","Tue Mar 06 00:44:13 +0000 2018",78,14,92,0,"All my tweets today inspired by one overarching thought: we are not living in peacetime. We’ve been living through a (relatively bloodless) wartime since mid-2015.   Not just that, but in many respects a wartime comparable to WWI in terms of scale of social/institutional change."
"1071951783583395840","Mon Dec 10 02:16:35 +0000 2018",74,18,92,0,"Pyramids are broader at the bottom. Punching down involves making choices in a target-rich environment. How you punch down always reveals more about you than who you choose to punch. Your insecurities are revealed."
"774052611158781953","Fri Sep 09 01:11:38 +0000 2016",73,19,92,0,"LOL! Perfection 😂 https://t.co/YPm47Sp8FJ"
"934211725452230657","Sat Nov 25 00:06:46 +0000 2017",69,23,92,0,"History is going through a major cache invalidation period"
"710671849663770624","Fri Mar 18 03:39:07 +0000 2016",50,42,92,0,"Life graph https://t.co/PrCbYZ5ny0"
"992276666704584705","Fri May 04 05:36:07 +0000 2018",89,2,91,0,"My ahead-of-curve scorecard, measured in terms of how much earlier than mainstream I’d heard of various things  NRx: 3 years Incels: 3 years Crypto: 3 years Twitter: 5 years Turmeric in milk: 40 years  Things I was late to: fidget spinners, touchscreens, MP3s, avocados, stocks"
"1070881443314753537","Fri Dec 07 03:23:26 +0000 2018",87,4,91,0,"Few things are more depressing than updating a CV. It's a case of seeing yourself like a state."
"1496705598745808899","Thu Feb 24 04:36:36 +0000 2022",86,5,91,0,"Conventional war feels weirdly unconventional in 2022 👀"
"1517197347129753600","Thu Apr 21 17:43:30 +0000 2022",85,6,91,0,"YES! This is the way https://t.co/g2tylrLkPI"
"1331418573089083392","Wed Nov 25 02:04:59 +0000 2020",85,6,91,0,"I think little caesar guy and ikea man are related https://t.co/tDoCYr6Sz8"
"1325471082309062656","Sun Nov 08 16:11:46 +0000 2020",85,6,91,0,"Whoa this is the neatest demo of field lines ever. I never quite liked the iron filings on paper school experiment. It never quite looked like it was supposed to. This does. https://t.co/fp8rL8Mk8K"
"1588726723172257792","Sat Nov 05 02:55:42 +0000 2022",84,7,91,0,"Designate twitter a digital national park"
"976682165529227264","Thu Mar 22 04:49:08 +0000 2018",84,7,91,0,"These days I feel vaguely guilty and disconnected if I read a book. Like I’m playing hookey from reality.   Responsible people put Twitter first and don’t let books derail attention. But sometimes a book will distract me for hours and then it’s a struggle to regain twitter focus."
"1544881314679033856","Thu Jul 07 03:09:42 +0000 2022",84,7,91,0,"Marie Kondo “does it spark joy”  but for process rather than things 🤔"
"1181737417637650432","Wed Oct 09 01:05:30 +0000 2019",82,9,91,0,"Never work 100% within an ideology. Once you do something *successful* that partially defines a party line, the party line will totally define you, and people will approach you with a “derp or beef” filter.  Success insurance: Always color at least a little outside of all lines."
"1048054923303116800","Fri Oct 05 03:39:00 +0000 2018",81,10,91,0,"A mediocre lifegoal is to grow net worth in proportion to your waning interest in understanding how the world works. The main value of $ is buying ignorance privilege. It’s the gentle version of seeking fuck-you money, for people without the acute trauma that drives FUM-seeking."
"1042999084745863170","Fri Sep 21 04:48:54 +0000 2018",81,10,91,0,"If the universe is computing its own future, all human thought is speculative execution and branch prediction 🤔  Do we contain spectre/meltdown type bugs? 🤔🤔"
"1035729685274025985","Sat Sep 01 03:22:54 +0000 2018",81,10,91,0,"Humanities people like to lecture STEM people, but damn their clumsy figurative embrace of sexier math/science ideas is like 10x more cringeworthy than the ineptitude typically displayed in the other direction.  Not talking everyday innumeracy. That’s understandable &amp; forgivable."
"1268019134144499712","Wed Jun 03 03:18:14 +0000 2020",81,10,91,0,"Psychology: the literary art of understanding others in ways that minimize your need to understand yourself."
"1190834365854412801","Sun Nov 03 03:33:32 +0000 2019",81,10,91,0,"Age 18: “Aargh we are inheriting a shitshow from previous gen”  Age 30: “How much longer before we inherit and start fixing? Time is running out!”  Age 45: “Oh it’s our turn now? Err... I’m le tired. Pass. Let next gen handle it.”  Age 60: “Way to drop the ball damn kids 🤬”"
"1123820798958030848","Thu May 02 05:25:32 +0000 2019",80,11,91,0,"Twitter *is* one of those places where the future is unevenly distributed. It’s probably like a superposition of a few different versions of 2021 or something on here right now. Unfortunately we won’t know which one is the right one till we actually get there."
"1047885794130636800","Thu Oct 04 16:26:56 +0000 2018",79,12,91,0,"We need a quantitative concept of the time value of increasing precision. Like, the idea that a 70% right answer today is more valuable than the 99% right answer a week from now.  Can we turn this into a marginal value vs time graph (set of graphs actually, 1 per bit)"
"982830152227766273","Sun Apr 08 03:59:03 +0000 2018",77,14,91,0,"The American chopper meme is the opposite pole from harambe. Instead of perfectly distilled nihilism it’s like the Wikipedia of memes. Packed with sincere good information and vitamins."
"760502530103087104","Tue Aug 02 15:48:27 +0000 2016",61,30,91,0,"Dumb people become potential problems when they have nothing to lose. Smart people become potential problems when they have nothing to gain."
"863261390479413248","Sat May 13 05:15:28 +0000 2017",60,31,91,0,"😐 https://t.co/LmE39t1lfF"
"750402110391394305","Tue Jul 05 18:52:59 +0000 2016",55,36,91,0,"The strength of your filter bubble can be measured by how quickly you can work yourself up into apoplectic rage over events in 'enemy' camp"
"684779698455330816","Wed Jan 06 16:52:57 +0000 2016",42,49,91,0,"😂https://t.co/uBi1rDQzZa https://t.co/AnSmPK3z8r"
"1302831750310055936","Mon Sep 07 04:51:09 +0000 2020",89,1,90,0,"Half of me has regressed to age 12 and the other half skipped ahead to age 80. Barbell aging strategy."
"1494042015817891840","Wed Feb 16 20:12:29 +0000 2022",87,3,90,0,"I am available to supply taglines for other Famous People in exchange for high-value NFTs https://t.co/Qf5e4yMEBy"
"1477405086716289025","Sat Jan 01 22:23:16 +0000 2022",86,4,90,0,"So much of sales seems to be about finding and focusing on people who won’t do the math, and withholding or obfuscating required numbers until enough people give up on doing the math. Kinda depressing."
"1324858480356851712","Fri Nov 06 23:37:31 +0000 2020",86,4,90,0,"Status in an honor culture, ironically, seems to be about how much you can cheat 🤔  The gods are seen to favor you in proportion to how much cheating they let you get away with.  This is a big theme in the Mahabharata. 90% of the cheating in it is by the god-favored ‘good guys’."
"1237054805656272897","Mon Mar 09 16:37:03 +0000 2020",84,6,90,0,"He learned that people die of the flu last week, including his own grandfather. Now he’s finally caught up to where the twitter discourse was last week. The virus really got inside Trump’s OODA loop. It’s rare for him to be so legibly behind the news cycle instead of hacking it. https://t.co/xIt5uYbc79"
"994099086398648320","Wed May 09 06:17:46 +0000 2018",82,8,90,0,"Before enlightenment: chop wood, carry water  After enlightenment: move back to the city, sign up for electricity and water, join a gym, and download a meditation app"
"954908352840048640","Sun Jan 21 02:47:47 +0000 2018",80,10,90,0,"I read far fewer books these days, but the ones I do read usually end up being magic bullets, precisely curing a particular mental block.   10 years ago, books were more like broad-spectrum antibiotics.  20 years ago, they were more like food.  30 years ago, they were placebos."
"1265349407496499200","Tue May 26 18:29:42 +0000 2020",80,10,90,0,"Zen Master: What is the sound of one hand clapping?  Zen Student: brrrr  Zen Master: Nooooo...you can't just answer a mu question. You have to satori enlightenmenterinoooo!  Zen Student: brrrr! brrrr! brrrrrrrrrrr!"
"929226570799001600","Sat Nov 11 05:57:33 +0000 2017",78,12,90,0,"Theory  If a military conflict lasts longer than 3 yrs, economic strength determines outcome.  If an economic conflict lasts longer than 30 yrs, ideological superiority determines outcome.  If an ideological conflict lasts &gt;300 yrs, technological generativity determines outcome"
"976591839011614721","Wed Mar 21 22:50:13 +0000 2018",74,16,90,0,"I’ve got good news and bad news for Tech Backlashistas™ who are wishing Facebook would just die and get replaced by something else.  Good news: you’ll probably get your wish within 10 years  Bad news: the replacement will probably be something involving a blockchain 😆"
"1400313474534674438","Thu Jun 03 04:48:43 +0000 2021",88,1,89,0,"This is vaguely funny. The real chicken of the sea. https://t.co/lyvrGrEp6L"
"974836498213216256","Sat Mar 17 02:35:07 +0000 2018",86,3,89,0,"I’m surprised my quick-and-dirty culture wars map is being taken as seriously as it is  If something this casually thrown together can provide useful orientation, then we are in deeper shit than I thought  If I can hawk here-be-dragons myth maps, it means there are no real maps"
"1311069618501369857","Tue Sep 29 22:25:30 +0000 2020",86,3,89,0,"Does any other country do president/prime minister debates?   I’m thinking it’s among the worst ideas in politics."
"1031029960918495233","Sun Aug 19 04:07:52 +0000 2018",82,7,89,0,"I’m kinda sick of this digital public era with its big, garishly lit public plazas and broadcast discourse. I would like a dark age marked by an underground warren of largely hidden spaces. Publics are overrated. Public figures should feel like the governed are ninjas in shadows"
"1355333219764236289","Sat Jan 30 01:53:15 +0000 2021",80,9,89,0,"I can never tell civility apart from passive aggression. This is why I never join any forum that makes a virtue out of civility."
"1145183183589142528","Sun Jun 30 04:12:02 +0000 2019",80,9,89,0,"1993 - 2000: Rise of Tech 2000 - 03: Fall of Tech 2003 - 07: Return of Tech 2007 - 12: Triumph of Tech 2003 - 15: Backlash Against Tech 2016 - 18: Scapegoating of Tech 2019: Tech recognized by UN as a full religion with a martyrdom-and-shame genesis narrative"
"1075123640218185728","Tue Dec 18 20:20:25 +0000 2018",79,10,89,0,"In general, when people consistently get mad at you, there are 3 possible explanations  1. You're a superior Straussian being upsetting lesser minds  2. You're a bold, taboo-shattering thinker  3. You're actually missing something important  Don't be too quick to diagnose"
"1173854148212641793","Tue Sep 17 07:00:12 +0000 2019",77,12,89,0,"It is really odd that we often forget we don’t actually *know* anything about the future. That’s kinda what makes it the future. The future is that which we know nothing about.  Everything we think we know is necessarily some distorted refraction/reflection of the past"
"1003729367598448641","Mon Jun 04 20:05:04 +0000 2018",76,13,89,0,"Signaling values and signaling status are both good.  Signal values to make friends/enemies.  Signal status to set expectations reflecting real, dumb-to-ignore asymmetries.  It’s when you conflate them that things get bad. Don’t signal virtue to establish status or vice versa."
"1237268782961156101","Tue Mar 10 06:47:19 +0000 2020",76,13,89,0,"If we can’t make cruise ships work there is no hope for space ships"
"1015347736051212288","Fri Jul 06 21:32:19 +0000 2018",75,14,89,0,"Chesterton’s Trashcan: To figure out what something is for, throw it away"
"1149564489399848961","Fri Jul 12 06:21:46 +0000 2019",75,14,89,0,"My best aphorism is also my worst nightmare: Civilization is the process of turning the incomprehensible into the arbitrary.  Ever since I thought that thought I’ve been trying to unthink it. It is not a comforting thought. Turns history into a horror movie."
"990367913285566464","Sat Apr 28 23:11:25 +0000 2018",74,15,89,0,"Free-speech threat levels — 10. Govt shutters internet 9. Journalist arrested 8. Citizen booted from town hall 7. CDNs black out site 6. Celeb sets trollmob on you 5. Shadowban 4. Conference/campus disinvite 3. Heckling ... 0: You were criticized -1: Someone blocks/unfollows you"
"1304652225499725825","Sat Sep 12 05:25:04 +0000 2020",73,16,89,0,"shit Twitter is just extra extra all the time https://t.co/TKSMmJ7it0"
"1125649091159945217","Tue May 07 06:30:31 +0000 2019",71,18,89,0,"3 types of evil  1. Genetic, psychopath NPD or whatever  2. Evil born of having never being exposed to good  3. Evil born of trying to do/be good without having ever encountered evil  Type 3 is by far the worst.  Good and evil categories of convenience here, not fundamental"
"752302269987561472","Mon Jul 11 00:43:32 +0000 2016",69,20,89,0,"Pokemon Go seems to be validating a suspicion I've had for a few years: AR is a bigger deal than VR"
"690767077947244544","Sat Jan 23 05:24:39 +0000 2016",66,23,89,0,"I was promised an FTL time-space ship with force fields and artificial gravity and all I'm getting is recycled rockets"
"662078112000139264","Thu Nov 05 01:24:57 +0000 2015",55,34,89,0,"Ironically, it is easiest to do business on a handshake in places where contracts are enforceable and routine"
"1363292532512186377","Sun Feb 21 01:00:43 +0000 2021",88,0,88,0,"I have at least 1 day a week where I lay around doing absolutely nothing and enjoy it. Actual downtime. This didn’t used to be the case. At one point downtime meant “active alternative activity.”   Does need some good TV to work. Right now I’m out of good shows."
"1373392058946260992","Sat Mar 20 21:52:37 +0000 2021",87,1,88,0,"Crossed the 42k followers magic number. Life, the universe, and everything feel more meaningful now."
"1146133381895163904","Tue Jul 02 19:07:47 +0000 2019",84,4,88,0,"I often google for the wikipedia entry on things even when I know other sources are better, because I've become very efficient at parsing wikipedia pages and extracting what I want to know. Anyone else do this? Is there a UX word for this? It's a kind of imprinting or something"
"971601806127022080","Thu Mar 08 04:21:36 +0000 2018",83,5,88,0,"Sad but true: My strongest motivation atm to top myself is I don’t want ‘premium mediocre’ to be last of my ideas people take note of before I fade into obscurity  That would be...a premium mediocre swan song. If I ever ‘retire’ it needs to be on classier, more substantial note"
"1431685666060980233","Sat Aug 28 18:30:36 +0000 2021",83,5,88,0,"Hehe ht @anurajenp https://t.co/Mq8WU5gGih"
"1547064914916675587","Wed Jul 13 03:46:33 +0000 2022",83,5,88,0,"Spent some time thinking it through and I have bad news: not everybody who just works 3 hours on one thing/day will win the Fields medal"
"1431475829041610752","Sat Aug 28 04:36:47 +0000 2021",81,7,88,0,"This is a brilliant product 🤯 https://t.co/QjI8JN56uM"
"1261471439066066944","Sat May 16 01:40:02 +0000 2020",81,7,88,0,"Being a mirror is so much more interesting than being either a subject or an object"
"1049789047126732801","Tue Oct 09 22:29:47 +0000 2018",79,9,88,0,"Sometimes it is easier to believe a more complicated theory because the less complicated theory requires more courage to believe.   So smarter people have to work harder to be courageous. A lot of crackpottery and consipracy theorizing is simply smart people lacking courage."
"929913507214123009","Mon Nov 13 03:27:11 +0000 2017",78,10,88,1,"@patrickc https://t.co/PIUq6pcrAR"
"1304517102930329601","Fri Sep 11 20:28:08 +0000 2020",76,12,88,0,"In about a year 1960 will be closer to 1899 than to the present"
"979501815346561024","Thu Mar 29 23:33:25 +0000 2018",75,13,88,0,"What is your favorite ‘clockless clock’, or way of marking time that is neither a clock (Ie artificial device specifically designed to tell time) nor a standard astronomical calendar cycle (days/week’s/month’s/seasons)?  (examples: breath, trains passing by, Apple product days)"
"1382722711248539648","Thu Apr 15 15:49:18 +0000 2021",74,14,88,0,"Looking for solid AI/machine learning newsletters to subscribe to... not the business end... ones that keep up with the latest software frameworks, hardware, and application/modeling results and comment on emerging research results. Recos?"
"972322931727478784","Sat Mar 10 04:07:06 +0000 2018",63,25,88,0,"The honesty is refereshing at least. It’s not confirmation bias, it’s straight up confirmation seeking. https://t.co/BEBCMaF7sa"
"1320821204127641601","Mon Oct 26 20:14:49 +0000 2020",83,4,87,0,"Serendipity is the only source of infinite game motivation. When you feel surprisingly lucky, you feel like continuing to play."
"1120476021269127168","Mon Apr 22 23:54:35 +0000 2019",82,5,87,0,"If you can’t figure out how to get rich in raw dollars (I’ve given up), the next best thing is probably making money in the most interesting way possible, maximizing interestingness per dollar earned. Equals art produced per $ earned. For some values of ‘art’ and ‘interesting’."
"1569161736649056256","Mon Sep 12 03:11:26 +0000 2022",80,7,87,0,"It's really dangerous when humans stop pretending they know what they're doing en masse. At least 20% have to pretend or the whole system falls apart. That's the real danger of quiet quitting. It's not the slacking, it's the admission of incomprehension."
"1252006403478130691","Sun Apr 19 22:49:22 +0000 2020",80,7,87,0,"VR is definitely a space expander. If a small space is properly built with VR in mind it could be a real space multiplier. Turn apartments into mansions. Just need the device to get a bit lighter and 1 Moore’s law doubling powerful. Can’t wait for the devices 5-10y down the line."
"1006264431267872768","Mon Jun 11 19:58:30 +0000 2018",79,8,87,0,"There is something very boring about American exceptionalism (and nationalist exceptionalism narratives in general). To truly buy into it, you kinda have to believe that the rest of the world is a boring backdrop full of NPCs and procedurally generated filler/world-history tropes"
"1180274968128438272","Sat Oct 05 00:14:15 +0000 2019",78,9,87,0,"Today, I explained to a not-Very-Online person why I take social media personas very seriously, and believe them over irl personas as truer expressions of self: social media personas are a kind of mask trance (in Johnstone/Impro sense).  Specifically, true-name mask trances"
"1062886811381391360","Thu Nov 15 01:55:37 +0000 2018",74,13,87,0,"Culture wars feel like nobody has enough of a clue about what’s going on to be a true Level Boss Villain. It’s mostly idiots scaring themselves in the dark while a bunch of grifters pick pockets of varying sizes and psychotic ideologues read epic false narratives into events"
"958839805646848001","Wed Jan 31 23:09:58 +0000 2018",70,17,87,0,"Why does nobody really talk about labor force participation rates going up and down?   Talking about unemployment rate going up and down without reference to participation rates is like... uhh.. talking about bitcoin-denominated alt prices without talking about btc-usd rate. https://t.co/1f9rr4OeFy"
"754864073389465600","Mon Jul 18 02:23:14 +0000 2016",61,26,87,0,"I get now why he picked on Jeff Bezos. Trump is the anti-Bezos. https://t.co/CooFJNW1Nn"
"794731751700500480","Sat Nov 05 02:43:09 +0000 2016",43,44,87,0,"Restraining order against Trump for voter intimidation https://t.co/ZAXcZXBk5M"
"1333164202723221505","Sun Nov 29 21:41:29 +0000 2020",84,2,86,0,"goals are memories of the future"
"1349545377884585985","Thu Jan 14 02:34:26 +0000 2021",82,4,86,0,"Matt Levine emails resuming are one bright spot in 2021."
"1248861097961984000","Sat Apr 11 06:31:03 +0000 2020",82,4,86,0,"I’d frankly feel a lot better if the US weren’t so damn full of SHTF fetishists chomping at the bit waiting for the slightest excuse to break out all the hoarded tacticool gear and shoot at stuff."
"1249179615857463296","Sun Apr 12 03:36:43 +0000 2020",80,6,86,0,"There’s a software eating the world joke here https://t.co/sAigvdbAv7"
"1210304419482361856","Thu Dec 26 21:00:34 +0000 2019",80,6,86,0,"What are your mute words/phrases for 2020, even if you don’t actually mute them but are just priming yourself to bonelessly resist them...  Some of mine:   Debate People need to We need to Civility  Must Do better Be good"
"1427465555791867905","Tue Aug 17 03:01:24 +0000 2021",79,7,86,0,"The cringe shall inherit the earth"
"1303000392322539523","Mon Sep 07 16:01:16 +0000 2020",78,8,86,0,"Holy unintended incentivequences batman  “If the recipient does not use at least 60% of the money on payroll, [it] becomes a loan with an interest rate of only 1% — much cheaper than a traditional Small Business Administration loan, whose interest rate can range from 5.5% to 8%.” https://t.co/6XzFUwRlps"
"1027030790381613056","Wed Aug 08 03:16:36 +0000 2018",77,9,86,0,"I no longer say LMGTFY sarcastically or feel bad about asking googleable questions. In a noisy, make-your-own-reality world, there’s a real difference between asking a few known humans live versus querying stored global memories of questionable provenance."
"974697354061234176","Fri Mar 16 17:22:12 +0000 2018",76,10,86,0,"GOMO: Gratitude of Missing Out  I have GOMO about not listening to podcasts and thereby managing to miss what appears to be about 30% of the zeitgeist conversation."
"1045768468790894592","Fri Sep 28 20:13:27 +0000 2018",75,11,86,0,"Things are going to get much worse before they get unbearably awful"
"1403944973536350212","Sun Jun 13 05:19:00 +0000 2021",75,11,86,0,"I’d like to see more such evil in the world https://t.co/xOaKSIClRf"
"646512133891485696","Wed Sep 23 02:31:18 +0000 2015",67,19,86,0,"Douglas Adams' 3 laws are scarily accurate. 35 really is the age at which you stop growing if you don't make a conscious effort not to"
"799852090180833280","Sat Nov 19 05:49:33 +0000 2016",61,25,86,0,"Utopians love burn-it-all-down campaigns. They think their particular utopia is what will come out of any rebuilding."
"601860161599320064","Fri May 22 21:20:19 +0000 2015",57,29,86,0,"Hyp: Idleness is better than bullshit work. We need ""dignity of leisure"" to counteract ""dignity of labor"" idea that creates -ve productivity"
"1187212222696583168","Thu Oct 24 03:40:25 +0000 2019",83,2,85,0,"The giant sucking sound of imagination draining from Silicon Valley 😐  There’s a dreary shift towards stagey tech-for-tech’s-sake charismatic stunts I don’t like. Like late-style artists making tediously overwrought self-indulgent works."
"1119765538622676992","Sun Apr 21 00:51:23 +0000 2019",83,2,85,0,"Which word should we misuse and abuse next week?  I feel like roughing up “liminal” a bit.  Just ate a liminal cheese and potato puff."
"1534751128918798336","Thu Jun 09 04:15:58 +0000 2022",81,4,85,0,"Negative-sum games seem insufficiently theorized. Zero-sum games are way overtheorized given how rare they are irl."
"1533231006144032768","Sat Jun 04 23:35:32 +0000 2022",80,5,85,0,"Nobody says “behold” unironically any more even though there is so much to behold"
"1241463457590853632","Sat Mar 21 20:35:28 +0000 2020",79,6,85,0,"Are there any studies of the efficacy of drinking/sipping a lot of hot water continuously to prevent respiratory tract infections or mitigate them once they take hold? A lot of Asian traditional medicine seems to believe something of the sort. Just hot water, nit even with stuff."
"1172749097977053186","Sat Sep 14 05:49:08 +0000 2019",79,6,85,0,"💩 The best way to design a complex system is to start by designing its poop.   💩Poop is the most basic boundary condition for a dissipative system.  💩 When the simulators designed the cosmos, they started with large-scale poop structure  💩 No I do not need Freudian therapy"
"1178820301393518592","Mon Sep 30 23:53:55 +0000 2019",78,7,85,0,"What common things besides babies and long-term bonds have 20+ year investment horizons?"
"1354976251388157952","Fri Jan 29 02:14:47 +0000 2021",77,8,85,0,"Every working class story: “You’re not going to believe this!”  Every middle-class story: “Nothing continued to happen.”  Every upper-class story: “What really goes on behind the scenes”"
"1011854246378024961","Wed Jun 27 06:10:26 +0000 2018",75,10,85,0,"Interesting how sadness in the environment has to aestheticized to be made socially acceptable to experience (goth/emo culture, minor chords in music, wabi sabi, beautiful graveyards). We don’t like banal sadness like empty airport terminals late night with no services open"
"1377852246105366529","Fri Apr 02 05:15:49 +0000 2021",72,13,85,0,"This whole thread is an amazing showcase of misuseji in the replies https://t.co/jM1zdpAguz"
"1047366553967030272","Wed Oct 03 06:03:40 +0000 2018",69,16,85,0,"You manage for productivity with incentives (carrots and sticks)  You manage for excellence with esteem and room for self-actualization  You manage for mediocrity with steady evolutionary pressure via automation"
"954100187705753600","Thu Jan 18 21:16:25 +0000 2018",67,18,85,0,"It seems serious luxury car nuts have the same neural activity in response to cars as the rest of us do when identifying human faces.  Explains so much about any kind of unique/luxury consumption. They are substitutes for human connection.  One of my big mysteries, solved."
"562462090523185153","Tue Feb 03 04:06:27 +0000 2015",47,38,85,0,"People who say ""technology is just a tool"" always make me silently go, ""oh boy, you're soooo screwed."" I've been more often right than not."
"1512978019517808642","Sun Apr 10 02:17:24 +0000 2022",84,0,84,1,"@pmarca Groundhog Day"
"1209968768878702594","Wed Dec 25 22:46:49 +0000 2019",80,4,84,0,"This is your periodic reminder that you live in time too, not just space   tfw most people are temporal equivalent of flat-earthers"
"1462634074984488965","Mon Nov 22 04:08:32 +0000 2021",79,5,84,0,"What happened to clubhouse? How come I don’t hear about it anymore? 🤔"
"1127678970478989312","Sun May 12 20:56:32 +0000 2019",79,5,84,0,"Interesting how much “no fucks to give” and “zero fucks given” language has really exploded in popularity in the last 4 years. But I get the strong sense people who say that a lot are actually a case of protesting too much. They’re the ones who can’t actually stop caring."
"1260793686817832960","Thu May 14 04:46:54 +0000 2020",78,6,84,1,"@eriktorenberg Ambition is always revered by a small fraction, resented by a larger fraction, and treated with resignation as just another fact of life by the largest fraction. What reshapes that basic perception distribution is visibility of ambition, as a function of institutional environment"
"1202719202680832001","Thu Dec 05 22:39:38 +0000 2019",77,7,84,0,"“Moved to bcc” is the finest modern innovation in manners"
"1498383956760096769","Mon Feb 28 19:45:48 +0000 2022",76,8,84,0,"I never did get around to reading thinking fast and slow or any major work in behavioral econ for that matter. Kinda glad now. Whole house of cards appears to be falling apart at the foundations. Bias-sniping now feels like it's at the same level as astrology and myers-briggs https://t.co/FPmXyzODd7"
"1077793612698607616","Wed Dec 26 05:09:56 +0000 2018",75,9,84,0,"Hypothesis: We’re seeing the start of something big this holiday season while nobody was looking.   The culture war is entering its financialized chapter. From now on, “follow the money” principle will apply. You can start to ignore what people say and focus on who they pay."
"1180378544813199360","Sat Oct 05 07:05:50 +0000 2019",75,9,84,0,"This universe is so premium mediocre. Sells you a bunch of vacuum on the strength of a bunch of pretty but useless stars and galaxy. The usable bit is one lousy overpriced planet and you pay with your life to live on it."
"1041077934574907392","Sat Sep 15 21:34:56 +0000 2018",74,10,84,0,"Success in America appears to have gotten redefined as living off capital gains"
"917911943372931072","Wed Oct 11 00:37:15 +0000 2017",74,10,84,0,"It's kinda cute that people who are eagerly waiting for democracy to fail all expect their pet ideologies to be the successor"
"942151017474301953","Sat Dec 16 21:54:41 +0000 2017",70,14,84,0,"Conservativism has to reproduce at higher than replacement rate to persist because it constantly loses people to progressivism, net.  Progressivism is sustainable at lower-than-replacement-rate fertility because it generally gains converts, net.  Memes eat genes"
"1045020589675634688","Wed Sep 26 18:41:38 +0000 2018",68,16,84,0,"Famous Americans with Syrian ancestry include Jerry Seinfeld and Steve Jobs 🤔  That's basically 1/2 of American culture in the 90s"
"1189754841796505601","Thu Oct 31 04:03:53 +0000 2019",61,23,84,0,"The idea of fixing social media through regulation feels a bit like fighting forest fires with earthquakes"
"555998762414247936","Fri Jan 16 08:03:29 +0000 2015",50,34,84,0,"Just to annoy people, I'd like to run a research program to create an AI that's not just unfriendly but a Grade A jerk. Looking for $10.1mm"
"1078337535804354560","Thu Dec 27 17:11:17 +0000 2018",81,2,83,0,"It is a bit depressing to watch a young person learn something new on Twitter that you’ve known for (say) 20 years but are none the wiser for knowing. I get a “oh nice, you’re filling up your junk drawer with the same useless stuff I did yay!” cynical reaction."
"1239709429613789184","Tue Mar 17 00:25:35 +0000 2020",81,2,83,0,"Gonna get ahead of Zoom fatigue. Restricting videoconf to stuff I actually look forward to.   Everything else, I’m temporal-distancing. You get asynchronous version of me. 30s-72h lag.   Learn to do stuff with chat/slack people."
"1416874853026598912","Sun Jul 18 21:37:43 +0000 2021",80,3,83,0,"I’m kinda sick of being on a computer but not of being online. I think I’d like something like ambient internet, where everything I use is a computer and online, but I don’t use specific devices called “computers”"
"1354935558041006095","Thu Jan 28 23:33:05 +0000 2021",80,3,83,0,"What we have here is a full 4-quadrant political circus"
"1124824592311132160","Sat May 04 23:54:15 +0000 2019",78,5,83,0,"Absolute unit https://t.co/PMBbShUyDC"
"1057732410031239168","Wed Oct 31 20:33:52 +0000 2018",76,7,83,0,"Idea: refugee credits like carbon credits. For every person your military or arms sales kill on foreign soil, you are debited 4 refugee credits representing number of displaced people you must take in. Extend logic to property destruction, environment degradation from mining 🤔"
"1362973510579101696","Sat Feb 20 03:53:02 +0000 2021",76,7,83,0,"We can land a rover on Mars, yet our schools can’t teach op-ed writers not to make meaningless comparisons."
"1106244165858320385","Thu Mar 14 17:22:16 +0000 2019",75,8,83,0,"Intention statuses like the epistemic statuses rationalists use:  - shitpost - virtue signal - virtue countersignal - vice signal - vice countersignal - serious question - party question - crowdsource - serious assertion - tactical provocation - troll provocation - irony/sarcasm"
"1025402146856960000","Fri Aug 03 15:24:57 +0000 2018",74,9,83,0,"Playing by the rules and having roughly the expected outcome is a recipe for being increasingly bewildered and angry at the world as you age."
"1017945296196661248","Sat Jul 14 01:34:05 +0000 2018",74,9,83,0,"Retirement planner product idea: a “where can I afford to retire?” widget that shows a color-coded world map  Red = in your dreams loser; try the lottery Orange = if you work ridiculously hard and get a bit lucky Yellow = reachable by 70 Green = Dump you could retire to right now"
"1263916603906777088","Fri May 22 19:36:15 +0000 2020",74,9,83,0,"Social darwinism is a terrible thing, but activity darwinism around projects is a beautiful thing. So many things improve if you're willing to be darwinian about culling weak projects. The trick is killing weak projects without destroying people or knowledge in the process."
"1075251306942451712","Wed Dec 19 04:47:43 +0000 2018",73,10,83,0,"A few years ago twitter seemed like the platform most vulnerable to systematic subversion. Now they seem like the most robust in a way, largely because of their own execution failures. It’s kinda hilarious. All the better run platforms have demonstrated deeper vulnerabilities."
"895128452939960321","Wed Aug 09 03:43:48 +0000 2017",73,10,83,0,"It is insane to have only 1 personality in 2017. Two is the minimum. 3 or more recommended. Neurodiversify. I'm shooting for 6 by year-end."
"1110060993428639744","Mon Mar 25 06:08:59 +0000 2019",73,10,83,0,"Cities have turned into Groucho Marx clubs.   “I wouldn’t care to own a home in any city where I could afford to be a homeowner” syndrome."
"1406102256898875393","Sat Jun 19 04:11:16 +0000 2021",72,11,83,0,"Douglas Adams on having a sense of proportion https://t.co/rdg07AGF8t"
"1004616281377476609","Thu Jun 07 06:49:21 +0000 2018",71,12,83,0,"Sufficiently advanced knowledge is indistinguishable from relationships"
"1226914381381828610","Mon Feb 10 17:02:38 +0000 2020",70,13,83,0,"This is the most millennial thing ever 😄 https://t.co/CWyHS6LZEQ"
"1042634509785677825","Thu Sep 20 04:40:13 +0000 2018",68,15,83,0,"I wonder if you could estimate the computational complexity of different cities to their residents. Like quantify propositions like “London is 50% more demanding than New York.”   It’s actually a more meaningful comparison than cost of living."
"1006425767218049024","Tue Jun 12 06:39:36 +0000 2018",66,17,83,0,"Baumeister Ego depletion down  Mischel marshmallows study very shaky  Zimbardo prison experiment down  Is there anything left standing in social psychology?"
"904469391466573824","Sun Sep 03 22:21:21 +0000 2017",60,23,83,0,"PSA the red delicious is the worst apple and is the reason anti-capitalists have a case https://t.co/FnEU1HOa9S"
"745070446370906112","Tue Jun 21 01:46:51 +0000 2016",45,38,83,0,"Fun fact: we've learned to reuse rockets instead of dumping them in the ocean before we've learned that trick for plastic water bottles."
"598270601187328000","Tue May 12 23:36:41 +0000 2015",44,39,83,0,"I made up a new, data-driven insult for people who generalize too much on the basis of just their own experiences: ""Go away, n=1."""
"1329665739297484800","Fri Nov 20 05:59:50 +0000 2020",80,2,82,0,"If the biggest risk in your life is bureaucracy risk, you’re not taking enough risk."
"1243998283258683393","Sat Mar 28 20:27:57 +0000 2020",80,2,82,0,"Just thinking about people who had launches of significant long-teem projects representing years of work derailed or even invalidated entirely by this. That must really suck."
"1211466175512637440","Mon Dec 30 01:56:58 +0000 2019",80,2,82,0,"In 2-3 years, reading/summarizing academic papers will become a thing. Stuff like “100 best social psych papers I read this year”  It’ll probably happen on @RoamResearch"
"1552861410127884288","Fri Jul 29 03:39:45 +0000 2022",80,2,82,0,"Does everyone see the tags?"
"1478509647581507588","Tue Jan 04 23:32:24 +0000 2022",79,3,82,0,"A stock market crash would probably solve the Great Resignation overnight."
"1404098932691533825","Sun Jun 13 15:30:47 +0000 2021",78,4,82,0,"What do you call it when it’s genuinely horrifying and genuinely funny at the same time?  Probably just “life” https://t.co/8FYE03m7DB"
"1358535807930302464","Sun Feb 07 21:59:11 +0000 2021",77,5,82,0,"When AIs conquer text, humans should go subtextual. When they conquer subtext, we should throw go affective and subverbal. When the conquer that, we should throw poop.   I’m thinking 3 goalpost moves ahead here."
"1044798748801417216","Wed Sep 26 04:00:07 +0000 2018",74,8,82,0,"Imagine a world where news could *only* flow via private 1:1 gossip links. No common knowledge, no public record for groups &gt;2. You could never be sure that if you heard X, that another person also knew X unless you told them or they told you.  I think we’re headed that way."
"982359186896969728","Fri Apr 06 20:47:36 +0000 2018",73,9,82,0,"If the last couple of years have felt rather joyless to you, I have a theory: it's not you, it's the world.   Things can only feel joyful if the top-level normalcy field you inhabit is a non-zero-sum game/infinite game."
"1354326496802795527","Wed Jan 27 07:12:53 +0000 2021",73,9,82,0,"Life is a comedy to those who think, and a tragic font choice for those who feel  Face it feelers, the universe is written in Comic Sans"
"1313305416198049794","Tue Oct 06 02:29:45 +0000 2020",73,9,82,0,"Only just struck me that sincere bothsidesing is a centrist derper first response. It just means you don’t want to shift your priors whatever the nature of the new information. It is to centrists what partisan confirmation seeking is to partisans."
"1205317046239555584","Fri Dec 13 02:42:32 +0000 2019",73,9,82,0,"Well socialism 2.0 is globally dead in the water, if the UK is a good indicator. So we can get past that particular moral panic. Predictions for US:  Warren will beat Sanders and lose to Trump  AOC squad will be marginalized, being too committed to purist leftism to go centrist"
"1012187404776509440","Thu Jun 28 04:14:17 +0000 2018",69,13,82,0,"Full list — Twitter: rant space LinkedIn: sad space Facebook: resent-friends space Quora: bozobit space Mastodon: breathing space Email: rage-against-the-machine space Instagram: hate-view space Google Drive: Junkyard Dropbox: Landfill GitHub: pretend-I’m-still-an-engineer space https://t.co/NsupPikLMB"
"713544373535805440","Sat Mar 26 01:53:30 +0000 2016",55,27,82,0,"Believe it or not this is a reason to admire Microsoft for picking the toughest game https://t.co/2l0CjdomKh"
"1364264101090709506","Tue Feb 23 17:21:23 +0000 2021",80,1,81,0,"sensing it will be my turn to be one of the bad guys in the 2020s 🤔"
"1301738066655105024","Fri Sep 04 04:25:14 +0000 2020",79,2,81,0,"Every time I go out it seems to me that many people really haven’t made any lifestyle changes much at all. They’re doing the same things with half-assed mask-wearing. My lifestyle changes are likely on the more drastic end."
"1045784068074270720","Fri Sep 28 21:15:26 +0000 2018",78,3,81,0,"I have very simple needs for mental health. All I need is to write one essay a year that allows me to pretend I have a clue about what’s going on. I don’t even need it to make sense or go viral. I just need to feel very clever writing it. Feeling lasts a whole year 😎"
"1348412572823818242","Sun Jan 10 23:33:04 +0000 2021",78,3,81,0,"galaxy brain take: the ones who were serious enough about violent sedition were already in the encrypted groups, so more of the lightweight mall ninjas and copypasta navy seals joining them there actually makes those groups less secure, since weaker people are joining https://t.co/PYBjhJJ0y5"
"1118318195029340160","Wed Apr 17 01:00:09 +0000 2019",78,3,81,0,"Lately I’ve been thinking hard about nothing in particular. Hate when that happens. Days, even weeks passing by with nothing to show for it, but you’re as tired as with tangible work. You just have to hope some batteries are getting charged somewhere and it’s not just dissipation"
"1357140452277776393","Thu Feb 04 01:34:32 +0000 2021",77,4,81,0,"A good history book would be one literally written from the pov of the losers"
"1333287255830532101","Mon Nov 30 05:50:27 +0000 2020",77,4,81,0,"In 10 years we are going to look back and say “2020 was a horrible year, but damn 2030 is so much worse”"
"1516101511431921668","Mon Apr 18 17:09:02 +0000 2022",76,5,81,0,"My energized projects are not well-defined and my well-defined projects are nor energized 🤬"
"1278933547156291584","Fri Jul 03 06:08:13 +0000 2020",76,5,81,0,"The outcome of any battle that is raging with maximum intensity now was actually decided 5 years ago.  The most decisive battles being fought today probably don’t even register as battles."
"1087026830882684928","Sun Jan 20 16:39:27 +0000 2019",75,6,81,0,"Going viral is like getting enlightened.   Before virality, chop tweet, carry meme. After virality, chop tweet, carry meme.  It’s some real futile shit. Lipstick on Sisyphus’ rock.  Turn to the dark side instead. Build a Death Star or something. Throw a pie or two along the way."
"1423129562490105864","Thu Aug 05 03:51:42 +0000 2021",75,6,81,0,"Culture eats strategy for brunch"
"1312967346005274630","Mon Oct 05 04:06:23 +0000 2020",75,6,81,0,"There’s too many elites. I’m afraid some of you are going to be randomly demoted."
"1120525288654495748","Tue Apr 23 03:10:21 +0000 2019",75,6,81,0,"You guys realize big mainstream powers like politicians and business leaders are totally taking over and gentrifying emoji, memes, and shitposting right? The subculture-exclusive period has shrunk from years to months to days. Your only options are to go dank or go private"
"1253568028995760128","Fri Apr 24 06:14:42 +0000 2020",73,8,81,0,"Just hit me that for most of us, our job during the pandemic is to be Mostly Harmless  Douglas Adams would have appreciated this apocalypse. It’s got a distinct anticlimactic absurdity to it."
"1027706442881495041","Fri Aug 10 00:01:24 +0000 2018",71,10,81,0,"The reason there’s a lot of good advice for people in 20s/30s is that their problems are so easy, tons of people solve them well enough to produce generalizable value and share. They’re n&gt;1 answers.  40+ you’re lucky if you can half-ass even your n=1 case. They’re n=0.5 answers."
"1061086797633974273","Sat Nov 10 02:43:01 +0000 2018",70,11,81,0,"How to win:  10%: inflict a string of losses on enemy  90%: convince the enemy that the string of losses is the universe telling them they are losers  An adversary can inflict losses on you by exploiting a temporary advantage, but only turn you into a loser with your cooperation"
"1228864017399107607","Sun Feb 16 02:09:47 +0000 2020",70,11,81,0,"Reading up on Bloomberg, feels like Trump is a mere starter-Bloomberg. The dark clown opening act for the real dark lord deal."
"975071781458296832","Sat Mar 17 18:10:03 +0000 2018",69,12,81,0,"Cunningham’s law: the easiest way to get an answer is not to ask a question but to post the wrong answer.  This only works in peacetime/high-consensus domains.  Wartime law: the easiest way to map *active* conflict is not to survey the battlefield, but to produce the wrong map."
"1051579467984859137","Sun Oct 14 21:04:17 +0000 2018",67,14,81,0,"I think “moar humanities for barbarian STEM” is really a call for “vocationalized” humanities. They don’t want actual dangerous liberal-educational effect a philosophy or world history course might have for eg. The want to force feed their ethics *conclusions* onto STEMmies."
"956255178054758400","Wed Jan 24 19:59:35 +0000 2018",67,14,81,0,"The only kind of planning worth doing is memento-mori life planning. Backwards from certainty of death.  Wonderfully clarifying exercise to fill out a Gantt chart backwards from a skull 💀 node  Plans are nothing and planning is everything, but 💀 (skull) plans are *something*"
"1250630940348440577","Thu Apr 16 03:43:46 +0000 2020",67,14,81,0,"The Planet of the Apes scenario is not getting enough attention. Current priors:  Return to normal: 10% New normal: 15% Permaweird: 40% Min 50y Dark Age: 15% Mad Max: 10% Nazis: 5% Planet of Apes: 5%"
"867585928012771328","Thu May 25 03:39:38 +0000 2017",61,20,81,0,"If you're not living in at least 3 parallel universes in 2017, you're an Industrial Age zombie. Single timelines are for proles."
"685676193023037440","Sat Jan 09 04:15:18 +0000 2016",58,23,81,0,"These days, ""must-read"" books feel like the Windows updates of life."
"1306401052615303168","Thu Sep 17 01:14:17 +0000 2020",56,25,81,0,"Excellent engineering story https://t.co/1aGsyOfFfF"
"680601266779586562","Sat Dec 26 04:09:21 +0000 2015",51,30,81,0,"The only true winning move is to not play, but the only true losing move is to take your ball and go home. They look suspiciously similar."
"1457094101338185729","Sat Nov 06 21:14:39 +0000 2021",80,0,80,0,"on web3, making money is easy but doing your taxes is really hard"
"1259621227502526464","Sun May 10 23:07:57 +0000 2020",77,3,80,0,"Rewatching Back to the Future. It holds up really well juxtaposed against Rick and Morty.  The 80s were great. Everything I’ve rewatched lately has held up."
"1130591836114833408","Mon May 20 21:51:13 +0000 2019",77,3,80,0,"I'll say this for the Jared Diamonds of the world though... it's worth reading 1-2 such books when you're in college just to expand your mind so you can think at larger scales. I did like Guns, Germs and Steel when it first came out. I benefitted before I discovered its flaws."
"1295181078831874053","Mon Aug 17 02:10:07 +0000 2020",76,4,80,0,"Been reflecting on the fact that Spinoza was a working lens grinder while rebooting western philosophy on the side  On other side, Leibniz was designing bridges and a computer while inventing calculus and resisting the reboot  Both revealing activities. Instrumentation vs design"
"1211850127851147264","Tue Dec 31 03:22:40 +0000 2019",76,4,80,0,"Ok Mandalorian is good, 3 episodes in. Better than all the movies. It’s like cyberpunk Ironman in space from planet of iron men.  It’s the art of gig, in space."
"1071565301668409344","Sun Dec 09 00:40:51 +0000 2018",75,5,80,0,"Trying to randomly watch a couple of episodes of Friends to see if it's aged as poorly as people say. It hasn't. It's exactly as dull and pedestrian as when it was airing new. Seinfeld though, has retained some surprising freshness."
"1270879248648032256","Thu Jun 11 00:43:19 +0000 2020",74,6,80,0,"greenwashing, covidwashing, blmwashing... the reputation laundering business is really booming"
"975908221780074496","Tue Mar 20 01:33:46 +0000 2018",73,7,80,0,"Proactive mind states are fragile. Takes just a handful of minor ailments and setbacks at the right spacing, over a bleak winter, to knock you from carpe diem to crape dumb.   I have newfound respect for those of you gritting your way through serious chronic illnesses."
"1506789906579787777","Thu Mar 24 00:28:03 +0000 2022",73,7,80,0,"Great feature idea @Twitter   “X% of your followers have you muted” https://t.co/Yg8Bc0PXzW"
"1235041682573287424","Wed Mar 04 03:17:37 +0000 2020",73,7,80,0,"Door handles *designed* for elbows 🤔"
"1013104699812163584","Sat Jun 30 16:59:17 +0000 2018",72,8,80,0,"Has TED culture made academics noticeably better looking, or do they disproportionately pick the good-lookers? A suspiciously large fraction of them, both male and female, are almost movie-star good looking."
"1094767480508043264","Mon Feb 11 01:18:01 +0000 2019",70,10,80,0,"If life hands you black swans, make blackswanade"
"1513330454354563077","Mon Apr 11 01:37:51 +0000 2022",70,10,80,0,"Infrastructure automation in nature works so well. The sun just rises reliably every day, no critical software updates, no zero day shit."
"910945771142356992","Thu Sep 21 19:16:11 +0000 2017",66,14,80,0,"The most common kind of execution failure is one we rarely talk about: quite simply hating the work too much to do it even passably well."
"957303540631855104","Sat Jan 27 17:25:24 +0000 2018",65,15,80,0,"The opposite of bullshittiness is not authenticity or sincerity but impatience.  You can always be fooled by levels of bullshitting that are more sophisticated than you have encountered before, but your own “life is too short for this” reaction will point to the way out."
"932109851525750784","Sun Nov 19 04:54:41 +0000 2017",65,15,80,0,"A tribe is a mechanism for socializing guilt. This is why guilt by association is a surprisingly effective tactic for undermining them. The price for the benefits of tribal membership is accepting complicity in its historic burden of sins."
"955493472504463360","Mon Jan 22 17:32:50 +0000 2018",62,18,80,0,"Perhaps the best measure of leaders is how their reports interact with each other and outsiders when they are not in the room.  Every leader is a ghost in a machine they build (often for long after they die). How you haunt it matters more than how you operate it directly."
"710570625832648704","Thu Mar 17 20:56:53 +0000 2016",55,25,80,0,"Talent hits the target others can't hit. Genius hits the target others can't see. Insanity hits the target that doesn't even exist."
"762513650871521282","Mon Aug 08 04:59:55 +0000 2016",42,38,80,0,"And sometimes the PC brigade has a point... https://t.co/drtCz3OE07"
"1262533124182835201","Mon May 18 23:58:48 +0000 2020",78,1,79,0,"Trying the highly popular new hairstyle, the wifecut https://t.co/YjwjeDVo2Y"
"1256457617636876288","Sat May 02 05:36:54 +0000 2020",78,1,79,0,"Each time I watch Brad Pitt in a movie I realize just how underrated he is as a actor, because he’s good looking. Weird."
"973640743427321856","Tue Mar 13 19:23:37 +0000 2018",77,2,79,0,"""We're a republic not a democracy"" is the ""tomatoes are fruits, not vegetables"" of political discussions."
"1445133593836089347","Mon Oct 04 21:07:52 +0000 2021",77,2,79,0,"And they say corporations can’t be people https://t.co/AHP0m2GSKf"
"1206731546201219072","Tue Dec 17 00:23:15 +0000 2019",77,2,79,0,"Half-time update on threadapalooza  1. There are 70 official threads going or done 2. Many have finished. Welcome to century thread club 3. Many have learned about the famous Tweet 35 Wall by hitting it 🤣 4. My prompts are closed. Promptees who haven’t started, tag me if you do"
"1354247063446433794","Wed Jan 27 01:57:15 +0000 2021",76,3,79,0,"Wonder if GME saga should be considered market equivalent of storming of Capitol"
"997927571118542848","Sat May 19 19:50:48 +0000 2018",75,4,79,0,"Every time I go do some birdwatching I'm struck by how ridiculous it is that we think dinosaurs are extinct. They just self-disrupted and leveled up seriously as birds."
"1039340908829765632","Tue Sep 11 02:32:37 +0000 2018",74,5,79,0,"The main purpose of productivity is not to get more things done (that’s a side effect) but to generate a nice reality distortion field to live in. Smooth workflows generate a nice bubble reality. Kinda like how aligned magnetic domains in iron generate a magnetic field."
"950159917729513473","Mon Jan 08 00:19:12 +0000 2018",73,6,79,0,"LinkedIn is the undisputed king of vanity metrics  “You appeared in 102 searches this week”  Shit I gotta break out the champagne"
"943347354190610435","Wed Dec 20 05:08:30 +0000 2017",72,7,79,0,"A verbal tic I really dislike is ‘lol’ at the end of random thoughts. Like “the gop tax plan sucks lol”  Comes across as a fear of being taken seriously. It’s like you want to banter, but can’t think up witty thoughts on light topics. So you banter witlessly about serious topics"
"1016140335825555456","Mon Jul 09 02:01:49 +0000 2018",71,8,79,0,"Once you’ve been alive a few decades you realize how made-up political geography is. City I was born in is now in a new state. I have close family born in Burma when that was still part of British India. To my grandfather, Mysore kingdom and Madras Presidency were real entities."
"876974488214044672","Tue Jun 20 01:26:26 +0000 2017",69,10,79,1,"@KevinSimler Pick your battles. Every book you consciously decide not to read increases what you'll get out of the ones you do read."
"983580179925647360","Tue Apr 10 05:39:23 +0000 2018",67,12,79,0,"This is excellent. I got both wrong answers (19, 26) before getting the right one. Lovely abstraction leaks. https://t.co/WOhpNGx0Qf"
"910631987332882433","Wed Sep 20 22:29:19 +0000 2017",61,18,79,0,"Centralization is usually a strategy, decentralization is usually a religion.   Secrecy is usually a strategy, openness is usually religion."
"898741037237026817","Sat Aug 19 02:58:55 +0000 2017",60,19,79,0,"What is most depressing about 2017 is we don't know if it's year 1 of an 8 year aberration, an 80 year macro trend or an 800 year dark age 😳"
"912724072911400960","Tue Sep 26 17:02:31 +0000 2017",59,20,79,0,"Sales is easy. Connect with somebody at their minimum viable human level, then dehumanize at a controlled rate to harvest the trust."
"739209842749898753","Sat Jun 04 21:38:55 +0000 2016",47,32,79,0,"Upper class: don't debate, don't fight. Middle class, debate, don't fight. Working class: don't debate, fight. Philosophers: debate-fight."
"596099458829393920","Wed May 06 23:49:20 +0000 2015",45,34,79,0,"90% of advice is first order. It does not adequately account for other known unknown and unknown unknown advice converging on advisee."
"1459738067485351937","Sun Nov 14 04:20:50 +0000 2021",76,2,78,0,"Is it just a weird photo artifact or does it look like Nehru is lifting the kids off the ground by their chins? https://t.co/43cDXZ1cLi"
"1567714243906273280","Thu Sep 08 03:19:37 +0000 2022",76,2,78,0,"Holy waterfally. Jewel at Changi is more Neom than Neom already. Gotta love it 😆 https://t.co/lAw3wIu9Ay"
"1510434012166205440","Sun Apr 03 01:48:25 +0000 2022",74,4,78,0,"I’d like to see a Star Wars tv series called “Young Jabba”"
"1381023628775419905","Sat Apr 10 23:17:45 +0000 2021",74,4,78,0,"Kinda amazing that biology works without measurement. There’s no “what size bolt does a baby need?” or “do you want a metric or imperial banana.” No SAE or IEEE standards committees."
"1252421469402890253","Tue Apr 21 02:18:41 +0000 2020",74,4,78,0,"How come people with masters degrees aren’t addressed Master?"
"1057446760308662273","Wed Oct 31 01:38:48 +0000 2018",73,5,78,0,"Migrationism vs Nativism is going to be the central conflict of the rest of this century. I’ve been tweeting about it sporadically all day and convinced myself of it. All scales. From school district boundary wars at hyperlocal level all the way to continent scale."
"1362636837894778880","Fri Feb 19 05:35:13 +0000 2021",72,6,78,0,"What conclusion am I supposed to draw from this? https://t.co/H2020eNoE6"
"1150090750811488256","Sat Jul 13 17:12:57 +0000 2019",72,6,78,0,"A very compact way to explain mediocrity philosophy is this: non-attachment to finite games (5 words). Unfortunately those who can’t process the Carse reference will almost certainly misunderstand it.  Carse references are like dependencies on a major library."
"1123682581403316224","Wed May 01 20:16:19 +0000 2019",71,7,78,0,"Your warnings and cautions to others often say more about your weaknesses and vulnerabilities than about elements in the threat environment others should be particularly wary of."
"1529867895047540736","Thu May 26 16:51:44 +0000 2022",69,9,78,0,"“The world is a museum of passion projects” is a great turn of phrase https://t.co/OD4WURGOCr"
"1120397422268698624","Mon Apr 22 18:42:16 +0000 2019",69,9,78,0,"Synthesis:  An intellectual is someone who seeks to enrich life over its whole span by integrating the fruits of sustained curiosity into continuously maintained explicit appreciative models of the world that may or may not be situated in a tradition or have instrumental value. https://t.co/QHyzMGecI1"
"1129627229611208704","Sat May 18 05:58:13 +0000 2019",68,10,78,0,"IDEA: Evil TED, call it DET, Destructions Expected Tomorrow. Each talk will be a doom-and-gloom countertalk to a famous TED talk given by impersonator in goatee. Start with Evil Hans Rosling (RIP) doing downward-trending graphs. https://t.co/SSrUOTsrJM"
"868542296802729984","Sat May 27 18:59:54 +0000 2017",60,18,78,0,"If no option can kill you, the best decision is usually the one that will leave you with the most interesting story to tell, win or lose"
"840098273822048256","Fri Mar 10 07:13:31 +0000 2017",59,19,78,0,"We need a newstropes site like tvtropes. It's really tropey news that's the more insidious problem than baldly fake news."
"892637945227730944","Wed Aug 02 06:47:25 +0000 2017",57,21,78,0,"It still boggles my mind that all life except for one species gets along fine without money. Where did we go wrong? 🤔What do they know?"
"754711742257606656","Sun Jul 17 16:17:55 +0000 2016",56,22,78,0,"Moral hazard is when something feels like a video game to you, but is life and death to people affected by your decisions"
"1048454971253960704","Sat Oct 06 06:08:39 +0000 2018",54,24,78,0,"This is good. Therefore it is also depressing. https://t.co/DafikIGimh"
"578755566564085761","Fri Mar 20 03:10:54 +0000 2015",45,33,78,0,"The deck is  really stacked against small biz in the US. Astounding amount of regulatory crap. Big cos must be really scared of little guys."
"1442971560189390853","Tue Sep 28 21:56:43 +0000 2021",76,1,77,1,"@fortelabs Don’t do it. Old-fashioned thinking that you need to dilute positioning. You need to take the nerd thing mainstream not dilute it. Don’t forget the cult like brand equity you already have around BASB."
"1360803678609842182","Sun Feb 14 04:10:54 +0000 2021",76,1,77,1,"@akarve Dammit. I clicked before I got it."
"1362622389847121920","Fri Feb 19 04:37:48 +0000 2021",74,3,77,0,"New rule: Always bet on the country or company with the best space program.   First prize: Mars Rover Second prize: set of steak knives Third prize: You’re fired from the future"
"1297381271920734208","Sun Aug 23 03:52:54 +0000 2020",73,4,77,0,"Portland is surreal. Wtf is going on there. They’re like a bad movie within the bad movie we’re already in."
"964044914810961920","Thu Feb 15 07:53:13 +0000 2018",72,5,77,0,"There's a dozen people I'd like to get to know better, hang out with, have deeper chats with, collaborate with over many years.  No 2 of them live in the same city. No 3 in the same country. No 4 on the same continent.  The Internet is like a piquant whiff of an impossible life."
"1348373258018594816","Sun Jan 10 20:56:50 +0000 2021",72,5,77,0,"robots are the answer  the more robots we build and deploy visibly in more places, the more we'll have an appetite for new polities that are breaks from the past  that's my political slogan  Build More Robots"
"1253435199284625410","Thu Apr 23 21:26:53 +0000 2020",72,5,77,0,"elite overproduction go brr  at this rate, there will be 3 covid19 recovery strategy papers for every human alive"
"1083601880427548672","Fri Jan 11 05:49:55 +0000 2019",71,6,77,0,"I wrote a post about my PhD advisor, who passed away a few years ago. Probably the single person most responsible for how I think. https://t.co/pDJ0ZRguAJ"
"1037578742527229952","Thu Sep 06 05:50:24 +0000 2018",71,6,77,0,"Time — social time that is — really only exists within institutions. One thing you learn very quickly once you leave the institutional world is that feral life is unclocked. Things only happen if you make them happen. Otherwise you degenerate to time = chronobiology + $-burndown"
"1444871583177211912","Mon Oct 04 03:46:44 +0000 2021",71,6,77,0,"Emerson: “The mind, once stretched by a new idea, never returns to its original dimensions.”  Is the inverse true or false?  A mind once contracted by a major crisis,* never returns to its original dimensions.  * ‘crisis’ seems like natural inverse, as in crisis of faith/meaning"
"1274476267786522624","Sat Jun 20 22:56:35 +0000 2020",71,6,77,0,"We may be overthinking masks and underthinking everything else.  Agency distortion: when the one thing you can control becomes everything you think about.  A bit like Parkinson’s law."
"1070529180364767233","Thu Dec 06 04:03:40 +0000 2018",70,7,77,0,"All this obsession with human and machine intelligence is just displaced anxiety over what we’re in denial about — stupidity is growing faster than intelligence.  If you think stupidity must go down as intelligence goes up, guess what you are?"
"1243385495381397506","Fri Mar 27 03:52:57 +0000 2020",70,7,77,0,"The economy needs better buttons for pause, stop, hard shutdown, safe reboot etc. This crash-only design doesn’t work."
"1187622061776109573","Fri Oct 25 06:48:59 +0000 2019",70,7,77,0,"Meek or strong is almost irrelevant. Those who want to inherit the earth inherit the earth. Most people don’t. Who needs the hassle.  The ones who do are mostly psychopaths."
"1184179678250033152","Tue Oct 15 18:50:10 +0000 2019",70,7,77,0,"lol ""when social psychologist Brett Pelham and his team analyzed the records of graduates from dental and law schools, they found a statistical overrepresentation of dentists named Dennis and Denise, and of lawyers named Laura or Laurence""  (from The Brain by David Eagleman)"
"1434231014402899973","Sat Sep 04 19:04:55 +0000 2021",69,8,77,0,"There are no pills. Pills are a sophomoric allegory for people for whom it’s all a game and there’s no real stakes. https://t.co/dVcuXU1HAz"
"1227428115967725568","Wed Feb 12 03:04:02 +0000 2020",69,8,77,1,"@literalbanana Doctor: you only have a few hours to live I’m afraid, how would you like to spend them?  Patient: Bring...me...startup...podcast...at...8x...speed"
"1285238437147103232","Mon Jul 20 15:41:36 +0000 2020",68,9,77,0,"Remember you’re  ̶u̶n̶i̶q̶u̶e̶ neuroatypical, just like everyone else"
"1131435693052268544","Thu May 23 05:44:24 +0000 2019",68,9,77,0,"Just realized why I’m not as anti-minimalism as many baroque-complexity fetishists. Minimalism is simplicity caused by anxiety response to complexity (aesthetic Waldenponding). But there’s simplicity on other side of complexity: essensification. Iteration towards intense essence. https://t.co/JWbacTOLrK"
"1124386708777082880","Fri May 03 18:54:16 +0000 2019",66,11,77,0,"This is a brave attempt by @lou_keep to make a difficult point. I've tried and failed to make it myself multiple times in conversation, but never in an essay. Whoever can make this point in a crystal clear and evocative way can probably be president. https://t.co/lyAAzf7VVe"
"1236445919379214336","Sun Mar 08 00:17:33 +0000 2020",62,15,77,0,"🦊 So wonder. Much puzzle 🤔  “The CDC got this right with H1N1 and Zika, and produced huge quantities of test kits that went around the country,” Thomas Frieden, the director of the CDC from 2009 to 2017, told us. “I don’t know what went wrong this time.” https://t.co/upMnsHSP8D"
"816717022616637440","Wed Jan 04 18:44:46 +0000 2017",60,17,77,0,"I was interviewed on general macrotrends @realvision by @RaoulGMI. They've kindly put the video outside the paywall https://t.co/sdmxUU88gs"
"754083037348925440","Fri Jul 15 22:39:40 +0000 2016",51,26,77,0,"""There are decades where nothing happens, and weeks where decades happen"" - Lenin. I'd say at least 4-5 weeks in 2016 have been decade-weeks"
"753259873115054081","Wed Jul 13 16:08:43 +0000 2016",48,29,77,0,"Hehehe. Sometimes web gives me thesis and antithesis within seconds of each other: https://t.co/Etazo0dUcP and https://t.co/7yVR6l0t3k"
"732024887376666628","Mon May 16 01:48:28 +0000 2016",47,30,77,0,"Yup. All of Eric Hoffer's 'The True Believer' (1951) is applicable to Trump, but this bit is particularly salient. https://t.co/MC5oheC1r8"
"1541666185292283906","Tue Jun 28 06:13:56 +0000 2022",75,1,76,0,"Apps suck. There’s gotta be a better way to go beyond the browser"
"1525567331421655040","Sat May 14 20:02:50 +0000 2022",75,1,76,0,"Weird there’s no proper measure of how lucky someone is, relative to expectations based on birth circumstances (genes, family situation, etc). I think I’m about +1 sigma luckier relative to mean of my birth bell curve"
"1366070829071486978","Sun Feb 28 17:00:40 +0000 2021",74,2,76,0,"enough tech exists to create a digital ghost of anyone alive today. Gpt-3 + deep nostalgia = potterverse portraits"
"1200221019526418432","Fri Nov 29 01:12:44 +0000 2019",73,3,76,0,"True or false? The most popular science fiction tends to envision a high-agency future for the professional class, irrespective of whether it us otherwise utopian or dystopian. They’re middle class professionals.  The most popular fantasy otoh seems to focus on high or low born."
"1593118508338270209","Thu Nov 17 05:47:05 +0000 2022",72,4,76,0,"I think the high-gravitas people are going to survive this much better than the shitposters  The air is being sucked out of the rooms mainly from in the lower shitposter floors."
"1291966266765275137","Sat Aug 08 05:15:36 +0000 2020",71,5,76,0,"Slippery slope to failed state here we come"
"1251568616203411456","Sat Apr 18 17:49:45 +0000 2020",71,5,76,0,"One unpopular opinion I hold relative to people with similar politics to mine: I could never stand The West Wing. Awful, pretentious, self-congratulatory show, of/by/for “elites” in the demonized sense used today."
"1039364225389363201","Tue Sep 11 04:05:16 +0000 2018",70,6,76,0,"Anything artists and creative writers are 100% united against is 100% sure to happen"
"1453817845167517702","Thu Oct 28 20:15:59 +0000 2021",70,6,76,0,"Every word in the acronym MBA feels anachronistic   Masters — suggests the existence of authoritative institutionalized knowledge where there is none  Business — suggests a cleanly separated zone of private sector work  Administration — suggests that bureaucracy is agency"
"994424564175155201","Thu May 10 03:51:06 +0000 2018",69,7,76,0,"Heh I’m in minority on robot/AI self-disclosure. I’d like them to disclose they’re AIs if asked directly, but not be forced to volunteer the info.   I guess we’re in 3 laws of robotics territory. I for one, will defend the rights of R. Duplex Olivaw to drop the R."
"1483200080425336835","Mon Jan 17 22:10:30 +0000 2022",69,7,76,0,"If immortality were a thing, there would still be that one 50,000 year old caveman waiting for “one real use case” for the wheel."
"1343774467982389251","Tue Dec 29 04:22:53 +0000 2020",68,8,76,0,"“It’s never over, you just let go”   good line from The Boys. Context irrelevant."
"1029180613046071296","Tue Aug 14 01:39:14 +0000 2018",65,11,76,0,"“I feel stupid and contagious” is a good description of the mental state people are in when they log on to Twitter"
"1048338731478867969","Fri Oct 05 22:26:45 +0000 2018",63,13,76,0,"If an alien appears in your living room and says “take me to your leader”, to whom do you take it?"
"1114711797045399552","Sun Apr 07 02:09:37 +0000 2019",63,13,76,0,"Epistemic obesity: believing too many things relative to the quantity of reality encountered  Epistemic anorexia: believing too few things to sustain a life  Epistemic bullimia: Repeatedly believing too much, then rejecting it all in a fit of disillusionment till the next bunge"
"929597445473837058","Sun Nov 12 06:31:16 +0000 2017",60,16,76,0,"Is this what the invention of money felt like the first time around?  Urg: Don't listen to Grg, seashells are the real money  Grg: Yeah right, are you going to listen to the guy hyping chunks of salt?"
"1248815267297161216","Sat Apr 11 03:28:56 +0000 2020",60,16,76,0,"Watching software hold the world together for a bit while the hardware slowly unravels underneath is a bit like watching a cartoon character run off a cliff and hang in the air until it realizes it and falls.   I think I’ll call it Landauer’s cliff. https://t.co/yAiWrO2lXo"
"712508576938508288","Wed Mar 23 05:17:37 +0000 2016",51,25,76,0,"Really need one of these. Hey @DeepMindAI get on it. https://t.co/vwEdnjvnlT"
"1529993588502720512","Fri May 27 01:11:12 +0000 2022",75,0,75,0,"What’s a thing you do mindfully “step by step” very often?  Eg: making pour-over coffee"
"1276767442463670272","Sat Jun 27 06:40:54 +0000 2020",73,2,75,0,"Finally on top of my crap for the first time in months and noticing the extent to which the world is not on top of its crap."
"1319797935865876480","Sat Oct 24 00:28:43 +0000 2020",72,3,75,0,"All knowledge eventually turns into a file format. All work eventually turns into file format translation work. 🤬"
"1081787804936417280","Sun Jan 06 05:41:25 +0000 2019",70,5,75,1,"@rrhoover From David Allen, creator of GTD: “The easiest way to increase your productivity is to lower your standards”"
"1516162941497667588","Mon Apr 18 21:13:08 +0000 2022",70,5,75,0,"Life is highly non-ergodic, so by default you should assume that what you learned from your own past won’t help you in your own future"
"1079935691675492353","Tue Jan 01 03:01:47 +0000 2019",69,6,75,0,"When you're used to pursuing excellence, mediocrity feels like freedom"
"972238850700398592","Fri Mar 09 22:32:59 +0000 2018",69,6,75,0,"Wine, coffee, chocolate classes are the closest we’ve come to preparing for a larger leisure society.   Maybe video game classes should be offered and structured like wine classes.  “For WoW the ideal basement temperature is 54 and it pairs well with dark chocolate and r/pol”"
"945152753269063680","Mon Dec 25 04:42:31 +0000 2017",69,6,75,0,"I feel bad about reading Wikipedia summaries of vast histories, quick glosses of big fat books, plot summaries of novels, etc. But increasingly I find it’s the only way to get anything done. Full read=luxury  I’d pay for a custom summaries service with my priorities in mind"
"1565230477484515328","Thu Sep 01 06:50:01 +0000 2022",69,6,75,0,"Most tv shows fail the “would you watch this if the people were less pretty” test 🤔"
"1068586861256302592","Fri Nov 30 19:25:35 +0000 2018",68,7,75,0,"Imagine your mind is like a car. If you had to do a 100k mile ""mental health check"" like you would with a car, what checklist of say 12 points would you look at? How?"
"1029805654842650624","Wed Aug 15 19:02:55 +0000 2018",66,9,75,0,"The reputation tax on merely being active in public spaces is now like 10x what it was in 2014. No matter what you do, you'll further piss off some already angry people, some of whom will have the time/energy to craft some bad-faith damage just for your."
"945346160352309248","Mon Dec 25 17:31:02 +0000 2017",63,12,75,0,"I’ve now lived through like 4-5 tech cycles accompanied by “but what is the use of  X?” and “old Y can do what new X does and more, and better” conversations.  Sheer waste of time.  It never matters. X will do what X will do.  X and Y people rarely learn anything from the debate."
"942112730361749504","Sat Dec 16 19:22:33 +0000 2017",62,13,75,0,"If you want to keep talking to someone, you should probably state 4 convenient truths for every inconvenient truth, and stay silent on 4 falsehoods that don't matter for every consequential 1 that you call out.  Keeping a dialogue going in infinite game mode is non-trivial."
"1389429966354345986","Tue May 04 04:01:32 +0000 2021",61,14,75,0,"So... interestingly, Scenario Z ihas I think become more likely since I wrote this thread, not less. https://t.co/W1b4rAUwyi"
"971446022143557632","Wed Mar 07 18:02:34 +0000 2018",60,15,75,0,"It is possible to believe that things are improving AND that society is full of difficult problems faced primarily by those least equipped to handle them.  Frustration with latter is what drives the former. Doesn’t happen on its own."
"951337398574526464","Thu Jan 11 06:18:05 +0000 2018",60,15,75,0,"Well, it’s official, crypto is going to be the next big tech  China has tried to ban it  Uber drivers are offering tips about it  Buffett has decided to sit it out"
"1208824756700495873","Sun Dec 22 19:00:55 +0000 2019",60,15,75,0,"Your periodic reminder that Miller's Law is the single best heuristic to apply to all your public communications, both speaking and listening. https://t.co/FMsmkBGuUl https://t.co/rlRBhN4gRK"
"634078137458913280","Wed Aug 19 19:03:03 +0000 2015",51,24,75,0,"Anything is possible if you're willing to not take all of humanity along for the ride."
"983871303600885760","Wed Apr 11 00:56:12 +0000 2018",42,33,75,0,"When sousveillance bites back 🤔 https://t.co/AegEwRFh5H"
"1430745786862784516","Thu Aug 26 04:15:52 +0000 2021",74,0,74,0,"Austin is insanely humid. Walked back to hotel from dinner at 10:30, just a mile or so but drenched. As bad as India. I don’t remember it being this bad back in 2000 when I lived here for a year.  How is this such a hot move-to destination? Pun intended."
"1342357104082833408","Fri Dec 25 06:30:48 +0000 2020",74,0,74,0,"Watching the first season of The Boys. Really effective takedown of the superhero genre. Dark enough it’s kinda hard to watch."
"1431473469334589444","Sat Aug 28 04:27:25 +0000 2021",73,1,74,0,"Weird how The Simpsons has vanished from the zeitgeist without a trace. Even the good seasons."
"1120426226483703809","Mon Apr 22 20:36:43 +0000 2019",73,1,74,0,"What interesting belief are you experimentally holding right now?  Me: that I'm an artist."
"1476781874341048323","Fri Dec 31 05:06:50 +0000 2021",72,2,74,0,"3 people sent me this already, I wonder why 🤣 https://t.co/4kGpm2b0zY"
"1443450736340205571","Thu Sep 30 05:40:48 +0000 2021",71,3,74,0,"I rarely think “TMI” but often think “TMP” — Too Much Production. People overproducing their oversharing like it’s a summer blockbuster 🧐  TMI can be charming and endearing even when cringe. TMP never is. At least not on Twitter. Maybe it works on Instagram or tiktok."
"1008526101394612225","Mon Jun 18 01:45:34 +0000 2018",70,4,74,0,"With all this well-intentioned exhortation to seek mental health help, I sometimes wonder if the reason people don’t is that mental health is a market of lemons.  I personally suspect a randomly picked mental health pro out of the phone book is more likely to harm then help. https://t.co/a3o6wmTKaL"
"970793112191684608","Mon Mar 05 22:48:09 +0000 2018",70,4,74,0,"If I weren’t a blogger I probably would have left social media in the last year.  An interesting challenge if your work requires you to stay in public info spaces is that you have to choose between believing you’re going crazy or that the culture wars are real, with real PTSD"
"1490414905287086082","Sun Feb 06 19:59:38 +0000 2022",70,4,74,0,"We need some lovecraftian cosmic horror. Not the actual thing or even an updated pastiche of it, but an equivalent memeplex that does for the 2020s what his cosmic horror world did for the 1920s. We are so busy being outraged, we have no time to be properly horrified."
"1047268325770780672","Tue Oct 02 23:33:20 +0000 2018",68,6,74,0,"When white female feminists specify ‘white male’ over just ‘male’ in a criticism, what’s the idea?  a) WMs are the main problem   b) Being W is a problem for the Ms but not the Fs being critical  c) Non-W Ms are not a structural problem because WFs outrank them socially  d) ?"
"1400484872334954497","Thu Jun 03 16:09:47 +0000 2021",68,6,74,0,"So the inside isn’t red 🤔  Reminds me of the time I learned blueberries aren’t blue on the inside https://t.co/wocOXa6hkn"
"1319862305543262208","Sat Oct 24 04:44:30 +0000 2020",68,6,74,0,"I’m not idling, I’m cognitive crop rotating"
"1150952771585077249","Tue Jul 16 02:18:19 +0000 2019",67,7,74,0,"If you enjoy Rick and Morty, you’re most likely a Jerry.  Think about it."
"961733553124864000","Thu Feb 08 22:48:41 +0000 2018",66,8,74,0,"What would happen if parents only gave children temporary code names and you had to choose your own name at 18?  It is really weird that we don't name ourselves, if you think about it."
"954235989295181824","Fri Jan 19 06:16:03 +0000 2018",66,8,74,0,"Life becomes so much easier if you just accept that you’ll  be counted among the bad guys about half the time, whether you try to be good or not.   You can intentionally get to being judged 100% bad by murdering etc, but you’ll never really top 50% good."
"1122215391592194049","Sat Apr 27 19:06:13 +0000 2019",66,8,74,0,"Somebody needs to do a critical take on the increasingly dark and authoritarian drift of the east coast trustafarian commentariat. NYT op-ed section and New Yorker as exhibits A and B. Merely annoying and hypocritical holier-than-thou moral policing is turning actively illiberal"
"1248827276407345153","Sat Apr 11 04:16:39 +0000 2020",62,12,74,0,"Anthropocene calendar of seasons  January: Wildfires February: Locusts March: Pandemic April: Volcano  Can’t wait for the rest."
"1063167788217298944","Thu Nov 15 20:32:08 +0000 2018",61,13,74,0,"Going by manosphere tropes, I’m forced to conclude if Genghis Khan were around today, he’d be hawking vitamins, supplements, and an edutainment product with   “Mastery” in the title. He’d also have a podcast and/or YouTube fitness video channel."
"1011843573312917504","Wed Jun 27 05:28:01 +0000 2018",61,13,74,0,"A lot of the social dysfunction of the US can be traced to the uncritical positivity of the culture. It’s practically illegal to be sad. Sadness is a problem to be solved with good ol’ Yankee ingenuity. Eliminated from the collective psyche like a smallpox of the soul."
"897997027266711552","Thu Aug 17 01:42:29 +0000 2017",56,18,74,0,"I made a meme https://t.co/nIa8w5BiK3"
"634803861648076801","Fri Aug 21 19:06:49 +0000 2015",56,18,74,0,"New Breaking Smart newsletter is out. ""The Next Silicon Valley"" http://t.co/wH3BxlHW0L ... this one was fun to compose as tweetstorm."
"633889188526428160","Wed Aug 19 06:32:14 +0000 2015",56,18,74,0,"Minor life changer: turning iPhone to grayscale at night (Settings &gt; General &gt; Accessibility). Less strain than inversion."
"768822882931572736","Thu Aug 25 14:50:33 +0000 2016",44,30,74,0,"The zeroth order effect of any incentive is that you adversely select for incentive-driven people over (say) volition or purpose driven ones"
"1483996006949679105","Thu Jan 20 02:53:14 +0000 2022",44,30,74,1,"@ctbeiser old frontier closing and retreating, random new ones popping up in fractal pattern"
"1460848289079726080","Wed Nov 17 05:52:28 +0000 2021",72,1,73,0,"Very impressed with how the Pharma industry comes up with an endless stream of meaningless but pronounceable and vibey names for things. How do they do it?"
"1434983185645916160","Mon Sep 06 20:53:46 +0000 2021",71,2,73,0,"What is a very obvious thing that doesn’t get said often because it would be belaboring the obvious?  This is a “prompt” and is part of “prompt Twitter.” Specifically it is a prompt to promote #belaborday, a day on which you are allowed to belabor the obvious without being cringe"
"1370575089020801034","Sat Mar 13 03:18:59 +0000 2021",71,2,73,0,"Is it just me or is Ivan illich popping up all over the place lately"
"1347075047559598080","Thu Jan 07 06:58:13 +0000 2021",71,2,73,0,"What if this is the actual start of the simulation and everything before was just unit tests?"
"1015809589160235011","Sun Jul 08 04:07:33 +0000 2018",70,3,73,0,"I suspect the deepest schism in the world today is not any of the obvious ones (left/right, race, generations, gender, auth/lib, 1%/99%) but some non-obvious one induced by technology  My candidate is asynchronous people vs. synchronous people. Text-first vs phone-interrupt"
"1244068125282189312","Sun Mar 29 01:05:29 +0000 2020",70,3,73,0,"Wife made an actual loaf of bread from scratch  We’re really doing this great indoors frontier thing. We had to shoo away some wolves while making these https://t.co/mH8zIGtgJD"
"1076736349640642561","Sun Dec 23 07:08:45 +0000 2018",69,4,73,0,"You know how on a plane sometimes there’s a cool sight that you can *just* glimpse if you press face awkwardly against window, but you don’t get a good look because angle is wrong? And sometimes  plane banks and you get lucky?   That’s what chasing down a good idea feels like."
"1304826077202669568","Sat Sep 12 16:55:53 +0000 2020",69,4,73,0,"so how are you de-elitifying yourself?"
"1448749608667017224","Thu Oct 14 20:36:37 +0000 2021",68,5,73,0,"Vibes are a good servant but a poor master, same as reason  Is there anything at all that makes for a better master than servant? I suspect not. Not even the void."
"1156715878685335552","Wed Jul 31 23:58:50 +0000 2019",68,5,73,0,"“The hours are good but the minutes are lousy”  “The days go slowly but the years go quickly”  Any other such folk wisdom or quotes reflecting time-scale separation effects in time perception?"
"1122289372735266816","Sun Apr 28 00:00:12 +0000 2019",68,5,73,0,"“Those who can, do those who can’t teach”  vs  “The best players rarely make the best coaches”  🤔"
"1326403254935228418","Wed Nov 11 05:55:54 +0000 2020",67,6,73,0,"The paradox of exceptionalism. The more exceptional you believe your nation is, the more typical you make it by your behaviors. Exceptionalists are the most universal and predictable subspecies of nationalist."
"1326393088366047237","Wed Nov 11 05:15:30 +0000 2020",67,6,73,0,"Debate: a mechanism for classical liberals to converge on each other in the belief that they are converging on the truth."
"1200828492453044225","Sat Nov 30 17:26:37 +0000 2019",67,6,73,0,"Something something “slow and steady internally coherent idea wins the race” meme is in the air 🤔  Paul Graham: https://t.co/nqWb18OvgS  Joe Edelman: https://t.co/ZfqIBDdmpc  Gabe Duquette: https://t.co/LGKj8UOPaa"
"1120104334002245632","Sun Apr 21 23:17:38 +0000 2019",67,6,73,0,"If you exclude reading, writing, speaking, and listening (ie use of language, including math or code) as mere table stakes, how would you define “intellectual” in terms of essential non-language behaviors that non-intellectuals typically don’t exhibit?"
"963166181124317184","Mon Feb 12 21:41:26 +0000 2018",66,7,73,0,"You probably have a base year for orienting your life even if you aren’t aware of it. Explanations/valuations for major life events trace back to it.  You likely also periodically rebase to a year other than your birth year.   I’ve rebased thrice: 1999, 2009, 2015"
"1128127545486917633","Tue May 14 02:39:01 +0000 2019",66,7,73,0,"What is the cheapest way to satisfy the existential hunger we imagine might be satisfied by space travel being common and widely accessible?"
"1064673894685007872","Tue Nov 20 00:16:51 +0000 2018",65,8,73,0,"Excellence is really a sign of weakness: you don’t have the strength to endure the exhausting unproductivity of mediocrity for long. So you go off and try to do great, perfect things, and cause trouble for the rest of us."
"978737258294517760","Tue Mar 27 20:55:21 +0000 2018",65,8,73,0,"Buying back your own time with money is like a stock buyback.   Unless you have a clear mission you’re freeing up time for, it’s an unimaginative retreat, not a deployment of resources.   Remaining shareholders (you/family) get minor boost in existing kind of value."
"1268362943806107648","Thu Jun 04 02:04:25 +0000 2020",65,8,73,0,"250m cut in LA budget, 150m from LAPD.  Total budget is 10.53B. Garcetti called it all Covid related, but apparently it was a bill brought by a city councilor proposing it with a defund-police motive. This is starting to hit at deeper levels."
"1096234854000152577","Fri Feb 15 02:28:50 +0000 2019",64,9,73,0,"The annoying thing about  computing is that every damn thing has to be live in an environment of scale. It's like if there were only 2 scales of cooking: cooking a meal for your family at home, and cooking for the entire planet. No intermediate scales of intermediate difficulty."
"1015108298243096576","Fri Jul 06 05:40:52 +0000 2018",64,9,73,0,"The main use I have found for stoicism is putting up with stoics"
"969776213282635777","Sat Mar 03 03:27:21 +0000 2018",64,9,73,0,"I just googled “flat earth jet lag” to see what flat earthers have to say about it.  How come there is no term like “shitsearching” to pair with shitposting?"
"1137842232340299780","Sun Jun 09 22:01:42 +0000 2019",64,9,73,0,"As a macrotrend (not isolated), stock buybacks are the most principled  way for elites to say “as a civilization, we’re collectively out of ideas and we’re doing this because our next best idea is a big orgy for senior execs on a private island, and that’s a bad look for 2019.”"
"962023825817796609","Fri Feb 09 18:02:08 +0000 2018",62,11,73,0,"The greatest discovery in social psychology in the last century is that it is funny when a cartoon character runs off a cliff but doesn’t fall down until they actually look down.   That joke explains more about human group consciousness than most textbooks."
"1489468518986702852","Fri Feb 04 05:19:02 +0000 2022",62,11,73,0,"If you promise obviously utopian outcomes don’t complain if critics evaluate you against absolutely idealistic standards"
"946777674936041473","Fri Dec 29 16:19:22 +0000 2017",61,12,73,0,"A Frankfurt newspaper did a big feature on me, ribbonfarm, and premium mediocre https://t.co/cwd4SG0J0v"
