thread_id,root_id,start_created_at,num_tweets,max_favorites,max_retweets,has_external_dependency,has_external_reply,has_external_quote,sample_text
1105334803270787072,1105334803270787072,Tue Mar 12 05:08:47 +0000 2019,25,70,11,0,0,0,I want to pose a design challenge to people interested in workflows and productivity. Call it a ribbonfarm millennium...
1108580125061181442,1108580125061181442,Thu Mar 21 04:04:32 +0000 2019,16,299,69,0,0,0,If you're reasonably open to experience  intelligent  and good at pattern matching  you'll arrive at a "seen it all" ...
1544013085681131520,1544013085681131520,Mon Jul 04 17:39:40 +0000 2022,4,37,1,0,0,0,Aging is a negative network effect
1543837122079047680,1543837122079047680,Mon Jul 04 06:00:27 +0000 2022,4,43,2,0,0,0,Apparently actual velociraptors looked like this and were turkey sized  not horse sized. https://t.co/X5yrIKza7c
1489375863493697546,1489375863493697546,Thu Feb 03 23:10:51 +0000 2022,201,24,1,0,0,0,Got lucky. I spotted 2 possibilities after second guess and went with a higher entropy unusual one just because it’s ...
1108442124125495296,1108442124125495296,Wed Mar 20 18:56:10 +0000 2019,8,24,3,0,0,0,I've long thought that the two main sensibilities you can bring to any activity are a) romantic b) classical. I now t...
1108228040880877568,1108228040880877568,Wed Mar 20 04:45:29 +0000 2019,6,27,1,0,0,0,Summer project: “PageRank” my antilibrary to surface the top books I should actually read. For each pair of books  I ...
1107914721611530242,1107914721611530242,Tue Mar 19 08:00:28 +0000 2019,31,63,14,0,0,0,Back in the day when all we had was crappy mapquest  I used to get paper maps from AAA for road trips  which I saved....
1543684576211415041,1543684576211415041,Sun Jul 03 19:54:17 +0000 2022,8,142,2,0,0,0,15y anniversary of ribbonfarm tomorrow 😵‍💫
1105711130138152960,1105711130138152960,Wed Mar 13 06:04:11 +0000 2019,11,64,42,0,0,0,This is a rare absolute must-read. The 737-MAX needs to be grounded now. This is a more serious failure than I though...
1543407937103618048,1543407937103618048,Sun Jul 03 01:35:01 +0000 2022,7,44,2,0,0,0,Apple veteran once described executive success culture there as 2 rules: do the right thing  keep Steve happy. Not a ...
1105648227959767040,1105648227959767040,Wed Mar 13 01:54:14 +0000 2019,7,26,1,0,0,0,Over the last few months I’ve successfully shifted about half my play and work life to a process-dominant model as op...
1104523976603185153,1104523976603185153,Sat Mar 09 23:26:51 +0000 2019,10,41,6,0,0,0,There’s a family of interesting related arguments:  “You are not enough people” (Vonnegut theory of marital conflict)...
1543387011892973569,1543387011892973569,Sun Jul 03 00:11:53 +0000 2022,5,36,7,0,0,0,Clarence Thomas apparently has an extended universe of opinion “Thomas has spent years essentially laying out a whole...
1104514303627952128,1104514303627952128,Sat Mar 09 22:48:25 +0000 2019,10,8,1,0,0,0,A few truths react very sharply to being disbelieved  like law of gravity. Instantaneous response to attempted transg...
1104467223417053184,1104467223417053184,Sat Mar 09 19:41:20 +0000 2019,9,91,7,0,0,0,If you search for 'PhD' on twitter  90% of what you see is thin-skinned performance of fragile authority. It's really...
1103848617998114816,1103848617998114816,Fri Mar 08 02:43:13 +0000 2019,5,13,1,0,0,0,Business is long cycles. Only now  nearly 8y into indie consulting  am I starting to see tiny signs in some of my lon...
1103524374374580225,1103524374374580225,Thu Mar 07 05:14:47 +0000 2019,20,47,11,0,0,0,I’m in the non-apocalyptic camp of climate change believers. I don’t believe even the worst case will make the world ...
1103406784297881600,1103406784297881600,Wed Mar 06 21:27:32 +0000 2019,4,19,3,0,0,0,I feel the need for a new kind of personal workflow model based on streams/threads. Multithreaded parallel/distribute...
1543342572877164544,1543342572877164544,Sat Jul 02 21:15:17 +0000 2022,6,16,1,0,0,0,I proposed this as a joke just months before the Great Weirding kicked off with the Harambe affair. Little did I know...
1103347244265140225,1103347244265140225,Wed Mar 06 17:30:56 +0000 2019,4,7,1,0,0,0,Our spatial sensory resolution is about 1/10 arc-second. Our temporal sensory resolution is about 1/10 second. AFAICT...
1102699307902201857,1102699307902201857,Mon Mar 04 22:36:16 +0000 2019,5,5,1,0,0,0,More extreme environments generally mean smaller  more compact/cozy experience containers with a higher ratio of cont...
1102686614663290880,1102686614663290880,Mon Mar 04 21:45:50 +0000 2019,6,30,5,0,0,0,Eldering™ is early-onset successor to adulting. Begins at 30. You heard it here first. Defined as retirement behavior...
1543270051330920450,1543270051330920450,Sat Jul 02 16:27:07 +0000 2022,24,225,20,0,0,0,Increasingly thinking the founding fathers were exceptionally mediocre people who did some exceptionally mediocre thi...
1102271264096366592,1102271264096366592,Sun Mar 03 18:15:23 +0000 2019,21,24,1,0,0,0,Realizing I’ve never actually learned anything non-tactile/physical (like swimming or bike-riding) as a result of exp...
1101526745616834560,1101526745616834560,Fri Mar 01 16:56:56 +0000 2019,6,23,0,0,0,0,In the spirit of seeking to disconfirm hypotheses  if you want evidence that waldenponding might be a good thing  loo...
1099369392284942336,1099369392284942336,Sat Feb 23 18:04:23 +0000 2019,18,38,9,0,0,0,There’s a vast gap of meaningful  rewarding  and lightweight creative collaboration models between (say) bantering ga...
1098849082250952704,1098849082250952704,Fri Feb 22 07:36:51 +0000 2019,7,5,0,0,0,0,Apropos of nothing  Steve Pavlina has had an impressively long career in the “online personality” game. I’m seeing FB...
1589743736376152064,1589743736376152064,Mon Nov 07 22:16:57 +0000 2022,15,219,11,0,0,0,One of the things that outsiders tend not to immediately grok about Silicon Valley  because it's so friendly  open  a...
1098760336075677696,1098760336075677696,Fri Feb 22 01:44:12 +0000 2019,5,63,11,0,0,0,Alternate interpretation of Dunbar’s number (150). It is the minimum number of people required to make a subjective w...
1098464678437507072,1098464678437507072,Thu Feb 21 06:09:22 +0000 2019,6,300,71,0,0,0,Both the Koch brothers and Robert Mercer are engineers by training.  Peter Thiel is a philosopher by training. Alex K...
1097984291126964224,1097984291126964224,Tue Feb 19 22:20:29 +0000 2019,7,11,0,0,0,0,All "meaning-making" products/services are evolving relationships between people that are on average 1/3 harvesting e...
1543077414502141952,1543077414502141952,Sat Jul 02 03:41:39 +0000 2022,4,50,0,0,0,0,Just realized I’m just a bit older than the fictional age of the youngest character in Stranger Things  Erica (9 in 1...
1097609824370638848,1097609824370638848,Mon Feb 18 21:32:29 +0000 2019,17,20,1,0,0,0,There's a concept called "packaging for e-commerce" where things are packaged mainly for shipping for online shoppers...
1097233846444089344,1097233846444089344,Sun Feb 17 20:38:29 +0000 2019,26,42,9,0,0,0,“The fox knows many things  the hedgehog knows one big thing” — Isaiah Berlin  A question: how do foxes and hedgehogs...
1096317712869945344,1096317712869945344,Fri Feb 15 07:58:06 +0000 2019,4,82,24,0,0,0,The idea that capitalists are “greedy” is interesting. I’ve only actually seen cartoon top-hat type greed among crony...
1096253719761510400,1096253719761510400,Fri Feb 15 03:43:48 +0000 2019,6,80,14,0,0,0,From Ian Cheng’s book Emissaries Guide to Worlding. Very intriguing art book that I haven’t yet figured out how to re...
1096209571482202113,1096209571482202113,Fri Feb 15 00:48:23 +0000 2019,4,41,10,0,0,0,There is no incentive to learn something when you have no desire to do more than solve an immediate problem.   To the...
1542550251281584128,1542550251281584128,Thu Jun 30 16:46:53 +0000 2022,23,107,14,0,0,0,This is starting to get kinda funny. The executive/judiciary is now a do/undo symmetry while the legislature continue...
1095382478980665344,1095382478980665344,Tue Feb 12 18:01:48 +0000 2019,5,18,2,0,0,0,TIL: Max g experienced by a human who came out alive is 46  at which g  he weighed over 7700 lbs for a few seconds. T...
1095139882517688320,1095139882517688320,Tue Feb 12 01:57:49 +0000 2019,9,20,3,0,0,0,Not true at least for me. I run away pronto if it seems like a coaching client is stealthily looking for therapy. I'v...
1095086488021196800,1095086488021196800,Mon Feb 11 22:25:39 +0000 2019,17,25,2,0,0,0,I have decided that "post truth" can be translated into "curved zeitgeist". Now I just have to map the rest of relati...
1095071402367971328,1095071402367971328,Mon Feb 11 21:25:42 +0000 2019,12,27,3,0,0,0,Sometimes the universe gives you a sign that you're on the right path. I was wondering how to apply metaphor of frene...
1094705758816460801,1094705758816460801,Sun Feb 10 21:12:46 +0000 2019,17,39,5,0,0,0,I often approach technical topics with an "art and science of X" mindset. The "art" part is usually a way of seeing r...
1094650380422602753,1094650380422602753,Sun Feb 10 17:32:42 +0000 2019,25,76,14,0,0,0,I read the GND outline. It is... depressing. This is the thing I read. I'd hoped for better. https://t.co/CHsIwOxt3A
1094286120060252161,1094286120060252161,Sat Feb 09 17:25:16 +0000 2019,5,11,1,0,0,0,10-15 years ago people talked about how there was a deep web behind corporate firewalls/offline databases etc. There ...
1094049725177769984,1094049725177769984,Sat Feb 09 01:45:55 +0000 2019,6,14,2,0,0,0,De facto Neoliberal Green Deal (NGD): move energy-intensive manufacturing to China  and hope to god they don’t back o...
1093626565961760768,1093626565961760768,Thu Feb 07 21:44:26 +0000 2019,9,31,3,0,0,0,Thanks to mining data from @backus I was able to construct an internal page rank for all ribbonfarm posts. See screen...
1093573855765921792,1093573855765921792,Thu Feb 07 18:14:59 +0000 2019,18,9,3,0,0,0,Yesterday 3 buddies and I ran the birth-order poll (in age order  separated by 5-10 years: @vegan  me  @gravity_levit...
1542314031569981440,1542314031569981440,Thu Jun 30 01:08:14 +0000 2022,8,55,2,0,0,0,People worry about how humans would rebuild after a significant apocalypse  but I wonder whether the survivors would ...
1093282251742179329,1093282251742179329,Wed Feb 06 22:56:15 +0000 2019,5,17,2,0,0,0,Thought: the Democrat candidate in 2020 will be judged more by the process used to select her or him than their perso...
1093235750676574209,1093235750676574209,Wed Feb 06 19:51:28 +0000 2019,9,37,3,0,0,0,A bit of meta-commentary on Strauss-Howe generational cycles. It's the Myers-Briggs of American sociology. If you tak...
1542237544351277056,1542237544351277056,Wed Jun 29 20:04:18 +0000 2022,19,46,4,0,0,0,I really like Lincoln’s newsletter but this is a view of the worldview never agree with. Publishing  even “publishing...
1092214078603288576,1092214078603288576,Mon Feb 04 00:11:43 +0000 2019,4,13,3,0,0,0,Definition: A frontier is a place where allocation of survival effort is largely determined by the novelty in the env...
1092176056457428992,1092176056457428992,Sun Feb 03 21:40:38 +0000 2019,19,12,1,0,0,0,Good question. There's a fork in the road at some point in a blog's growth. Either you add staff managerial and suppo...
1092155868932534272,1092155868932534272,Sun Feb 03 20:20:25 +0000 2019,25,54,10,0,0,0,The medium is the message. A thread on the future of blogging as a creative medium from the perspective of the evolut...
1091810009946550272,1091810009946550272,Sat Feb 02 21:26:05 +0000 2019,5,25,2,0,0,0,Besides twitter  other thing I've been doing a lot of in the last 2y while slacking off on blogging has been my break...
1091792315025215488,1091792315025215488,Sat Feb 02 20:15:47 +0000 2019,25,227,57,0,0,0,A thread on innovation theory pointing out some connections that have been clear in my head for years  but I’m realiz...
1090663223873785856,1090663223873785856,Wed Jan 30 17:29:10 +0000 2019,9,13,7,0,0,0,Just realized why I’m skeptical of case method of MBA teaching (which I’ve never experienced live  not having an MBA)...
1090365629033373696,1090365629033373696,Tue Jan 29 21:46:38 +0000 2019,4,19,2,0,0,0,All people are infintely complex  but they’re generally only relatively interesting to the degree you care about them...
1090348697831976960,1090348697831976960,Tue Jan 29 20:39:21 +0000 2019,11,47,2,0,0,0,I'm becoming more snobby about work than I can probably afford to be from a financial perspective. Like Sherlock Holm...
1542172934474571776,1542172934474571776,Wed Jun 29 15:47:34 +0000 2022,5,12,0,0,0,0,Command line UX = static tree environments  with an list/up/down orientation where a) nothing changes unless you chan...
1542021479784513536,1542021479784513536,Wed Jun 29 05:45:44 +0000 2022,4,32,4,0,0,0,Ok this is some fine metamodernism if true https://t.co/6LxurSOk70
1090290273442095104,1090290273442095104,Tue Jan 29 16:47:12 +0000 2019,4,6,0,1,1,0,@benthompson @JonathonSprings @mlinsey @antoniogm Xerox has a product called print market port that used reverse auct...
1089636297000476672,1089636297000476672,Sun Jan 27 21:28:32 +0000 2019,11,12,3,0,0,0,Moravec’s paradox is really a statement about closed vs open worlds and intelligence-based versus survival-based rewa...
1089029126252486657,1089029126252486657,Sat Jan 26 05:15:51 +0000 2019,4,13,0,0,0,0,“Weak on border security” is a surreal policy phrase looking for content to attach itself to. It’s like “weak on Mart...
1541987384518029313,1541987384518029313,Wed Jun 29 03:30:15 +0000 2022,4,8,1,0,0,0,Is Dominion theology the same thing as evangelical Christianity?
1088328519652827136,1088328519652827136,Thu Jan 24 06:51:53 +0000 2019,20,64,14,0,0,0,It’s when you consider problems like air traffic control (ATC) on a busy continent that practical problems with liber...
1087474643324129280,1087474643324129280,Mon Jan 21 22:18:53 +0000 2019,10,29,6,0,0,0,I think both are super misleading. When you look at economic measures living standards get reduced to material well-b...
1589714576748478464,1589714576748478464,Mon Nov 07 20:21:05 +0000 2022,7,23,4,0,0,0,Poll: Is the Elon acquisition a good or bad thing  and are you a Founder/VC vs not?
1589723935238950912,1589723935238950912,Mon Nov 07 20:58:16 +0000 2022,7,17,0,0,0,0,Can't tell if it's deliberate or not  but it looks like implicit threads (replying to yourself  1 tweet at a time) ha...
1541928491024666624,1541928491024666624,Tue Jun 28 23:36:14 +0000 2022,6,8,0,0,0,0,First movie out post-pandemic — Jurassic World Dominion at the Chinese Theater. Very satisfying. Loved the Barabasol ...
1087186955467554816,1087186955467554816,Mon Jan 21 03:15:43 +0000 2019,21,71,8,0,0,0,One reason I champion mediocrity is that alternative is obviously dystopian:  Upper class of exceptional superhumans ...
1086804239085535232,1086804239085535232,Sun Jan 20 01:54:57 +0000 2019,4,9,0,0,0,0,I've been trying to come up with a good definition of bad faith. Here's the best I've come up with: a big half-truth ...
1086760195156393985,1086760195156393985,Sat Jan 19 22:59:56 +0000 2019,4,13,1,0,0,0,I can see why people go pro-troll. Sometimes the clumsiness of outrage-merchanting is so extreme I feel like pitching...
1086686837798711296,1086686837798711296,Sat Jan 19 18:08:26 +0000 2019,9,21,4,0,0,0,2 kids found 2 similar boxes. They opened box 1. It contained a cookie. Kid 1 immediately grabbed it and started eati...
1080280872715046912,1080280872715046912,Wed Jan 02 01:53:25 +0000 2019,4,66,2,0,0,0,Added to #ignore folder: Louis CK crap.   I’m going to start publicly documenting my #ignore decisions. Feel free to ...
1540838971386626049,1540838971386626049,Sat Jun 25 23:26:52 +0000 2022,7,24,0,0,0,0,Multiverse of madness time
1541463243272486912,1541463243272486912,Mon Jun 27 16:47:30 +0000 2022,30,64,2,0,0,0,Is there a way to auto-generate a weekly changelog page from a @RoamResearch graph? As in:   Changelog 6/21/22 - 6/26...
1086469760269742082,1086469760269742082,Sat Jan 19 03:45:51 +0000 2019,4,93,11,0,0,0,An awful fate you can suffer is becoming fundamentally bored with yourself. If hell is other people  that makes you a...
1084495739399458817,1084495739399458817,Sun Jan 13 17:01:47 +0000 2019,13,15,4,0,0,0,N=141 (dropping option 4). Among people to whom the term ‘Person of Color’ (POC) applies  50% dislike it  10% like it...
1084160344669401088,1084160344669401088,Sat Jan 12 18:49:03 +0000 2019,7,153,9,0,0,0,Podcasts imo a true problem-to-be-solved (in Clay Christensen sense) medium. Very few people actually prefer audio as...
1082748491510607872,1082748491510607872,Tue Jan 08 21:18:51 +0000 2019,4,23,5,0,0,0,Subcultures get so easily reified into communities these days. “I’m interested in __” slides into “I’m in __ communit...
1082378775210283008,1082378775210283008,Mon Jan 07 20:49:44 +0000 2019,4,23,2,0,0,0,There's a strong correlation between management thinking and personal growth thinking. Most young people make an anal...
1082339743335997440,1082339743335997440,Mon Jan 07 18:14:38 +0000 2019,20,9,3,0,0,0,I’m seeing an interesting parallel between my work gigs on energy  transition stuff (fossil fuels + combustion tech  ...
1082307198410092546,1082307198410092546,Mon Jan 07 16:05:19 +0000 2019,4,1,0,1,1,0,@lemire @excitedstoat @lemeshko @gravity_levity @LauraDeming You might be conflating difficulty of work with difficul...
1353582663769055237,1353582663769055237,Mon Jan 25 05:57:10 +0000 2021,30,1063,233,0,0,0,Scenario Z: Covid is never brought under control  mutates too much every season to be managed like the flu  and goes ...
1541145502095331328,1541145502095331328,Sun Jun 26 19:44:55 +0000 2022,6,83,4,0,0,0,Did “operator” leak into SV discourse from special forces terminology or is it unrelated?  Noting a microtrend of mil...
1081987136541224960,1081987136541224960,Sun Jan 06 18:53:30 +0000 2019,16,19,2,0,0,0,Amazingly  my two matched polls each had exactly 384 responses  over roughly the same 24h period  so this is a decent...
1081956179033485312,1081956179033485312,Sun Jan 06 16:50:29 +0000 2019,4,2,0,1,1,0,@lemire @excitedstoat @lemeshko @gravity_levity @LauraDeming If we did far fewer would gain the confidence to ever ma...
1081751821373165568,1081751821373165568,Sun Jan 06 03:18:26 +0000 2019,4,1,0,1,1,0,@fortelabs 13957 tweets total 1163/month 38/day or assuming 16 waking hours  2.3/hour or 1 every 25 minutes
1081260129171820544,1081260129171820544,Fri Jan 04 18:44:38 +0000 2019,15,16,1,0,0,0,Beef-only thinking isn’t a problem when strangers you dislike do it. Just ignore/avoid getting in their sights.   It’...
1081095200145956870,1081095200145956870,Fri Jan 04 07:49:16 +0000 2019,12,66,8,0,0,0,“Growth for the sake of growth is the ideology of the cancer blog”   With apologies to Edward Abbey.  I’m turning int...
1279451428302422016,1279451428302422016,Sat Jul 04 16:26:06 +0000 2020,92,523,75,0,0,0,I think it’s time to start making my thread of threads and begin reeling in my dissipated brain.  1. Boundary intelli...
1078201085188173825,1078201085188173825,Thu Dec 27 08:09:05 +0000 2018,4,189,33,0,0,0,Straussian Silence: When noted intellectual leaders are pointedly silent on matters you know damn well they have clea...
1080987617024327680,1080987617024327680,Fri Jan 04 00:41:46 +0000 2019,5,206,19,0,0,0,One reason I’m increasingly interested in mediocrity as an ethos is that I sense this creeping  paralyzing perfection...
1080993644213989376,1080993644213989376,Fri Jan 04 01:05:43 +0000 2019,4,3,0,0,0,0,Awkward staged affect is not a liability for a politician  so long as it isn’t in all situations  all the time. In fa...
1080351711024148481,1080351711024148481,Wed Jan 02 06:34:54 +0000 2019,19,67,7,0,0,0,I think in 2018 for the first time I may have made more of my income from climate/energy/sustainability type gigs tha...
1540389772010475520,1540389772010475520,Fri Jun 24 17:41:55 +0000 2022,4,17,2,0,0,0,My “smartmouth” spec-design project inspired by quoted thread officially kicks off with this rough analysis of a huma...
1481426214237523970,1481426214237523970,Thu Jan 13 00:41:47 +0000 2022,34,81,3,0,0,0,Beginning my animation career on Procreate ht @KikiSchirr https://t.co/ivRtFgxCtu
1540579076590559233,1540579076590559233,Sat Jun 25 06:14:09 +0000 2022,12,7,0,0,0,0,Finally figured out I need a third pair of glasses. My reading prescription is now strong enough (+2.25) that while r...
1080011520229048320,1080011520229048320,Tue Jan 01 08:03:06 +0000 2019,23,163,33,0,0,0,By way of Happy New Year wishes  here’s what I hope can be a helpful  perhaps even a bit healing thread  as we enter ...
1079460296022867968,1079460296022867968,Sun Dec 30 19:32:44 +0000 2018,14,31,3,0,0,0,Hmm. @Meaningness has claimed metarationality and @sarahdoingthing has claimed postrationality. I need to claim a pre...
1079426151414562817,1079426151414562817,Sun Dec 30 17:17:03 +0000 2018,4,16,0,1,1,0,@sonyaellenmann I don’t think this is correct. What they’re actually mad about is that being on top of the global soc...
1589487014361337856,1589487014361337856,Mon Nov 07 05:16:50 +0000 2022,4,52,3,0,0,0,Search “mastodon” on twitter. The confusion is truly hilarious.  When you manage to confuse both right and left  you ...
1540418740260507648,1540418740260507648,Fri Jun 24 19:37:01 +0000 2022,6,22,0,0,0,0,The last 10y of my posts on ribbonfarm have turned into a weird memory blackhole since I haven’t properly anthologize...
1078715658936832000,1078715658936832000,Fri Dec 28 18:13:49 +0000 2018,4,36,6,0,0,0,You can’t really learn from anyone with intelligence significantly different from your own  only be surprised by them...
1078419335956201473,1078419335956201473,Thu Dec 27 22:36:20 +0000 2018,6,24,1,0,0,0,Coming up on 7-year anniversary of going free-agent. The opposite of the utopian dream of passive income was dystopia...
1078355675908993024,1078355675908993024,Thu Dec 27 18:23:22 +0000 2018,8,26,1,0,0,0,If you have an active life of the mind  about 10 years of mind-aging (fueled by learning  thinking  creating) creates...
1539379633145073664,1539379633145073664,Tue Jun 21 22:47:59 +0000 2022,10,31,3,0,0,0,Just done with dentist appointment. Idle thought occurred to me that we haven’t really explored the idea of robotic t...
1538650046308024320,1538650046308024320,Sun Jun 19 22:28:52 +0000 2022,23,323,26,0,0,0,Finally reading @p_millerd’s book. It’s really good. Really drives home the extent to which the culture of modern wor...
1077660996183810048,1077660996183810048,Tue Dec 25 20:22:58 +0000 2018,10,42,10,0,0,0,People who want to theorize post-consumerism fail because they fail to identify a strong positive-valence  positive-f...
1540057656630554624,1540057656630554624,Thu Jun 23 19:42:12 +0000 2022,4,48,4,0,0,0,This idea is mostly wrong.  “The only thing necessary for the triumph of evil is that good men do nothing.”  True evi...
1540000084745547776,1540000084745547776,Thu Jun 23 15:53:26 +0000 2022,23,10,2,0,0,0,From gender essentialism to construct essentialism https://t.co/oFvNwwofOm
1075454872684703744,1075454872684703744,Wed Dec 19 18:16:37 +0000 2018,16,45,10,0,0,0,Been reading a lot of Terry Pratchett and I have Deep Thoughts inspired by the character of Vetinari  the Patriarch o...
1074890050213621760,1074890050213621760,Tue Dec 18 04:52:13 +0000 2018,25,180,58,0,0,0,You know that line about judging people by their actions rather than their words? What about people whose only non-tr...
1074822050139656192,1074822050139656192,Tue Dec 18 00:22:00 +0000 2018,22,7,0,0,0,0,Crackpot metaphysics math/geometry alert.   This thread is likely only of interest to people who follow the backstage...
1074493715983388672,1074493715983388672,Mon Dec 17 02:37:19 +0000 2018,25,28,4,0,0,0,I’ve been wondering why there are no “own the illibs” memes. Then it hit me: the main way any sort of liberal (big te...
1074077378626805760,1074077378626805760,Sat Dec 15 23:02:57 +0000 2018,4,100,14,0,0,0,The idea of original sin plus the idea of Jesus having already paid for your sins is fascinating. It’s like being bor...
1074021590877097984,1074021590877097984,Sat Dec 15 19:21:16 +0000 2018,11,28,4,0,0,0,Thinking at it’s most basic is enduring violence inside your head so you can avoid it outside.  If “peace” to you mea...
1073706479352303617,1073706479352303617,Fri Dec 14 22:29:07 +0000 2018,15,43,14,0,0,0,2019 resolution: "let's make things boring".  "The opposite of every great truth is also a great truth" -- Niels Bohr...
1073447207536185344,1073447207536185344,Fri Dec 14 05:18:52 +0000 2018,4,27,1,0,0,0,Tried Just Egg vegan egg. Real close on some dimensions  less so on others. 90% of the texture  50% of the flavor pro...
1539443351883161601,1539443351883161601,Wed Jun 22 03:01:11 +0000 2022,11,45,2,0,0,0,Main character: “Yolo  let’s cut the blue wire!”  Cuts wire  Red light starts blinking  alarm goes off. Countdown tim...
1072570753613266944,1072570753613266944,Tue Dec 11 19:16:09 +0000 2018,25,43,9,0,0,0,There’s a trend in the business world I’d like to call out: the Consumerization of Employment (CoE). Employment relat...
1071889268904157184,1071889268904157184,Sun Dec 09 22:08:11 +0000 2018,26,36,7,0,0,0,There are 2 kinds of people: external versus internal locus of control (ELoC vs ILoC)  based on how they tend to expl...
1539435476599201792,1539435476599201792,Wed Jun 22 02:29:53 +0000 2022,8,80,6,0,0,0,Infrastructure people don’t have main character energy but also don’t have side character energy  Gonna call it ortho...
1539477096493244416,1539477096493244416,Wed Jun 22 05:15:16 +0000 2022,6,29,0,0,0,0,Is there a male equivalent of debutante balls?
1071460531570008066,1071460531570008066,Sat Dec 08 17:44:32 +0000 2018,4,30,7,0,0,0,Vaguely satisfying thing about malaise spreading to France is there are now basically no exceptions. Last big domino ...
1071084422596706305,1071084422596706305,Fri Dec 07 16:50:00 +0000 2018,4,15,2,0,0,0,Kinda gets it half right. What it misses is that orgs crank up the natural “masculinity” knob because they haven’t bu...
1069657064937418752,1069657064937418752,Mon Dec 03 18:18:12 +0000 2018,30,44,12,0,0,0,Just had an epiphany thanks to a comment of @krrishd on another thread. The sense of being "forgotten" by a grand nar...
1068336253827858432,1068336253827858432,Fri Nov 30 02:49:46 +0000 2018,25,27,5,0,0,0,Income/wealth inequality is not a good proxy for agency inequality. Many developing countries have high $ inequality ...
1068240511717171200,1068240511717171200,Thu Nov 29 20:29:19 +0000 2018,25,18,2,0,0,0,A thread about mysteries.  A mystery is a clear pattern that points *dramatically* to the existence of an unexplained...
1067946589837094912,1067946589837094912,Thu Nov 29 01:01:23 +0000 2018,4,76,38,0,0,0,This is a compact distillation of wisdom from nearly 4 years of Renee's frontline tactical work and backroom stratege...
1589451532575346688,1589451532575346688,Mon Nov 07 02:55:50 +0000 2022,16,236,15,0,0,0,People who come here for “news” start from TV news (like Trump) and come here to fight about it. They’re about 4-8 we...
1589409718430478336,1589409718430478336,Mon Nov 07 00:09:41 +0000 2022,31,126,11,0,0,0,This is actually a good test. If a little friction stops you you’ll end up with twitter “alternatives” that offer dis...
1067498899030462465,1067498899030462465,Tue Nov 27 19:22:25 +0000 2018,4,50,10,0,0,0,Botmark: a human so easily fooled by a bot  even a potato could pass the Turing test with them.  Botmark trashmob: la...
1539354829604024320,1539354829604024320,Tue Jun 21 21:09:25 +0000 2022,6,55,4,0,0,0,I think I stopped being “primarily western” in the last 5 years the way I stopped being “primarily Indian” in the ear...
1539340634426728448,1539340634426728448,Tue Jun 21 20:13:01 +0000 2022,8,35,1,0,0,0,Finally finished Octavia Butler’s Lillith’s Brood trilogy 🤔  Totally not my kind of SF and I didn’t expect to enjoy i...
1066060031957786624,1066060031957786624,Fri Nov 23 20:04:52 +0000 2018,7,144,21,0,0,0,I’m pretty capitalist  but the idea that markets are the smartest large-scale entities we’ll ever invent is deeply de...
1066032806554288128,1066032806554288128,Fri Nov 23 18:16:41 +0000 2018,4,29,4,0,0,0,There's an episode of Friends that nails the fundamental silliness of foodie culture. Phoebe is nostalgically reminis...
1066017724269096960,1066017724269096960,Fri Nov 23 17:16:45 +0000 2018,4,9,1,1,1,0,@sonyaellenmann But there's stuff going on here that's actually more interesting than the culture wars. See this thin...
1065496879268392961,1065496879268392961,Thu Nov 22 06:47:06 +0000 2018,4,11,1,0,0,0,Fun story  when I applied to grad schools back in the day and professors still sent sealed paper recommendation lette...
1539121013983682563,1539121013983682563,Tue Jun 21 05:40:19 +0000 2022,4,37,1,0,0,0,Weird to think as a species we seem to need wisdom teeth extraction by default now  Did people live in pain in histor...
1065470399754907648,1065470399754907648,Thu Nov 22 05:01:53 +0000 2018,16,49,2,0,0,0,I think impersonal institutions are toast. If you want an alternative to neopatrimonialism  start thinking of mechani...
1065149160846852096,1065149160846852096,Wed Nov 21 07:45:24 +0000 2018,5,12,3,0,0,0,Your best chance at having decent mental health as an adult is if your life turns out about 10% better than you expec...
1064779119970250752,1064779119970250752,Tue Nov 20 07:14:59 +0000 2018,4,15,1,0,0,0,"Mystery" problems that you don't understand and keep recurring no matter what you try are dangerous even if they sta...
1064261616059867136,1064261616059867136,Sun Nov 18 20:58:36 +0000 2018,4,11,0,0,0,0,The thing about distribution as opposed to production and storage of information is that it is a two-party transactio...
1539021534395650048,1539021534395650048,Mon Jun 20 23:05:02 +0000 2022,7,39,4,0,0,0,Inner loop  Water prices go up —&gt; ag water use shrinks —&gt; feed prices go up  —&gt; factory farmed meat prices g...
1064239725219799041,1064239725219799041,Sun Nov 18 19:31:37 +0000 2018,13,46,6,0,0,0,There are only 3 real challenges to free speech at the tech level a) the need for CDNs at scale b) distortions of net...
1539008018293018624,1539008018293018624,Mon Jun 20 22:11:19 +0000 2022,8,54,6,0,0,0,I don’t understand Colorado water economics. Apparently 80% is used for agriculture including… alfalfa exports for ca...
1062800540206125056,1062800540206125056,Wed Nov 14 20:12:49 +0000 2018,4,5,0,0,0,0,Links I particularly liked from latest refactorings roundup 1: Deadly vs. Holy theater: https://t.co/rsJ6WJJhud
1538951758289833985,1538951758289833985,Mon Jun 20 18:27:46 +0000 2022,8,28,5,0,0,0,Once you stop to think about it for 5 minutes  you realize that a robot being a "rover" is less about the environment...
1059210078262190081,1059210078262190081,Sun Nov 04 22:25:36 +0000 2018,26,75,22,0,0,0,A thread on cultivating an ‘unexpected bonus’ attitude to work that catalyzes actionable insights  discoveries  inven...
1538556067537252353,1538556067537252353,Sun Jun 19 16:15:26 +0000 2022,8,243,25,0,0,0,Don’t know which is worse  learned helplessness or fictive agency
1538591152294662144,1538591152294662144,Sun Jun 19 18:34:51 +0000 2022,10,275,33,0,0,0,Somebody should write an “encyclopedia of copes and rationalizations”  Copes and rationalizations are both much more ...
1058475090071801857,1058475090071801857,Fri Nov 02 21:45:01 +0000 2018,6,11,2,0,0,0,Trying to capture a hypothesis in this graph: the more all-out the effort  the less you can contain the value of the ...
1058105627648487424,1058105627648487424,Thu Nov 01 21:16:54 +0000 2018,4,20,1,0,0,0,Been thinking a lot lately about this A. N. Whitehead quote:   "Civilization advances by extending the number of impo...
1058051052975546368,1058051052975546368,Thu Nov 01 17:40:03 +0000 2018,19,72,17,0,0,0,Woke up this AM with a weirdly well-formed idea: “Internet of Migrants” based on routing pack(et)s of 2-10 people poi...
1057737553233666048,1057737553233666048,Wed Oct 31 20:54:19 +0000 2018,6,6,1,0,0,0,Had an interesting thought inspired by symmetry breaking in physics. Like a hoop rotating about its diameter with a b...
1057337690687864832,1057337690687864832,Tue Oct 30 18:25:24 +0000 2018,5,38,8,0,0,0,Nativism is an endemic poison in settled culture. Nobody is immune. I grew up close to the Bangladesh border and grew...
1057331212065198080,1057331212065198080,Tue Oct 30 17:59:39 +0000 2018,7,45,11,0,0,0,"Migrant" didn't exist as a category until modernity. Before that you had refugees  invaders  slaves  and merchants/s...
1056603055309778944,1056603055309778944,Sun Oct 28 17:46:13 +0000 2018,25,202,26,0,0,0,In practice “thinking for yourself” =  Being redpilled: Leaving large  loose tribe for small  tight one (60%)  Ignora...
1537991095065321473,1537991095065321473,Sat Jun 18 02:50:26 +0000 2022,4,70,4,0,0,0,Anyone I know built an RPi cluster? Like those little 3-4 pi toy looking racks that would fit in a shoebox? They look...
1055493554594697217,1055493554594697217,Thu Oct 25 16:17:28 +0000 2018,12,49,9,0,0,0,I get patriotism. That’s recognizing and appreciating the abstract principles a state is founded on  and occasionally...
1054086117274730496,1054086117274730496,Sun Oct 21 19:04:48 +0000 2018,17,130,23,0,0,0,How long things take has little relation to how much they matter. Swallowing an optional vitamin and a life-saving pi...
1537289191540674560,1537289191540674560,Thu Jun 16 04:21:19 +0000 2022,6,72,2,0,0,0,After years of crossing it on foot and car  took a walk through the literal Silicon Valley. 2 mile after-dinner walk ...
1052704937904242688,1052704937904242688,Wed Oct 17 23:36:30 +0000 2018,4,9,0,0,0,0,Writing series is tricky. If you try to carve a really long set of draft notes into chunks  and finish and publish th...
1536935935727656960,1536935935727656960,Wed Jun 15 04:57:36 +0000 2022,4,31,3,0,0,0,We should form paywall cartels. Especially since we are in an oil crisis.  Who wants to join my OPEC: Organization of...
1051910812611166208,1051910812611166208,Mon Oct 15 19:00:55 +0000 2018,6,3,0,1,1,0,@metamitya @fortelabs @HashFav @knovigator I built a product very similar in concept to your knovigator back in 2009-...
1536894014225408001,1536894014225408001,Wed Jun 15 02:11:01 +0000 2022,4,33,0,0,0,0,5-year old gig  steady enough to be consider a 15-20% job  finally winding down this summer. One of the best and most...
1536883509356244992,1536883509356244992,Wed Jun 15 01:29:17 +0000 2022,4,10,0,0,0,0,🤔 anyone wants adopt an ocelot?  https://t.co/dFUMXVz0Js
1050846882098962432,1050846882098962432,Fri Oct 12 20:33:15 +0000 2018,11,74,9,0,0,0,I'm not a "progressive" in the sense of expecting people to be the best versions of themselves. Nor do I believe they...
1050818484563718144,1050818484563718144,Fri Oct 12 18:40:24 +0000 2018,18,70,12,0,0,0,If you deploy your most defensible arguments in service of your least defensible intentions  you're in war mode.   If...
1049872368745631744,1049872368745631744,Wed Oct 10 04:00:53 +0000 2018,4,30,6,0,0,0,Another thing the brain is good at: divergence between actual and stated motives. Even if you don't bullshit  and put...
1049392723134824448,1049392723134824448,Mon Oct 08 20:14:56 +0000 2018,7,53,12,0,0,0,Predicting the future is a random access process  but inventing the future is a serial process. Most of us (me includ...
1049098367781855232,1049098367781855232,Mon Oct 08 00:45:16 +0000 2018,10,44,6,0,0,0,The most important patriarchal institution is obviously the trad family. What isn’t obvious is that this is also the ...
1536814416477335553,1536814416477335553,Tue Jun 14 20:54:44 +0000 2022,6,89,1,0,0,0,Alright  got @fortelabs book on my kindle to read on plane tomorrow. Time to break out the popcorn and watch our man ...
1047925106423603200,1047925106423603200,Thu Oct 04 19:03:09 +0000 2018,32,1308,314,0,0,0,1/ Lemme do a 1-slide presentation since I'm feeling job sick. Title: How to Actually Manage Attention Without Smashi...
1047351280383877121,1047351280383877121,Wed Oct 03 05:02:58 +0000 2018,5,46,2,0,0,0,As I’ve written before  mediocrity is orthogonal to ability. The Mediocre Human is not necessarily incompetent or unt...
1047214509075484672,1047214509075484672,Tue Oct 02 19:59:29 +0000 2018,4,28,1,0,0,0,One reason I avoid making up frameworks and methodologies (besides hypocrisy of doing that as a thoroughly undiscipli...
1536493258007781377,1536493258007781377,Mon Jun 13 23:38:34 +0000 2022,6,83,0,0,0,0,I’ve turned into a true salad degen. My default way of eating salad now is to eat greens straight out of a bag  then ...
1536480333021204480,1536480333021204480,Mon Jun 13 22:47:12 +0000 2022,4,6,1,0,0,0,🤔 https://t.co/jvsQnFORTK
1536180910227218433,1536180910227218433,Mon Jun 13 02:57:24 +0000 2022,4,489,37,0,0,0,Kinda sick of the creator economy. Is there a destroyer economy?
1536201325502812160,1536201325502812160,Mon Jun 13 04:18:31 +0000 2022,11,73,7,0,0,0,Starting to think this is going to take a while. AI-based religions might endure as robustly as regular religions. Ie...
1043738700637790208,1043738700637790208,Sun Sep 23 05:47:52 +0000 2018,12,68,6,0,0,0,A sentimental memory is a persistent goal for which the associated desires are illegible to you. You can only let suc...
1039892449802350592,1039892449802350592,Wed Sep 12 15:04:14 +0000 2018,4,2,0,1,1,0,@adamhump @MatthewBVarney I’m saying he’s wrong.
1536197295653330944,1536197295653330944,Mon Jun 13 04:02:31 +0000 2022,4,18,1,0,0,0,Et tu Brin?   “Sentience” is a meaningless theology term. https://t.co/8jxUVnxzg8
1038636379339546626,1038636379339546626,Sun Sep 09 03:53:04 +0000 2018,7,30,7,0,0,0,The thing I miss most about the 80s is that for a moment  briefly  there was something it was like to be simply human...
1536013123429101568,1536013123429101568,Sun Jun 12 15:50:41 +0000 2022,21,132,19,0,0,0,Pleasantly surprised to see a number of people reacting in pointedly reasonable ways https://t.co/Tkm3elGbZ7
1033435172153114624,1033435172153114624,Sat Aug 25 19:25:19 +0000 2018,9,154,13,0,0,0,If someone invites you to play with an overture (a mild good-natured insult  tossing a ball at you...)  you can accep...
1033210409979768832,1033210409979768832,Sat Aug 25 04:32:12 +0000 2018,8,42,6,0,0,0,Douchebagginess seems to be driven by 2 unconscious factors. The 1st is believing your weaknesses are immutable and d...
1031769912119709696,1031769912119709696,Tue Aug 21 05:08:11 +0000 2018,7,10,2,0,0,0,Weather forecasts in the news are okay to help promote 1-3 day = preparedness but talk about climate in very unillumi...
1031016844235169793,1031016844235169793,Sun Aug 19 03:15:45 +0000 2018,4,101,18,0,0,0,I can’t shake the feeling that we’re witnessing the end of a weird  brief  anomalous social media” era that will be l...
1029813409120837633,1029813409120837633,Wed Aug 15 19:33:44 +0000 2018,8,14,2,0,0,0,I think I just have to learn the skills of radiation-hardened writing
1029809776073424896,1029809776073424896,Wed Aug 15 19:19:18 +0000 2018,4,19,1,0,0,0,I wonder how much of the sharp dip in my interest in actually executing my blog post ideas (which are about as good/b...
1535645280598515712,1535645280598515712,Sat Jun 11 15:29:00 +0000 2022,4,82,4,0,0,0,3 people tagged me about this tweet  I think my brand is now firmly established 🤣 https://t.co/UkGBAcnakL
1535474289620549633,1535474289620549633,Sat Jun 11 04:09:33 +0000 2022,6,61,3,0,0,0,Why do Star Trek aliens often have childishly ritualistic cultures full of taboos and sacred shit they’re eager to tr...
1029021732214984704,1029021732214984704,Mon Aug 13 15:07:53 +0000 2018,7,9,1,0,0,0,Previously people used to declare blogging dead  but I’m now noticing a not so subtle shift where people talk like it...
1028703608101990400,1028703608101990400,Sun Aug 12 18:03:47 +0000 2018,5,25,9,0,0,0,Rent-over-own actually applies to capital too. Think about bitcoin mining contracts or timeshare vacation homes. The ...
1028304644685029376,1028304644685029376,Sat Aug 11 15:38:26 +0000 2018,4,111,18,0,0,0,The reason I don’t really care about climate skeptics is that I don’t need to believe they’re 100% wrong or that I’m ...
1535390879040450560,1535390879040450560,Fri Jun 10 22:38:06 +0000 2022,12,231,27,0,0,0,Suppose I have a prophetic vision that a giant space goat will eat earth unless we do an expensive ritual. I raise a ...
1027621331792056320,1027621331792056320,Thu Aug 09 18:23:12 +0000 2018,7,121,17,0,0,0,Every time I take an international trip and reinforce my physical sense of the world as a single  connected physical ...
1535278099805396992,1535278099805396992,Fri Jun 10 15:09:57 +0000 2022,4,28,3,0,0,0,TIL spreadsheet risk is a whole subfield of what probably should be called bitrot studies ht @tubelite https://t.co/r...
1027254471745622017,1027254471745622017,Wed Aug 08 18:05:26 +0000 2018,5,17,1,0,0,0,Theorizing is a very individualist mode of knowing.   Collective modes of knowing involve something that looks like t...
1535069048332988416,1535069048332988416,Fri Jun 10 01:19:15 +0000 2022,4,23,0,0,0,0,It’s probably been 15 years since I last solved an equation like this. Don’t think I’ve done anything harder than ari...
1024494915760271361,1024494915760271361,Wed Aug 01 03:19:56 +0000 2018,4,4,1,1,1,0,@adamhump Have you read Braudel or other early histories of capitalism? It's not quite that clean. In mercantilist pr...
1588988385301245952,1588988385301245952,Sat Nov 05 20:15:27 +0000 2022,9,52,5,0,0,0,I’m seeing many versions of this theory but somehow this is not compelling at all. There were some sophomoric politic...
1022573776116973568,1022573776116973568,Thu Jul 26 20:06:01 +0000 2018,6,49,12,0,0,0,Most modern institutions are designed to be navigated by individuals but most humans actually navigate institutional ...
1534782846123900928,1534782846123900928,Thu Jun 09 06:22:00 +0000 2022,6,135,4,0,0,0,Ok I’m gonna say it out loud because I actually like some of the people in weakly attached orbits  and I hope they ma...
1534756409476165638,1534756409476165638,Thu Jun 09 04:36:57 +0000 2022,8,15,1,0,0,0,Nice demonic space station
1019055600825581569,1019055600825581569,Tue Jul 17 03:06:03 +0000 2018,5,2,0,1,1,0,@nwilliams030 We’re in it!
1018584111068295169,1018584111068295169,Sun Jul 15 19:52:31 +0000 2018,12,190,47,0,0,0,How to raise a zombie troll army in 12 steps.  Step 1: Create something of real value  or if you can’t  leverage an i...
1018553597355683842,1018553597355683842,Sun Jul 15 17:51:16 +0000 2018,19,65,17,0,0,0,Fanboi class is getting worse by the day. Fanbois are only different from recently purged bot/troll accounts in being...
1018377718906286080,1018377718906286080,Sun Jul 15 06:12:23 +0000 2018,5,19,5,0,0,0,If K is number of codes you need to switch between to function in life  1/K is a good measure of your freedom.   If y...
1018165358174171137,1018165358174171137,Sat Jul 14 16:08:32 +0000 2018,5,9,3,0,0,0,Strauss-Howe generations are true-democratic analogues of imperial (“Victorian”) or elected administration (“Thatcher...
1534356587761967105,1534356587761967105,Wed Jun 08 02:08:12 +0000 2022,8,37,2,0,0,0,What is the most wokeified major institution or corporation  with the most jobs  including top jobs  being staffed in...
1015081384325443584,1015081384325443584,Fri Jul 06 03:53:55 +0000 2018,5,28,6,0,0,0,Concept: Context vortex  Like a gravity well of the mind  Like fish in water except you are aware of it  but without ...
1014931031869149184,1014931031869149184,Thu Jul 05 17:56:29 +0000 2018,5,1,0,1,1,0,@PereGrimmer Just spent 10 minutes sketching out a design for this and I could do it in matlab now... just not in any...
1534053080517398528,1534053080517398528,Tue Jun 07 06:02:10 +0000 2022,7,22,2,0,0,0,Started watching prehistoric planet on Apple TV… something surreal about how Attenborough takes his standard style fo...
1014917539887919104,1014917539887919104,Thu Jul 05 17:02:52 +0000 2018,4,34,4,0,0,0,I just figured out a way to do something like a pseudo eigenvalue/eigenvector analysis of projects: basically break t...
1533315907144933377,1533315907144933377,Sun Jun 05 05:12:54 +0000 2022,19,181,12,0,0,0,Just realized something. The essence of metamodernism is when the creative act is not what the creator does  but the ...
1533318328378224641,1533318328378224641,Sun Jun 05 05:22:31 +0000 2022,4,35,5,0,0,0,Metamodernism is about breaking the zeroth wall
1012217211383975937,1012217211383975937,Thu Jun 28 06:12:43 +0000 2018,8,96,16,0,0,0,A basic asymmetry between far left and far right is that they fight for different different things at different Maslo...
1533881461979418625,1533881461979418625,Mon Jun 06 18:40:13 +0000 2022,8,59,7,0,0,0,Doh  don't know why I didn't spot this glaring connection between ML generated outputs and Frankfurtian bullshit. htt...
1011488786709004288,1011488786709004288,Tue Jun 26 05:58:13 +0000 2018,5,14,2,0,0,0,P. G. Wodehouse did not deal with WW2 well. He was unjustly smeared as a Nazi collaborator (that reputational damage ...
1011439875223007237,1011439875223007237,Tue Jun 26 02:43:52 +0000 2018,10,54,6,0,0,0,To a first approximation  a character in a movie is interesting to the degree their motive is strong without being le...
1010379160810708992,1010379160810708992,Sat Jun 23 04:28:58 +0000 2018,33,114,58,0,0,0,1/ Tricky question: what is the opposite of a “border”? The typical fearful-right idea of a non-border is a vague fea...
1533585109751697409,1533585109751697409,Sun Jun 05 23:02:37 +0000 2022,6,28,2,0,0,0,Do Wes Anderson movies ever feature shots from non-orthonormal angles?
1005121356671799297,1005121356671799297,Fri Jun 08 16:16:20 +0000 2018,14,167,43,0,0,0,1/ You have to find a deeper motivation to work on business problems than money. Otherwise they’re only about as moti...
1003503952321581056,1003503952321581056,Mon Jun 04 05:09:21 +0000 2018,4,81,1,0,0,0,I like consulting because other people’s business problems are so much more interesting than my own. My personal biz ...
1002568565302521861,1002568565302521861,Fri Jun 01 15:12:27 +0000 2018,4,6,1,1,1,0,@literalbanana I suspect values are socially stabilized. You are honest or dishonest based on norms around you. Biase...
1532864409244119040,1532864409244119040,Fri Jun 03 23:18:49 +0000 2022,4,28,0,0,0,0,I haven’t had the energy to write a discourse-hacking/inception post since internet of beefs 2.5y ago. It’s still doa...
1001111337110421505,1001111337110421505,Mon May 28 14:41:57 +0000 2018,6,4,0,1,1,0,@literalbanana Hmm this assumes sufficient intelligence to question superficial claims of efficacy. Ie virtue signali...
1532403865726791680,1532403865726791680,Thu Jun 02 16:48:46 +0000 2022,4,38,1,0,0,0,am I metamodern? 🦋  🤔
1532227428747096064,1532227428747096064,Thu Jun 02 05:07:41 +0000 2022,9,63,4,0,0,0,feels like the golden age of tv might finally be going supernova
996400163466854402,996400163466854402,Tue May 15 14:41:25 +0000 2018,7,56,2,0,0,0,Toying with the idea of a stream-course. Structured like an online course with newer lessons dependent on older lesso...
994407963140939776,994407963140939776,Thu May 10 02:45:08 +0000 2018,13,7,2,0,0,0,I suspect automated translation between s/w standards that were not built with awareness of each other is harder than...
1588732618396536835,1588732618396536835,Sat Nov 05 03:19:08 +0000 2022,16,131,12,0,0,0,Is there a running list somewhere of advertisers who have paused twitters ads and revenue at risk?  $4m/day losses an...
993644743258079233,993644743258079233,Tue May 08 00:12:22 +0000 2018,10,52,3,0,0,0,Crash-only computing Revisionist-only history Leftovers-only cooking Shotgun-only weddings Assassination-only success...
992910906408427520,992910906408427520,Sat May 05 23:36:22 +0000 2018,7,80,20,0,0,0,When attention is very scarce  and you have some discretionary ability to boost signals  any act of public curiosity ...
1531876153723858946,1531876153723858946,Wed Jun 01 05:51:50 +0000 2022,4,523,76,0,0,0,Sometimes I suspect we only buy 3 things above basic necessities:  The rich mostly buy the belief that the world make...
1531849008934637568,1531849008934637568,Wed Jun 01 04:03:58 +0000 2022,15,53,4,0,0,0,Scheming a move back to the Seattle area by end of year. Plan B is now Chicago area. I’d guess 15-70-15 percent chanc...
992441852807688193,992441852807688193,Fri May 04 16:32:31 +0000 2018,4,43,4,0,0,0,People with crap-loaded long-handles and lots of irrelevant hashtags in tweets seem a bit like homeless people: weari...
1531850951971155968,1531850951971155968,Wed Jun 01 04:11:42 +0000 2022,5,31,0,0,0,0,I get the feeling that a lot of people and orgs are doing PR loss harvesting. What’s another ding or two when everybo...
991008095819059200,991008095819059200,Mon Apr 30 17:35:16 +0000 2018,26,53,10,0,0,0,1/ This long piece by @JamesFallows is a brave and partly successful attempt at a positive reading of the zeitgeist. ...
989972420017586176,989972420017586176,Fri Apr 27 20:59:52 +0000 2018,4,9,2,0,0,0,An constant feature of political history is the use of exile for conflict management. Like Napoleon in Elba/St. Helen...
989652951282040833,989652951282040833,Thu Apr 26 23:50:25 +0000 2018,12,21,6,0,0,0,Actual outcome is going to be more whistleblowers  competitors to Wikileaks  and mob justice together putting most bi...
989543584859738112,989543584859738112,Thu Apr 26 16:35:50 +0000 2018,5,22,1,0,0,0,Anybody have any good tricks you use to “stage” an extended effort? Examples:  Dry runs/rehearsals Mockups Putting no...
1531685197120274432,1531685197120274432,Tue May 31 17:13:02 +0000 2022,5,43,3,0,0,0,Heh  a spreadsheet is a natural no-code way to visualize a convolution :D  Just used the sumproduct function for the ...
1531435966522486784,1531435966522486784,Tue May 31 00:42:41 +0000 2022,4,81,4,0,0,0,Kinda restless with familiar sketchy “creator” ways of earning money (consulting  workshops  newsletters  courses  ad...
987725434547716097,987725434547716097,Sat Apr 21 16:11:09 +0000 2018,4,2,0,1,1,0,@nils_gilman They *are* better informed. Just not about the things *you* think they ought to better informed about.  ...
987356495640539136,987356495640539136,Fri Apr 20 15:45:07 +0000 2018,21,54,5,0,0,0,1/ Quick thought about teaching activities in the free agent world by analogy to academia.  In academia most faculty ...
986045947342827520,986045947342827520,Tue Apr 17 00:57:28 +0000 2018,11,41,10,0,0,0,I have this suspicion that there is no way to be context sensitive in a rational way. To make a rational context-depe...
1531422358233264128,1531422358233264128,Mon May 30 23:48:37 +0000 2022,4,97,4,0,0,0,I recently learned this pattern is common now:  Step 1: Invest in a startup at 100m  Step 2: a couple of up rounds la...
985592565863886848,985592565863886848,Sun Apr 15 18:55:53 +0000 2018,6,6,1,1,1,0,@stevesi It’s not a consequence of the medium  people  or wild behaviors entering civilized spaces. It is a consequen...
985349336388124677,985349336388124677,Sun Apr 15 02:49:23 +0000 2018,9,57,7,0,0,0,There is something like a project-zeitgeist fit (PZF) similar to product-market fit.  You would not pull a frat-party...
1530790757010788357,1530790757010788357,Sun May 29 05:58:51 +0000 2022,5,33,1,0,0,0,How has this not yet been transposed into a Sinbad in Space story? https://t.co/P82WiHGCH0
983000597120016384,983000597120016384,Sun Apr 08 15:16:20 +0000 2018,26,43,9,0,0,0,Feels like traditional media (NYT  Atlantic) is awkwardly reinventing focus groups. Except  instead of ex-ante custom...
1529870394034794499,1529870394034794499,Thu May 26 17:01:40 +0000 2022,35,223,27,0,0,0,Tagging an interesting microtrend that also looks important: a “step-by-step” ethos developing momentum. A general in...
981597178866032640,981597178866032640,Wed Apr 04 18:19:39 +0000 2018,21,134,33,0,0,0,1/ Until a couple of months ago  people were commenting that the market was not pricing in political risk correctly (...
1594013133156147200,1594013133156147200,Sat Nov 19 17:02:00 +0000 2022,22,272,22,0,0,0,No garage huh?  Interesting psyop to publish “historic” photos before any history is made.  Series A stage startups w...
1530316914341208064,1530316914341208064,Fri May 27 22:35:58 +0000 2022,8,10,0,0,0,0,Now watching Obi-Wan show 😎
1529941547986214912,1529941547986214912,Thu May 26 21:44:24 +0000 2022,5,17,1,0,0,0,I’m now thinking… I don’t have “5 people I associate with the most” https://t.co/rWNfmtjjT9
1529708286437519360,1529708286437519360,Thu May 26 06:17:30 +0000 2022,9,30,0,0,0,0,I think I mentally overcompensated for Mercator projection distortions. Greenland is not *that* small.
973279514531803136,973279514531803136,Mon Mar 12 19:28:13 +0000 2018,22,34,8,0,0,0,1/ Quickie tweetstorm on the danger of the "best healthcare" mythos (in terms of R&amp;D and advanced treatments) in ...
971454478825046016,971454478825046016,Wed Mar 07 18:36:11 +0000 2018,25,82,28,0,0,0,1/ I’ve concluded there are 4 types of relationships meatspace communities can have with digitization  which I call a...
1529475481694720000,1529475481694720000,Wed May 25 14:52:25 +0000 2022,4,89,7,0,0,0,In my experience this is literally true of physical energy (and noticeable on say a 2+ mile run on an empty stomach)…...
1529346222300856322,1529346222300856322,Wed May 25 06:18:47 +0000 2022,7,54,8,0,0,0,The late century population crash is going to be quite epic tragedy 🤔  The wind-down from 9 7b in 2064 should be much...
965405323895783424,965405323895783424,Mon Feb 19 01:59:00 +0000 2018,4,0,0,1,1,0,@APXHard @antoniogm It’s probably a good thing that we all double-check context for that kind of thing.   It’s not th...
1588590769849257984,1588590769849257984,Fri Nov 04 17:55:28 +0000 2022,18,30,3,1,1,0,I don't think it was a conscious pivot  but what started as a casual acquisition/turnaround idea with some spicy cult...
964580410591125504,964580410591125504,Fri Feb 16 19:21:05 +0000 2018,10,11,1,0,0,0,In online publishing you need to keep experimenting with form (visual/temporal/feedback/aesthetic structure of UX). I...
1529275581677699072,1529275581677699072,Wed May 25 01:38:05 +0000 2022,4,11,0,0,0,0,I have fallen down bunnytrail of “schwag or swag” Google search results  There is no definitive answer
1529266906141577216,1529266906141577216,Wed May 25 01:03:37 +0000 2022,4,26,0,0,0,0,I haven’t scored any decent schwag for 3 years now 🤔  Last haul was when @mike_hogan snuck me into a 2019 vanity fair...
962080553838129152,962080553838129152,Fri Feb 09 21:47:33 +0000 2018,12,20,6,0,0,0,1/ A quick tweetstorm about evolution in humor (US-centric) from 90s (Seinfeld/Simpsons/Jay Leno) to today (Rick and ...
1529228584283295744,1529228584283295744,Tue May 24 22:31:20 +0000 2022,4,7,0,0,0,0,Wonder why authors seem to get so extra excited about book covers these days
1529189261936689152,1529189261936689152,Tue May 24 19:55:05 +0000 2022,5,60,8,0,0,0,Intelligence really is the phlogiston of our era
1529159990761734146,1529159990761734146,Tue May 24 17:58:46 +0000 2022,6,183,17,0,0,0,This is gibberish based on a graph of trends in crowdsourced predictions. It's an *opinion poll*  not even something ...
1528937942806196226,1528937942806196226,Tue May 24 03:16:26 +0000 2022,6,161,6,0,0,0,It’s incredibly hard not to be a life-stage cliche on general topics  I’ll see some 33 year old say something that so...
1528460183692685312,1528460183692685312,Sun May 22 19:37:59 +0000 2022,5,49,1,0,0,0,Failkids and failgrandkids seem to be root cause of half the big  systemic problems in the world. Seems to take till ...
949778471747698688,949778471747698688,Sat Jan 06 23:03:28 +0000 2018,9,38,11,0,0,0,1/ There are no “authentic” politicians  let alone “statesmen” or “stateswomen”.   There are only Big Stories looking...
1528247988383977472,1528247988383977472,Sun May 22 05:34:48 +0000 2022,7,463,20,0,0,0,I’m increasingly impressed by the sheer surreally unironic continued existence of LinkedIn  It’ll outlast all the oth...
1588581929221521408,1588581929221521408,Fri Nov 04 17:20:21 +0000 2022,5,106,10,0,0,0,Fingers crossed that today’s twitter layoffs are the trough and there might be some good things starting in a week or...
1528123819403071489,1528123819403071489,Sat May 21 21:21:24 +0000 2022,4,37,5,0,0,0,take the No Sarcasm pledge today
1528077769413779456,1528077769413779456,Sat May 21 18:18:25 +0000 2022,8,70,5,0,0,0,Marketing  sales  and PR all require a certain streak of sadism to be good at
1528069019898507264,1528069019898507264,Sat May 21 17:43:39 +0000 2022,6,4,1,1,1,0,@michael_nielsen You can consciously calibrate it in the same way you can calibrate whether you can lift a weight saf...
939162857358344197,939162857358344197,Fri Dec 08 16:00:48 +0000 2017,7,23,5,0,0,0,The more VUCA (volatility  uncertainty  complexity  ambiguity) in the world  the less useful the state-propagation mo...
1527465389394829313,1527465389394829313,Fri May 20 01:45:02 +0000 2022,5,36,4,0,0,0,I think I tend to devalue the human because a) this species seems unduly impressed with itself and b) I’m a fairly ty...
1527451560522838017,1527451560522838017,Fri May 20 00:50:05 +0000 2022,5,85,2,1,1,0,@alexeyguzey They tend to be exceptional in other dimensions  not in these 3. I’ve met a fairly large sample  and mor...
934226164691869696,934226164691869696,Sat Nov 25 01:04:09 +0000 2017,4,2,0,1,1,0,@ckhonson Some of my thinking on this is shaped by Martin Geddes (google him) who is probably an evil twin for you
1527325672053477377,1527325672053477377,Thu May 19 16:29:51 +0000 2022,4,41,3,0,0,0,Frame controllers are so damn exhausting to deal with
932112051312386048,932112051312386048,Sun Nov 19 05:03:25 +0000 2017,4,83,20,0,0,0,"If your boss asks for loyalty  offer integrity  if your boss asks for integrity  offer loyalty" -- Boyd.   Tribalist...
932070202275127296,932070202275127296,Sun Nov 19 02:17:07 +0000 2017,16,98,8,0,0,0,Okay  it's a quiet Saturday evening and the crowds are already past this fad  so... I'll tweet one unpopular opinion ...
1526665324443013121,1526665324443013121,Tue May 17 20:45:52 +0000 2022,6,44,1,0,0,0,Noticing how increasing number of people have world views that are effectively evolving Yelp reviews of reality  Can’...
926175800260308992,926175800260308992,Thu Nov 02 19:54:52 +0000 2017,11,60,20,0,0,0,The function of a narrative is to control your surprisability. If you're always surprised or never surprised  you hav...
924304520305197056,924304520305197056,Sat Oct 28 15:59:05 +0000 2017,7,53,9,0,0,0,Network capital is vastly overrated/overvalued relative to financial and knowledge capital. People waste too much eff...
1526337840002453504,1526337840002453504,Mon May 16 23:04:33 +0000 2022,9,593,39,0,0,0,A big part of midlife is the feel of windows of opportunity closing. You don’t realize how much room a vague option w...
920361841523437568,920361841523437568,Tue Oct 17 18:52:17 +0000 2017,7,6,1,0,0,0,Narrative serialization is the worst-case instance of the batch-size reduction problem. cc @fortelabs
1526259705797963776,1526259705797963776,Mon May 16 17:54:05 +0000 2022,4,3,0,1,1,0,@QiaochuYuan @amelapay @triciapickren Doesn't seem like this is stuff you can sort out through casual introspection a...
1526249862970322944,1526249862970322944,Mon May 16 17:14:58 +0000 2022,4,70,2,1,1,0,@LauraDeming Engineering is naturally divergent and distinctionist where science is naturally convergent and unifying...
1526073957144666113,1526073957144666113,Mon May 16 05:35:59 +0000 2022,4,25,2,0,0,0,I rarely reread my own stuff  but suddenly felt like rereading this one from 2010…  https://t.co/3INOE4jTBn
917483373068673024,917483373068673024,Mon Oct 09 20:14:16 +0000 2017,33,14,7,0,0,0,1/ A neglected aspect of software-driven unbundling is unboxing: the elimination of a containing element in an old bu...
915789352084451328,915789352084451328,Thu Oct 05 04:02:50 +0000 2017,5,4,0,1,1,0,@visakanv In this world  a cadre of assassins called Bannonites mercilessly hunts and kills the Cosmos  by force-feed...
915783861316943872,915783861316943872,Thu Oct 05 03:41:01 +0000 2017,6,14,0,0,0,0,It is 2247  an ethnonastionalist-devastated future. Ronin cosmopolitan scenesters wander looking for global conferenc...
915302752720322560,915302752720322560,Tue Oct 03 19:49:16 +0000 2017,14,208,38,0,0,0,1/ I'd like to make up a theory of intelligence based on a 2-element ontology: boundary and interior intelligence
913859881433579520,913859881433579520,Fri Sep 29 20:15:49 +0000 2017,5,10,1,1,1,0,@kylemathews @fortelabs @daedtech Ambitious software (barring exceptions like bitcoin) need vast datasets  cloud-scal...
913774825235144704,913774825235144704,Fri Sep 29 14:37:50 +0000 2017,5,13,2,1,1,0,@fortelabs @daedtech Yeah  Erik sent me a preview copy  so familiar with the argument :) There's definitely an econom...
912544155833745408,912544155833745408,Tue Sep 26 05:07:35 +0000 2017,6,0,0,1,1,0,@strangeattracto I think I get it  but I don't think this is what I was asking for. I don't want compassionate humor ...
912325807028158465,912325807028158465,Mon Sep 25 14:39:57 +0000 2017,7,1,0,1,1,0,@nishaspillai @zem42 It doesn't claim to be all languages (Chinese and African languages are missing)  only proto-ind...
1525356993296207872,1525356993296207872,Sat May 14 06:07:01 +0000 2022,6,79,8,0,0,0,Surreal read. The future is either Wakanda or nothing. The rest of the world has basically decided to lay down and di...
1525002828099465216,1525002828099465216,Fri May 13 06:39:42 +0000 2022,6,73,4,0,0,0,Occasionally these days  for a few hours  I get a slight taste of the normalcy that was the pre-2015 default  and it’...
1524985069026152448,1524985069026152448,Fri May 13 05:29:07 +0000 2022,6,14,0,0,0,0,Just looked at a map. Finland is bigger than I thought.
905825893775360000,905825893775360000,Thu Sep 07 16:11:37 +0000 2017,5,2,0,0,0,0,New @tanehisicoates Atlantic essay got me thinking: no free lunch  so what's cost of Trump erasing Obama's legacy and...
904420245711896576,904420245711896576,Sun Sep 03 19:06:04 +0000 2017,12,13,2,0,0,0,1/ Done with @JamesGleick book on Time Travel. Recommended because it dares to try tho it doesn't entirely succeed ht...
901654443606683653,901654443606683653,Sun Aug 27 03:55:45 +0000 2017,16,75,14,0,0,0,1/ So I just moved apartments and reorganized my remaining paper book shelves after 25 years of selling/kindle-izng/p...
1524622110248759298,1524622110248759298,Thu May 12 05:26:51 +0000 2022,24,29,2,0,0,0,Re-reading this a week later  I’m pretty pleased with it. Rough edges and some dodgy stylings  but I’m getting there....
898210326151184386,898210326151184386,Thu Aug 17 15:50:04 +0000 2017,4,3,0,1,1,0,@benthompson @stratechery Shouldn't you have a Taiwanese bias and quote some justification theories from Sun Tzu? :D
897966821650817024,897966821650817024,Wed Aug 16 23:42:28 +0000 2017,12,13,7,0,0,0,An anti-historicist sense of history is knowing when to make exceptions for principles and taking on burden of eterna...
896592058697175040,896592058697175040,Sun Aug 13 04:39:39 +0000 2017,20,34,11,0,0,0,1/ Vipassana-ing friend of mine said deep thing about wounds of history: someone has to experience repressed/deferred...
895388465239425024,895388465239425024,Wed Aug 09 20:57:00 +0000 2017,5,2,0,1,1,0,@NickPinkston @BillSeitz @calcsam @IsaacWyatt @axios Yeah Perez should not be applied sectorally. There are arrhythmi...
1524277887041302528,1524277887041302528,Wed May 11 06:39:02 +0000 2022,7,30,2,0,0,0,Learned from Bosch: Legacy and looked up — It takes 6000 hours of compensated work as a detective to get a PI license...
892791404853772288,892791404853772288,Wed Aug 02 16:57:12 +0000 2017,28,17,3,0,0,0,1/ So slightly more structured follow-on to this unstructured riff on ambition https://t.co/X5ozAzE3IQ
892782925279707136,892782925279707136,Wed Aug 02 16:23:31 +0000 2017,6,20,3,0,0,0,I'm getting curious about psychology of shrinking horizons with age. 20% is learning  limits  20% adulting constraint...
891743615302606849,891743615302606849,Sun Jul 30 19:33:40 +0000 2017,20,22,6,0,0,0,1/ Had some thoughts on this tweetstorm prompt from Friday from @atduskgreg tulip manias vs. pet rocks... https://t.c...
1524068883715395585,1524068883715395585,Tue May 10 16:48:32 +0000 2022,8,591,63,0,0,0,“If your boss demands loyalty  give him integrity. But if he demands integrity  then give him loyalty” — John Boyd  T...
891400942611869696,891400942611869696,Sat Jul 29 20:52:00 +0000 2017,20,25,9,0,0,0,1/ Screw it  it's a tweetstormy Saturday. Let's do another one: do you get wiser with age? Preview of answer: not nec...
891351090368626688,891351090368626688,Sat Jul 29 17:33:55 +0000 2017,28,17,3,0,0,0,26/ Part 1 of Shades of Red tweetstorm  Before Breakfast here https://t.co/gwlCrYyX89 Now for Part 2: After Breakfast...
891321895886266368,891321895886266368,Sat Jul 29 15:37:54 +0000 2017,26,118,34,0,0,0,1/ Let's define civilization as as an aspirational state where there is no need to intentionally cause pain to others...
1523897081395482629,1523897081395482629,Tue May 10 05:25:51 +0000 2022,7,99,18,0,0,0,Be the slug  not the Venus flytrap https://t.co/nWDbISO1Y9
888427813727944704,888427813727944704,Fri Jul 21 15:57:51 +0000 2017,4,7,5,0,0,0,Viewed as scarce protocol-use keys  it seems odd to me that tokens are being sold to random people rather than the mo...
886440288478089216,886440288478089216,Sun Jul 16 04:20:08 +0000 2017,15,9,1,0,0,0,1/ *Ahem* (corrects spelling  puts on Hari Seldon mask) https://t.co/z6Kt6aiTLW
886434927226503168,886434927226503168,Sun Jul 16 03:58:50 +0000 2017,11,14,1,0,0,0,1/ This is a challenging tweetstorm prompt: Post-apocalyptic digital economy opportunities *cracks knuckles* https://...
1588222325006032898,1588222325006032898,Thu Nov 03 17:31:24 +0000 2022,15,126,18,0,0,0,Good subtlety here. If you are an NYT reporter or an academic epidemiologist the bluecheck is about protecting others...
886075402640179200,886075402640179200,Sat Jul 15 04:10:13 +0000 2017,10,11,1,0,0,0,1/ I have been asked to tweetstorm the history of ribbonfarm. Let this never-told-before story be told. https://t.co/...
886069440080617473,886069440080617473,Sat Jul 15 03:46:31 +0000 2017,10,20,3,0,0,0,1/ I have been asked to tweetstorm about liminal spaces. Let's do a short one *ahem* https://t.co/FEPyPStQbs
885309211495735302,885309211495735302,Thu Jul 13 01:25:38 +0000 2017,10,21,11,0,0,0,1/ Just struck me: There's some weird history rhyming with ether  tokens  and fat protocol economies
1523696777030889472,1523696777030889472,Mon May 09 16:09:55 +0000 2022,28,91,14,0,0,0,I kinda buy this argument  modulo a sort of “piercing the corporate veil” argument about institutional capture. If th...
883864030347120640,883864030347120640,Sun Jul 09 01:43:00 +0000 2017,7,57,6,0,0,0,1/ I am trying to generate a reference list of consequential non-fiction essays  help me out. Eg #1: As We May Think ...
881963088362168326,881963088362168326,Mon Jul 03 19:49:21 +0000 2017,4,11,1,0,0,0,Shared values emerge when people are curious about the same thing for different reasons....
1523534845762162690,1523534845762162690,Mon May 09 05:26:27 +0000 2022,9,30,1,0,0,0,Just rewatched Dr Strange… reminded how impressive it is to keep this going for 28 movies/shows  through 3.5 phases. ...
881632331982749696,881632331982749696,Sun Jul 02 21:55:02 +0000 2017,7,39,8,0,0,0,Pan Am/Golden Age of VC is over. Token sales = Southwest. No assigned seats  no biz class  point-to-point only  here ...
878785732004896768,878785732004896768,Sun Jun 25 01:23:40 +0000 2017,4,3,1,0,0,0,1/ Titles of papers I'd like to read in the near future  say the next few years
877342075674480640,877342075674480640,Wed Jun 21 01:47:05 +0000 2017,5,26,4,0,0,0,Stock photos of actual coins in crypto articles probably win award for most radically misleading image in tech writin...
1523444252314722304,1523444252314722304,Sun May 08 23:26:28 +0000 2022,16,26,2,0,0,0,Feel like making a big list of some sort
874870532033966080,874870532033966080,Wed Jun 14 06:06:03 +0000 2017,4,26,8,0,0,0,Blockchains and social-justice-warrioring are acting as an interesting pull-push pair of forces towards a trustless s...
872844245018697729,872844245018697729,Thu Jun 08 15:54:19 +0000 2017,6,20,6,0,0,0,Over-developed substance-over-style sensitivity is often just functional fixedness around favored tools. Common reaso...
1523384243560194048,1523384243560194048,Sun May 08 19:28:01 +0000 2022,6,9,0,0,0,0,Vacuum cleaner anecdote. We had to clean a bunch of very narrow crevices  so I suggested attaching a straw with tape ...
871395712176500737,871395712176500737,Sun Jun 04 15:58:22 +0000 2017,15,56,16,0,0,0,Being nice: listening with genuine empathy to someone complaining about their life while resisting the urge to compla...
871091628827590657,871091628827590657,Sat Jun 03 19:50:03 +0000 2017,6,12,3,0,0,0,Order of increasing consulting difficulty  w increasing likelihood of producing bs: senior execs &lt; startup teams/i...
870799331661537284,870799331661537284,Sat Jun 03 00:28:33 +0000 2017,4,8,3,0,0,0,Hmm. I don't think I'm a Popperian. Pure falsification-based empiricism cannot work wherever imagination is necessary.
869217981099720704,869217981099720704,Mon May 29 15:44:50 +0000 2017,9,50,19,0,0,0,Traditional R&amp;D (ie PhDs) is ass-backwards. You should race to your first original idea as fast as poss  *then* i...
867235536641150976,867235536641150976,Wed May 24 04:27:19 +0000 2017,4,0,0,0,0,0,@stewart @keithmadams Idea: could use a "franchise grid" (grid for a trust network of small groups underwritten/gatek...
866431153057562624,866431153057562624,Sun May 21 23:10:59 +0000 2017,4,43,13,0,0,0,A research area dies when you have to spend more time figuring out whom you must cite to avoid pointless arguments th...
1523017756374757376,1523017756374757376,Sat May 07 19:11:44 +0000 2022,4,39,5,0,0,0,It just hit me that the two ends of the political horseshoe have a strong shared concern with dignity. It is cruciall...
1522996386886606848,1522996386886606848,Sat May 07 17:46:49 +0000 2022,5,40,6,0,0,0,Excellent roundup of grid-scale energy storage solutions by @s_r_constantin https://t.co/yYvHoqp219
1522735836915113984,1522735836915113984,Sat May 07 00:31:29 +0000 2022,4,72,2,0,0,0,Got random media requests from CNN and WaPo today (said no to both). Some sort of major disturbance in the force. I'v...
860319489165901832,860319489165901832,Fri May 05 02:25:24 +0000 2017,4,2,0,0,0,0,@sarahdoingthing "At any rate  I am humbled that smarter people than I have been able to find satisfying meaning in G...
858424949119139840,858424949119139840,Sat Apr 29 20:57:11 +0000 2017,9,18,4,0,0,0,Culture encodes silences with meanings. We have context-sensitive opinions on rudeness/civility/caring levels of vari...
858334641886945280,858334641886945280,Sat Apr 29 14:58:20 +0000 2017,4,1,0,1,1,0,@___jsf @sarahdoingthing @KevinSimler I tried to think of what he could possibly mean by that and my best guess at th...
1588202416725368833,1588202416725368833,Thu Nov 03 16:12:18 +0000 2022,9,156,20,0,0,0,Enjoying https://t.co/4exv8KpKsJ   Probably the most interesting alt to twitter right now. Familiar UX but genuine pa...
1522456427142402049,1522456427142402049,Fri May 06 06:01:12 +0000 2022,4,60,6,0,0,0,ML gives you a nice new vocabulary to talk about familiar shit.   I don’t have writers block  I’m just training a new...
853686696595996672,853686696595996672,Sun Apr 16 19:09:03 +0000 2017,4,2,0,1,1,0,@literalbanana This is an example that really annoyed me...in an attempt to compress what 'bindi' signifies  it essen...
1522306791131926528,1522306791131926528,Thu May 05 20:06:36 +0000 2022,9,70,7,0,0,0,You create a new social science “thing” is to turn a tangible thing into an abstract thing and then _pluralize_ it so...
851202454792192000,851202454792192000,Sun Apr 09 22:37:34 +0000 2017,19,230,89,0,0,0,1/ Our education system is based on the premise that you should set your sights as high as you can at age 14 and prog...
1522096523068133376,1522096523068133376,Thu May 05 06:11:04 +0000 2022,5,41,1,0,0,0,No new storytelling medium has really gone mainstream since comic books 🤔
848181431255748609,848181431255748609,Sat Apr 01 14:33:06 +0000 2017,6,36,16,0,0,0,1/ I always thought 'Nimrod' would make a great compliment. Guy built Tower of Babel to challenge heaven. Real dent-i...
844939635864195074,844939635864195074,Thu Mar 23 15:51:22 +0000 2017,23,15,3,0,0,0,1/ Today's @stratechery makes exactly the critique of "New" Medium I've also arrived at (paywall) https://t.co/uv4AOp...
842856647538049024,842856647538049024,Fri Mar 17 21:54:18 +0000 2017,6,25,7,0,0,0,1/ I am trying an experiment: Slack-based affordable consulting https://t.co/ZdjPUN51Le
841382448759939072,841382448759939072,Mon Mar 13 20:16:22 +0000 2017,4,26,2,0,0,0,Just started another Carse book  The Religious Case Against Belief. Already A+ in Ch1. Recenters religion in doubt. h...
839939604279021568,839939604279021568,Thu Mar 09 20:43:01 +0000 2017,4,6,1,0,0,0,It is not sufficient for grand narratives to be grand. They must also be very leaky (surplus/spillover) and have para...
1521960709071859713,1521960709071859713,Wed May 04 21:11:24 +0000 2022,5,72,3,0,0,0,what have you done for the transcendence of the species lately? 🤨
1521953463457828864,1521953463457828864,Wed May 04 20:42:36 +0000 2022,6,38,1,0,0,0,"Coal" is a dirty word these days  but the actual physical stuff is quite beautiful  especially the hard dense  packe...
839893563513032706,839893563513032706,Thu Mar 09 17:40:04 +0000 2017,8,24,9,0,0,0,The frontier: wherever product-market fit between Homo Sapiens and the universe is happening. For the moment  that's ...
838882817899544578,838882817899544578,Mon Mar 06 22:43:44 +0000 2017,6,22,5,0,0,0,If you don't enjoy an exponential unfair-returns success or two  even if minor  you end up the sum total of your reje...
838111647591911425,838111647591911425,Sat Mar 04 19:39:22 +0000 2017,4,1,0,1,1,0,@sarahdoingthing depends on definition of insti. Mine is *very* micro following D. North etc. Any 'congealed practice...
838099309744705536,838099309744705536,Sat Mar 04 18:50:21 +0000 2017,5,24,6,0,0,0,One effect of NINJA generation is that there's a big cohort of young people who don't know what the inside of an orga...
838067509890670592,838067509890670592,Sat Mar 04 16:43:59 +0000 2017,4,67,20,0,0,0,Strong leaders are low visibility. If you're too visible  whether you look strong or weak  you're weak. Visibility is...
835572727549325312,835572727549325312,Sat Feb 25 19:30:37 +0000 2017,4,5,0,0,0,0,I have the feedburner RSS-to-email option turned on in lieu of running an actual email list. Time to upgrade to actua...
1521566232649998337,1521566232649998337,Tue May 03 19:03:53 +0000 2022,23,66,3,0,0,0,Now that I've experienced the fellowship life once  I can kinda see why so many free agents (pseudo free agents?) mak...
833904745144201216,833904745144201216,Tue Feb 21 05:02:39 +0000 2017,4,11,0,0,0,0,Sometimes I wish I were a writer in old lit-scene mould: wearing berets  hanging out in cafes with like-minded writer...
833797373813940224,833797373813940224,Mon Feb 20 21:55:59 +0000 2017,4,21,3,0,0,0,Weird effect of paying other people for work they've done for you: it can get you unstuck in your own efforts to make...
1521372063344168960,1521372063344168960,Tue May 03 06:12:20 +0000 2022,4,78,6,0,0,0,Got update on India heatwave situation from parents. Really bad though they’re in relatively cooler part. Temperature...
1521308695509946368,1521308695509946368,Tue May 03 02:00:32 +0000 2022,4,45,4,0,0,0,👏👏👏 It has been _the_ tool for us midwits for 37y  Though I only use Google sheets now https://t.co/Jw1IUM7iIi
832821559651766272,832821559651766272,Sat Feb 18 05:18:27 +0000 2017,4,1,0,1,1,0,@post_dost Sorry  that's yet another false equivalency. Obama moved tactics to EOs after years of obstruction and cra...
832339157166936065,832339157166936065,Thu Feb 16 21:21:33 +0000 2017,4,48,11,0,0,0,For liberalism to survive and eventually thrive again  it basically *has* to solve problem of low-income housing in c...
1521275229657436160,1521275229657436160,Mon May 02 23:47:33 +0000 2022,4,10,0,0,0,0,👹👀 just realized goblin mode is identical to what I’ve been calling tamas mode for years https://t.co/16gH5BzRzb
830420243377856513,830420243377856513,Sat Feb 11 14:16:29 +0000 2017,4,9,0,0,0,0,Statistics on Trump's lies are useless without definitive demonstration. Forcing retraction of one important lie does...
1521220226423033856,1521220226423033856,Mon May 02 20:08:59 +0000 2022,4,10,0,0,0,0,So what metamodern midwittery am I going to get up to this week? 🤔
1521206880785158144,1521206880785158144,Mon May 02 19:15:57 +0000 2022,9,56,2,0,0,0,If the main advantage of written language is out of order scannability  could you create a type of “reading” of audio...
829083567049183233,829083567049183233,Tue Feb 07 21:45:00 +0000 2017,6,16,9,0,0,0,Theory: different negative emotions are optimal for different kinds of economic productivity. Unhappiness is best for...
829043227407683584,829043227407683584,Tue Feb 07 19:04:42 +0000 2017,21,13,5,0,0,0,1/ There is a growing narrative that the market's apparent confidence in Trump means all is well. https://t.co/GF2G6D...
827933819781029888,827933819781029888,Sat Feb 04 17:36:19 +0000 2017,10,34,7,0,0,0,1/ Impeachment is not a big deal. It's just firing an incompetent from a job.
1520869826834558977,1520869826834558977,Sun May 01 20:56:37 +0000 2022,9,64,3,0,0,0,Kevin Kelly’s 70th birthday aphorisms thing is probably the most depressing thing I’ve read so far in this decade 🤔
824784590707453952,824784590707453952,Fri Jan 27 01:02:24 +0000 2017,10,40,6,0,0,0,Unconscious Surrealism: Effect of grappling with a post-rationalist theme with tools of rationalism while desperately...
1520569417028931585,1520569417028931585,Sun May 01 01:02:54 +0000 2022,18,102,6,0,0,0,What would be a good way to gatekeep a midwits-only space?  I think a slightly skilled form-filling type activity. Li...
821793921768427520,821793921768427520,Wed Jan 18 18:58:33 +0000 2017,27,35,8,0,0,0,"Good for business" and "bad for business" look VERY different depending on your current scale and cash position.
820680501908283392,820680501908283392,Sun Jan 15 17:14:13 +0000 2017,4,107,56,0,0,0,Continuing my useful and informational blockchain primer tweet series  here's how bitcoins are mined https://t.co/RVE...
820037536626065408,820037536626065408,Fri Jan 13 22:39:18 +0000 2017,22,37,5,0,0,0,1/ Okay  Zuck for Prez. I'm 100% behind this. All close to him should persuade him to run in 2020  not 2032. Why? htt...
1587926523998183424,1587926523998183424,Wed Nov 02 21:56:00 +0000 2022,4,41,5,0,0,0,In a slack chat  a friend asked what I thought the vibe shift on Twitter was.   I said  like when Akbar replaced the ...
818630159779532800,818630159779532800,Tue Jan 10 01:26:54 +0000 2017,4,8,1,0,0,0,Consulting is the epigenetics of the economy. Screws with the Central Dogma: shareholder value as only locus of exist...
1520511118740889600,1520511118740889600,Sat Apr 30 21:11:15 +0000 2022,6,34,3,0,0,0,If you scaled objects physically by cost relative to a reference object  you could make some interesting graphics. Fo...
1520481781622861824,1520481781622861824,Sat Apr 30 19:14:40 +0000 2022,8,132,3,0,0,0,Elizabeth Holmes was the Steve Jobs knock off  but Musk is kinda his own knockoff 🤔  The real deal and the humbug pre...
818140319455662080,818140319455662080,Sun Jan 08 17:00:27 +0000 2017,35,31,7,0,0,0,1/ A fun orientation point for current geopolitics is Vladislav Surkov's short story 'Without Sky'  https://t.co/uH30...
817861733859528704,817861733859528704,Sat Jan 07 22:33:27 +0000 2017,5,26,11,0,0,0,Tell a modern-times story in 1 tweet. You must beat my entry to be eligible for prize: "Can I borrow your selfie stick?"
1520275235328520192,1520275235328520192,Sat Apr 30 05:33:56 +0000 2022,5,28,0,0,0,0,I’ve got nothing 🤔 https://t.co/8wXHocunq2
817107118763319296,817107118763319296,Thu Jan 05 20:34:52 +0000 2017,5,9,1,0,0,0,I figured out why both rationalist and postrationalist stances don't work for me. Both assume you can live your belie...
814912136459620352,814912136459620352,Fri Dec 30 19:12:48 +0000 2016,13,9,2,0,0,0,Blogging 2007-17 in 1 graphic: the fate of RSS. Ribbonfarm peaked at ~7000 (green  left Y)  now at ~2000  of which ~1...
814907642636140544,814907642636140544,Fri Dec 30 18:54:56 +0000 2016,5,30,11,0,0,0,Twitter is dying  social media in general is balkanizing and tribalizing with stronger filter bubbles and toxic-conte...
1519892120638660609,1519892120638660609,Fri Apr 29 04:11:34 +0000 2022,10,98,10,0,0,0,Didn’t expect the end times to be basically the creeping tedium of draining agency underneath the chronic collective ...
813475903149785089,813475903149785089,Mon Dec 26 20:05:43 +0000 2016,7,2,0,0,0,0,1/ Best history of vampire sneeze so far...
813179057508470784,813179057508470784,Mon Dec 26 00:26:10 +0000 2016,4,7,1,0,0,0,Authoritarian leaders in democracies almost always look to make a big impact in foreign policy as a way to create lev...
812127504362147840,812127504362147840,Fri Dec 23 02:47:40 +0000 2016,4,19,5,0,0,0,I don't think Facebook is turning evil  but I think mission creep is introducing irresistible pressures against open ...
810608726298087424,810608726298087424,Sun Dec 18 22:12:35 +0000 2016,8,20,6,0,0,0,You can argue that any attempt to "teach" at all is structural MACROaggression. Behavioral microaggression theory: mi...
810531698446209024,810531698446209024,Sun Dec 18 17:06:30 +0000 2016,4,1,0,1,1,0,@robinhanson Yes *if* you can show there is a source of philosophy of = or &gt; power to lived experience  itself an ...
809494755612585984,809494755612585984,Thu Dec 15 20:26:04 +0000 2016,9,18,9,0,0,0,1/ I don't normally publish political pieces on ribbonfarm  but this one is special. A powerful story about a pivotal...
1519854188305420289,1519854188305420289,Fri Apr 29 01:40:50 +0000 2022,5,20,2,0,0,0,I should just retire. I’m so late to ‘goblin mode’ it’s already been on nbc for weeks 👀 https://t.co/vPASt6GNlg
808027441021140992,808027441021140992,Sun Dec 11 19:15:29 +0000 2016,4,8,3,0,0,0,Clarification: when I say 'truth pump'  I meant it in the sense of 2nd law 'heat pump' or 'universal turing machine' ...
808007059438379008,808007059438379008,Sun Dec 11 17:54:29 +0000 2016,11,30,8,0,0,0,Bullshit: the collapse of the wave function of ambiguity that happens when you try to apply deterministic logic to pr...
1519714119401676800,1519714119401676800,Thu Apr 28 16:24:15 +0000 2022,10,45,6,0,0,0,I’m not usually sensitive to vibe shifts the conviviality corner of twitter picks up on  but both @robinsloan and @LM...
1519543874691092480,1519543874691092480,Thu Apr 28 05:07:46 +0000 2022,4,80,7,0,0,0,One of the best so far. I’m rating these things in terms of whether it beats my own first idea for illustrating a con...
805983884819083264,805983884819083264,Tue Dec 06 03:55:07 +0000 2016,4,11,5,0,0,0,DNFTT: Do not feed the troll. The rule needs an update for a troll POTUS. Don't feed him. But *do* feed anything that...
805516842395541508,805516842395541508,Sun Dec 04 20:59:15 +0000 2016,5,28,5,0,0,0,Any project has 2 phases: up to start line  after start line. Pre-start is for 2 things: detecting impossibility  ass...
805300473691389952,805300473691389952,Sun Dec 04 06:39:29 +0000 2016,6,39,7,0,0,0,Biggest failure of imagination in old sci-fi is envisioning of future of information. Foundation has printouts  micro...
1519441957159796736,1519441957159796736,Wed Apr 27 22:22:47 +0000 2022,5,24,1,0,0,0,My current headspace is defined as “haven’t done weights in weeks and don’t feel like it at all”  Really the only exe...
805133619295461381,805133619295461381,Sat Dec 03 19:36:28 +0000 2016,8,6,0,0,0,0,1/ For the last 2 years  I've been doing a two-week 'coding vacation' in December. Could use some creative input for ...
804765371135705088,804765371135705088,Fri Dec 02 19:13:10 +0000 2016,7,18,7,0,0,0,Techie disillusionment: a) this sucks b) hey! I built something better c) Nobody adopted it d) they're all bozos. 3x ...
804740964463955968,804740964463955968,Fri Dec 02 17:36:11 +0000 2016,26,10,3,0,0,0,1/ In markets you need sufficient liquidity and competition among alternatives for approximate rational outcomes.
803823256142835713,803823256142835713,Wed Nov 30 04:49:33 +0000 2016,8,38,14,0,0,0,Trump admin boot-up feels less like public figures assembling in polis  more like cast of bad household reality show ...
1519400885314486273,1519400885314486273,Wed Apr 27 19:39:34 +0000 2022,15,116,19,0,0,0,A very American point of view that it took me years to grok is that “free speech” here is defined as the discourse no...
1587636247597436929,1587636247597436929,Wed Nov 02 02:42:32 +0000 2022,6,175,7,0,0,0,Complaining at brands publicly when you can’t reach customer service is actually one of the most real Twitter use cas...
1587610858896560129,1587610858896560129,Wed Nov 02 01:01:39 +0000 2022,7,81,8,0,0,0,Found myself wondering. In conflict when on defense  kings retreat to fortresses. Peasants head to the hills or urban...
800033125833195520,800033125833195520,Sat Nov 19 17:48:55 +0000 2016,4,13,3,0,0,0,"Exit" is exactly the wrong word to describe brexit  US election results  Colombia. They are "stay/return to the same...
1519343096940564481,1519343096940564481,Wed Apr 27 15:49:56 +0000 2022,21,50,14,0,0,0,Recent events remind me of the plot of Terry Pratchett’s Sourcery  A Chosen One type child prodigy wizard  the 8th so...
799116478213558272,799116478213558272,Thu Nov 17 05:06:29 +0000 2016,4,16,0,0,0,0,SSC post is massive miss-forest-for-trees strawman  but I'm too tired to argue  so I'll just postrationally 🙄🙄🙄https:...
797189478049685504,797189478049685504,Fri Nov 11 21:29:17 +0000 2016,15,46,11,0,0,0,1/ This is a good time to refactor your social identity. If you are interested in doing this I have a technique for you.
794207162050297856,794207162050297856,Thu Nov 03 15:58:37 +0000 2016,14,13,3,0,0,0,Prepping the blogging course is a bit of an intimidating challenge though I've been doing it for 9 years 😰 cc: @sarah...
793238761790328832,793238761790328832,Mon Oct 31 23:50:33 +0000 2016,6,4,1,0,0,0,I *think* I just saw a 'Trump supporter' halloween costume.. a MAGA hat and false buck teeth 😐
793228442795769856,793228442795769856,Mon Oct 31 23:09:32 +0000 2016,8,27,3,0,0,0,You can roughly measure genius by looking at the (domain-relative) complexity of toolchain a person needs to have imp...
1518780384351166471,1518780384351166471,Tue Apr 26 02:33:55 +0000 2022,4,43,0,0,0,0,I suppose I have to be metamodern now. Dammit.
1518691105650343936,1518691105650343936,Mon Apr 25 20:39:10 +0000 2022,22,117,7,0,0,0,Musk attention seems to be a zero-sum thing as far as the market is concerned. Law of conservation of musk attention?...
793124256443871233,793124256443871233,Mon Oct 31 16:15:32 +0000 2016,5,3,2,0,0,0,'Flipping the bozobit' is a great phrase for 2016. What coasts did to Trumpies  what Thiel just did to sub-millionair...
792931858451267584,792931858451267584,Mon Oct 31 03:31:01 +0000 2016,4,0,0,1,1,0,@thirdtruck and so are ALL the students with illegible identity dimensions that are subject to that kind of rough han...
792930287571251201,792930287571251201,Mon Oct 31 03:24:47 +0000 2016,4,1,0,1,1,0,@thirdtruck back up a bit and consider: identity is illegible on lots of dimensions  not just race/gender; not all ma...
792495193110884352,792495193110884352,Sat Oct 29 22:35:52 +0000 2016,6,40,10,0,0,0,What if simple-static site renaissance is dawn of decentralized social web? That would be great and worth all the ove...
792040914692689920,792040914692689920,Fri Oct 28 16:30:44 +0000 2016,5,1,0,1,1,0,@Meaningness @garybasin @GabrielDuquette btw... the one actual book I wrote wasn't written in anchor --&gt; outline -...
792025520540004352,792025520540004352,Fri Oct 28 15:29:33 +0000 2016,4,2,0,1,1,0,@Meaningness @garybasin @GabrielDuquette revenues are declining but that's unit-cost effects. Iirc # of new titles up...
1518422380695105536,1518422380695105536,Mon Apr 25 02:51:21 +0000 2022,18,168,5,0,0,0,Ironically  “everything everywhere all at once” doesn’t appear to be available for streaming anywhere 🧐
790365913790894080,790365913790894080,Mon Oct 24 01:34:52 +0000 2016,18,10,3,0,0,0,Now at min 18 of Hypernormalization. Not impressed so far. Seems a schticky just-so narrative compared to Century of ...
790271596732698624,790271596732698624,Sun Oct 23 19:20:05 +0000 2016,7,8,0,0,0,0,Big part of challenge of the retooling of my writing/creative output model is increase scale of impact 10x without in...
790253552035782656,790253552035782656,Sun Oct 23 18:08:23 +0000 2016,37,44,14,0,0,0,1/ Tweetstorm: What's The Problem With The Last Block?
1518358174494994432,1518358174494994432,Sun Apr 24 22:36:13 +0000 2022,5,9,0,0,0,0,Watching spider-man  So far so good
1518327413263900672,1518327413263900672,Sun Apr 24 20:33:59 +0000 2022,4,8,1,0,0,0,Poll: What is the primary indicator of eliteness in today’s America?
789196082479673344,789196082479673344,Thu Oct 20 20:06:23 +0000 2016,21,106,42,0,0,0,1/ Tweetstorm on twitter future as requested by @tomcritchlow
1587533722546409472,1587533722546409472,Tue Nov 01 19:55:09 +0000 2022,22,139,13,0,0,0,jeez  I was half-joking earlier about emperor+peasants vs. the middle-class aka minor nobility but he's going pretty ...
1518103313123741699,1518103313123741699,Sun Apr 24 05:43:29 +0000 2022,8,45,3,0,0,0,Has anyone ever suggested breaking up social graph monopolies along natural lines based on min-cut/max-flow or someth...
788228808742539264,788228808742539264,Tue Oct 18 04:02:47 +0000 2016,13,71,29,0,0,0,Despite all the like and heart buttons  the one thing you cannot do on social media is show that you genuinely care a...
787338147566804992,787338147566804992,Sat Oct 15 17:03:37 +0000 2016,23,10,3,0,0,0,After sleeping on it  I've concluded that only basis for Twitteroconomy is likes/RTs/@ replies/DMs. But not explicit ...
1516451809077866500,1516451809077866500,Tue Apr 19 16:21:00 +0000 2022,10,151,17,0,0,0,Trying to define “healthy competition” via 2x2  Afaict all natural competition is somewhere between unhealthy and fat...
1517718009837604865,1517718009837604865,Sat Apr 23 04:12:26 +0000 2022,20,235,16,0,0,0,When you’re addicted to easy winning in a game that’s getting steadily harder  at some point you’ll likely switch to ...
787134255943946240,787134255943946240,Sat Oct 15 03:33:25 +0000 2016,14,133,75,0,0,0,Staggers me that Twitter is substantively shaping the fate of the most powerful nation in the world  but can't turn a...
787056019801186305,787056019801186305,Fri Oct 14 22:22:32 +0000 2016,4,11,3,0,0,0,Trump is not really giving "voice" to people nobody else is. He is trying to shut up and cut down *other* people to f...
785517388473085952,785517388473085952,Mon Oct 10 16:28:34 +0000 2016,4,10,3,0,0,0,All my very reasonable friends are retreating from civic engagement in disgust. The v unreasonable ones are retreatin...
1517710452393844736,1517710452393844736,Sat Apr 23 03:42:24 +0000 2022,4,44,2,0,0,0,I increasingly find it more useful into “middle class” in terms of work than standard of living   Lower class = below...
785234589140738048,785234589140738048,Sun Oct 09 21:44:49 +0000 2016,4,1,1,1,1,0,@turrible_tao you're arguing very basic tech determinism vs social determinism you realize?
785161734113730562,785161734113730562,Sun Oct 09 16:55:19 +0000 2016,6,15,3,0,0,0,Greatest fear of conservatives today is this: much as they might hate SJWs  there is a 1% in what they say that is bo...
785157251229097985,785157251229097985,Sun Oct 09 16:37:30 +0000 2016,7,11,1,0,0,0,False-equivalence bias btw is the best test of conservative vs liberal. If you think history is 100% existing cycles ...
1517696918821883904,1517696918821883904,Sat Apr 23 02:48:37 +0000 2022,7,15,1,1,1,0,@leashless No. They’re working on tech options that have that order of magnitude of potential if they actually work o...
784254262406553600,784254262406553600,Fri Oct 07 04:49:21 +0000 2016,5,22,9,0,0,0,What if Twitter IS the abyss? Meditate on your feed for a minute  look me in the eye  and tell me that isn't a strong...
784095473892077568,784095473892077568,Thu Oct 06 18:18:23 +0000 2016,7,1,1,0,0,0,1/ Pollstorm on VR: q1: Will there be a powerful browser-based standard for VR media or mostly walled gardens?
1517575914921422848,1517575914921422848,Fri Apr 22 18:47:47 +0000 2022,4,220,2,0,0,0,At a “real people” event and realizing I’ve degenerated to the point I’m unable to introduce myself at all
1517326002841546752,1517326002841546752,Fri Apr 22 02:14:44 +0000 2022,6,20,0,0,0,0,Goddamn. Didn’t realize schools/universities were such a major element in world building. Now I have to add one to my...
782992847960014848,782992847960014848,Mon Oct 03 17:16:56 +0000 2016,5,0,0,1,1,0,@McCaineNL @alper yes  it's a consequence of outsize impact... industries like steel and oil had similar periods 1890...
781326256558047232,781326256558047232,Thu Sep 29 02:54:30 +0000 2016,10,10,2,0,0,0,New Girl episode and Will &amp; Grace special had humorous anti-Trump plots. I'm usually all for humor as coping mech...
781322091605794816,781322091605794816,Thu Sep 29 02:37:57 +0000 2016,4,13,3,0,0,0,'Chaos theory of Trump' believers fall for survivorship bias. Read Tainter for tons of cases of collapses that *didn'...
780845591777509376,780845591777509376,Tue Sep 27 19:04:31 +0000 2016,6,1,0,1,1,0,@iSmashFizzle Market environment  state of the ecosystem you depend on etc. determine your natural size
780554625757814784,780554625757814784,Mon Sep 26 23:48:19 +0000 2016,5,5,1,0,0,0,I've concluded that the diff between praxis and poiesis is that that former is situated within an institutionalized d...
1515777461220360192,1515777461220360192,Sun Apr 17 19:41:23 +0000 2022,28,114,21,0,0,0,Now that NRx gloom has gone mainstream and feels the default SV public consciousness now  this 2017 @digital_objects ...
1516903159385317376,1516903159385317376,Wed Apr 20 22:14:30 +0000 2022,5,9,0,0,0,0,Glutflation
1516889143036375040,1516889143036375040,Wed Apr 20 21:18:48 +0000 2022,8,14,0,0,0,0,This got me thinking…idealized masculinity/femininity superficially look racial (think Nordic chad  Mediterranean cha...
777550574438920193,777550574438920193,Sun Sep 18 16:51:17 +0000 2016,8,73,9,0,0,0,Something I'm working on. May be of interest to @KevinSimler among others https://t.co/ZUyeFHECXe
1516623471081533441,1516623471081533441,Wed Apr 20 03:43:07 +0000 2022,4,9,1,0,0,0,Trump is like the Necromancer in Dol Guldur rn https://t.co/7HTZAf0t78
1516503432101654529,1516503432101654529,Tue Apr 19 19:46:08 +0000 2022,7,65,9,0,0,0,Salient lesson beyond military/geopolitics today. Applies to tech  climate etc.  Most of the insanity arises from fai...
1516206854359060480,1516206854359060480,Tue Apr 19 00:07:38 +0000 2022,15,33,1,0,0,0,Watching The Batman  Not really able to get into it so far. It’s like a cross product of Burton+Nolan versions that t...
770722802957549568,770722802957549568,Tue Aug 30 20:40:10 +0000 2016,14,15,2,0,0,0,The true antithesis of 0 to 1 is not 1 to n; that's a strawman. The true antithesis is ε to δ: the evolutionary adjac...
770306695914328064,770306695914328064,Mon Aug 29 17:06:42 +0000 2016,4,8,2,1,1,0,.@doriantaylor amateur modelers think the point is to find a frame that will fit all the variables you can think of  ...
1516122940273684480,1516122940273684480,Mon Apr 18 18:34:11 +0000 2022,7,146,7,0,0,0,You know how Rick on Rick and Morty is a genius who can think arbitrarily deep  but operates by “don’t think about it...
769964947791048704,769964947791048704,Sun Aug 28 18:28:43 +0000 2016,15,44,12,0,0,0,1/ Okay  let's do this right. Ideologies are complex combinations of utopian aspirations and realist calculations htt...
768831640139202560,768831640139202560,Thu Aug 25 15:25:21 +0000 2016,4,14,3,0,0,0,I think I'll call this the reverse Hawthorne effect. I'll leave you to figure out why. https://t.co/Xc4VekytCq
768531749055836160,768531749055836160,Wed Aug 24 19:33:42 +0000 2016,5,13,3,0,0,0,After a month of experiments and research into level-up publishing tech (translations  video  some 3D) I've concluded...
1515770380387962882,1515770380387962882,Sun Apr 17 19:13:14 +0000 2022,4,36,2,0,0,0,The South Park city people (S25.3) episode is stuck in my head. They only talk in catchphrases and it sounds like a b...
1515581996172337152,1515581996172337152,Sun Apr 17 06:44:40 +0000 2022,8,116,6,0,0,0,Increasingly feels like something very weird is going on behind the campy visible drama of Elon-vs-twitter. Like some...
1515388796300238849,1515388796300238849,Sat Apr 16 17:56:58 +0000 2022,21,89,1,0,0,0,Listening to music on purpose after a long time. You guys do this everyday? Damn. 🧐
1515463350909485057,1515463350909485057,Sat Apr 16 22:53:13 +0000 2022,5,24,1,0,0,0,Trying to develop an analogy between music and narrative building blocks  If you had to identify 7 “notes” that The L...
761248120055357440,761248120055357440,Thu Aug 04 17:11:09 +0000 2016,7,5,6,0,0,0,1/ I'm all for tweetstorms  and was among the first to jump on the bandwagon and now run a newsletter in the format  ...
759866240382869505,759866240382869505,Sun Jul 31 21:40:03 +0000 2016,4,1,0,1,1,0,@GordonBrianR you're confusing map for territory. An 'asset' is a reification of a bit of reality whose behavior is a...
759555742173057024,759555742173057024,Sun Jul 31 01:06:15 +0000 2016,10,33,9,0,0,0,Unpublished: Bourne Mediocrity  Bourne Banality  Bourne Idiocy  Bourne Irrelevancy  Bourne Desperation  Bourne Exhaus...
757653640924364800,757653640924364800,Mon Jul 25 19:07:59 +0000 2016,7,13,4,0,0,0,1/ Been analyzing management language to use for #breakingsmart S2 and something jumped out at me...
754808516301291521,754808516301291521,Sun Jul 17 22:42:28 +0000 2016,4,1,0,1,1,0,@Meaningness Ed to run state is mostly about creating insti solidarity to beat back vetocracy. Those who need knowled...
1514631799418212355,1514631799418212355,Thu Apr 14 15:48:56 +0000 2022,67,170,28,0,0,0,Football stadium is a better metaphor for twitter than public square. It’s just that the field itself is shrunken to ...
751950225212792832,751950225212792832,Sun Jul 10 01:24:38 +0000 2016,4,18,4,0,0,0,0/ A corporation shall not harm humanity  or through inaction  allow humanity to be harmed
749017289534480384,749017289534480384,Fri Jul 01 23:10:12 +0000 2016,4,2,2,0,0,0,Poll: if you were lugging a large  awkward package through a public area  you would say...
1514436728018247680,1514436728018247680,Thu Apr 14 02:53:47 +0000 2022,5,349,10,0,0,0,Why did camera quality become the main driver of mobile device evolution?
1514455394067759105,1514455394067759105,Thu Apr 14 04:07:57 +0000 2022,9,40,0,0,0,0,People who use real photo profile pics or even a fixed expression cartoon successfully seem to do only one voice/tone...
1514364280799318017,1514364280799318017,Wed Apr 13 22:05:54 +0000 2022,7,24,0,0,0,0,New ipad yay 😎
740712947714920448,740712947714920448,Thu Jun 09 01:11:43 +0000 2016,4,11,7,0,0,0,Disruption 'solves' what Coase called the 'marginal cost controversy' by killing incumbent firms via avg cost &gt;dis...
1514104075021058051,1514104075021058051,Wed Apr 13 04:51:56 +0000 2022,16,26,3,0,0,0,I bet LinkedIn will adopt Dalle2 imagery first 🤔
740037598542864385,740037598542864385,Tue Jun 07 04:28:07 +0000 2016,4,14,7,0,0,0,Poll: what is the fidelity level of your eyes-closed mental visualization ability?
738449044742115328,738449044742115328,Thu Jun 02 19:15:46 +0000 2016,20,24,1,0,0,0,1/ There are some interesting lessons in the failure of bookmarking as a category
1513370471735042049,1513370471735042049,Mon Apr 11 04:16:52 +0000 2022,8,1981,77,0,0,0,This feels like some sort of Midwit Matrix. https://t.co/XYveVS8tde
1587228075862814720,1587228075862814720,Mon Oct 31 23:40:37 +0000 2022,6,32,1,0,0,0,Bluesky opened for beta. Timing seems pointedly adversarial vis-à-vis twitter? Haven’t really followed this subplot. ...
1513313900002889728,1513313900002889728,Mon Apr 11 00:32:04 +0000 2022,6,36,0,0,0,0,I’ll never feel the usage of “salty” = “upset”  To me it feels like it should mean something like edgy wit  as in the...
1513307298986299401,1513307298986299401,Mon Apr 11 00:05:50 +0000 2022,5,7,1,0,0,0,weirdly easier for me to come up with full plots (with a central conflict and resolution) instead of just premises if...
727929707878965248,727929707878965248,Wed May 04 18:35:41 +0000 2016,18,64,22,0,0,0,1/ Hypothesis: there are technologies so basic that they serve as prequels to economic organization and utility vs. p...
722106214889295872,722106214889295872,Mon Apr 18 16:55:12 +0000 2016,4,3,0,1,1,0,@GabrielDuquette "parody"...?
722086184806064128,722086184806064128,Mon Apr 18 15:35:36 +0000 2016,20,96,41,0,0,0,1/ STEM people like to think impossible student debt burdens are self-inflicted by narcissistic art history types. Th...
1512661696862572545,1512661696862572545,Sat Apr 09 05:20:27 +0000 2022,5,82,2,0,0,0,kinda stressful that there are no level bosses irl  nobody to defeat for an automatic level up
719577499152175104,719577499152175104,Mon Apr 11 17:26:59 +0000 2016,4,8,1,0,0,0,"The venture capital asset class does not scale." -- @fredwilson ...this is the clearest I've heard a VC say it. Wher...
1511942233972359173,1511942233972359173,Thu Apr 07 05:41:33 +0000 2022,34,124,6,0,0,0,I’m already bored of frustratingly vague but visually rich dalle2 stuff…want more precise impoverished stuff  Can som...
717154658603499520,717154658603499520,Tue Apr 05 00:59:29 +0000 2016,4,12,6,0,0,0,The gap between praxis and poiesis kinda defines the tension between SV's approach to ideology and those trying to "l...
1379233874136297473,1379233874136297473,Tue Apr 06 00:45:55 +0000 2021,134,164,7,0,0,0,Test of differential bar for my yak rover build. Two 90-degree ball joints  two turnbuckle linkages  3d printed bar a...
713043913670430720,713043913670430720,Thu Mar 24 16:44:51 +0000 2016,5,2,1,1,1,0,@swardley Sounds like a rhetorical question  but there are 2 actual answers to your questions that cover sincere and ...
712795421920206848,712795421920206848,Thu Mar 24 00:17:26 +0000 2016,6,5,3,0,0,0,Probably didn't need DCF model to figure this out  but "content marketing" is completely pointless unless you assume ...
1511944514901970945,1511944514901970945,Thu Apr 07 05:50:37 +0000 2022,8,18,0,0,0,0,Photosurrealistic
711671436830638080,711671436830638080,Sun Mar 20 21:51:07 +0000 2016,5,6,2,0,0,0,You can't get to 'X is good' starting from 'X is bad' and removing 'flaws.' That just converges towards 'X is vacuous...
1511929706240626689,1511929706240626689,Thu Apr 07 04:51:46 +0000 2022,7,248,20,0,0,0,No technique or tool for saving links works because we try to save too many links
709117970006417408,709117970006417408,Sun Mar 13 20:44:33 +0000 2016,12,8,2,0,0,0,1/ There is no social capital without impersonal institutions to store it in. Human brains can only create/use/destro...
1587142789380198400,1587142789380198400,Mon Oct 31 18:01:43 +0000 2022,6,33,3,0,0,0,There was a twitter bot a decade ago that would replace every use of the word “content” with “sausage”  Can’t find it...
708706336242946048,708706336242946048,Sat Mar 12 17:28:52 +0000 2016,16,19,8,0,0,0,1/ In W.E.I.R.D psychology  multitasking is bad https://t.co/5xvt03MH1m
708431944757805056,708431944757805056,Fri Mar 11 23:18:32 +0000 2016,11,44,7,0,0,0,1/ If you like the idea of mindfulness but lack patience for either the process or subculture  you may like Focusing ...
1511800855892148225,1511800855892148225,Wed Apr 06 20:19:46 +0000 2022,4,45,2,0,0,0,Places that go from cold and snow (or torrential rain  which is almost as extreme) to blazing hot and back every 12 m...
1511789675458879492,1511789675458879492,Wed Apr 06 19:35:20 +0000 2022,4,9,1,0,0,0,Hmm… I think standard dystopia just moved to the west coast @kneelingbus  re “Today  the dystopia is no longer situat...
706308935397945344,706308935397945344,Sun Mar 06 02:42:27 +0000 2016,6,24,10,0,0,0,The older I get the more I appreciate civilizing power of hypocrisy. The creation of a clueless class is a small pric...
1511497620958580738,1511497620958580738,Wed Apr 06 00:14:49 +0000 2022,25,375,49,0,0,0,Some people seem to have 100% interests and 0% curiosities. You can be a good advocate with that personality  but not...
700917681130606592,700917681130606592,Sat Feb 20 05:39:32 +0000 2016,4,34,10,0,0,0,What are your candidates for a modern list of 7 deadly sins? (From your personal pov  not zeitgeist guess)
1505377097706991620,1505377097706991620,Sun Mar 20 02:54:03 +0000 2022,22,79,1,0,0,0,Adventures in spectroscopy begin. Gonna discover a new element and name it ribbonfarmium by next year. https://t.co/J...
1511463587100839939,1511463587100839939,Tue Apr 05 21:59:35 +0000 2022,7,111,5,0,0,0,Really hard to identify your assumptions till they are violated. Everything you try has like 10x more unconscious tha...
699665878841819137,699665878841819137,Tue Feb 16 18:45:19 +0000 2016,4,7,2,0,0,0,Why is material tech  unlike social tech  not susceptible to nirvana fallacy? Why don't we complain that planes aren'...
1511174298169356292,1511174298169356292,Tue Apr 05 02:50:03 +0000 2022,5,71,5,0,0,0,This is getting extraordinarily weird https://t.co/boiYtbVEWa
698339803369058304,698339803369058304,Sat Feb 13 02:55:58 +0000 2016,5,9,0,0,0,0,Finally read War of Art. Probably a good read for people who don't like me or my writing much but are interested in t...
697886838455832576,697886838455832576,Thu Feb 11 20:56:03 +0000 2016,4,2,0,1,1,0,@thesublemon @GabrielDuquette lemme propose one: gabe was taking me to task for saying I like nolan batman better tha...
697679238661443584,697679238661443584,Thu Feb 11 07:11:07 +0000 2016,4,52,16,0,0,0,The path of least resistance over a lifetime requires picking hardest next step now. Easiest next step now puts you o...
1510838478606458881,1510838478606458881,Mon Apr 04 04:35:37 +0000 2022,8,92,4,0,0,0,Witnessing my 18-year old cat aging (at like 6x human rate) from 2004 kittenhood to what is now definitely mildly sen...
697630166009274369,697630166009274369,Thu Feb 11 03:56:07 +0000 2016,7,21,9,0,0,0,The idea of a public "record" that you're "on" or "off" and "newspapers of record" is obsolete. Instead  you're eithe...
697181442380402692,697181442380402692,Tue Feb 09 22:13:03 +0000 2016,9,88,34,0,0,0,Working a lot with very successful people over last 5 years I've noticed only 1 big diff in how they operate  not 7  ...
697169738695180289,697169738695180289,Tue Feb 09 21:26:33 +0000 2016,4,17,7,0,0,0,Not being unhappy is not the thing same as being happy. Getting rid of unhappiness is not the same as bringing in hap...
697157227451318273,697157227451318273,Tue Feb 09 20:36:50 +0000 2016,14,23,9,0,0,0,As you age  revenues and costs of life both go up. Amounts that seem life-changing at 18-22 seem like they'd barely c...
693866612869304320,693866612869304320,Sun Jan 31 18:41:06 +0000 2016,4,8,0,0,0,0,How Intellectuals Create a Public https://t.co/YG5aF5vdBj ...@CoreyRobin makes a better progressivism 2.0 case than m...
1586958714686218244,1586958714686218244,Mon Oct 31 05:50:16 +0000 2022,23,77,7,0,0,0,Great the new UX is “dirty laundry room” https://t.co/r6aI7uERmZ
693579592993353728,693579592993353728,Sat Jan 30 23:40:35 +0000 2016,8,26,1,0,0,0,After a month  I have to say iPad pro plus Pencil is a life changer comparable to the first computer I played with in...
692437172733906944,692437172733906944,Wed Jan 27 20:01:01 +0000 2016,4,16,4,0,0,0,The way you go from time-rich to time-poor is by first losing *control* of time through schedule turbulence  not "lam...
1510687648075030529,1510687648075030529,Sun Apr 03 18:36:17 +0000 2022,12,43,3,0,0,0,Thinking about how the area of identity signaling mechanisms has shrunk while the information you try to communicate ...
690940869747220480,690940869747220480,Sat Jan 23 16:55:15 +0000 2016,10,13,6,0,0,0,1/ In researching #breakingsmart  I concluded security is Achilles heel of pragmatic-Promethean rough consensus and r...
1510480068920836097,1510480068920836097,Sun Apr 03 04:51:26 +0000 2022,5,53,11,0,0,0,A fun sci-fi premise would be a city-state future with corrupt city machines like Tammany Hall but run as DAOs. Taman...
1510447965399179268,1510447965399179268,Sun Apr 03 02:43:52 +0000 2022,6,47,2,0,0,0,Ate a large handful of lettuce  a whole carrot  and a handful of raw green beans for dinner because I overate without...
687138545027293185,687138545027293185,Wed Jan 13 05:06:10 +0000 2016,4,40,18,0,0,0,You have to be either young with nothing to lose  or rich with nothing left to prove  to enjoy luxury of working pure...
1510360579986272256,1510360579986272256,Sat Apr 02 20:56:38 +0000 2022,6,34,3,0,0,0,What smaller ticket universal items (ie not cars or homes) would you include in a basket of 5 goods or services (not ...
1510388598981287937,1510388598981287937,Sat Apr 02 22:47:58 +0000 2022,4,14,0,0,0,0,I’m signaling here https://t.co/yjpUew8kNZ
1510339889929207809,1510339889929207809,Sat Apr 02 19:34:25 +0000 2022,8,13,1,0,0,0,Is the divide between fields that must market themselves to other fields  and ones that don’t need to  the same as th...
684550124400291840,684550124400291840,Wed Jan 06 01:40:42 +0000 2016,4,10,4,0,0,0,A opposition does not imply equality. For eg. "nonlinear systems" covers so much more than "linear" that latter is of...
684534496301981697,684534496301981697,Wed Jan 06 00:38:36 +0000 2016,4,22,10,0,0,0,Sign of tech illiteracy: hollywood "nerd" characters who can apparently do everything from crack passwords to sequenc...
1510299963724427264,1510299963724427264,Sat Apr 02 16:55:46 +0000 2022,22,189,14,0,0,0,AI is now good enough that the residual problems don’t look like AI problems but embodiment problems. They seem to ex...
684083293667459072,684083293667459072,Mon Jan 04 18:45:41 +0000 2016,23,23,9,0,0,0,1/ 90% of middle-management problems aren't so much make-work/bullshit as they are impossible problems
1510133559310237699,1510133559310237699,Sat Apr 02 05:54:32 +0000 2022,6,110,5,0,0,0,If you don’t solve interesting problems  boring problems will solve you. When a boring problem solves you  you turn i...
682995838977622016,682995838977622016,Fri Jan 01 18:44:32 +0000 2016,12,21,6,0,0,0,1/ Animated GIFs have far more potential than people realize  consider the potential for instruction manuals https://...
681881899053232128,681881899053232128,Tue Dec 29 16:58:08 +0000 2015,21,23,11,0,0,0,1/ "Lean" is rarely about efficiency. It is usu code for cost cutting by increasing invisible risk without lowering v...
1510112263117545475,1510112263117545475,Sat Apr 02 04:29:54 +0000 2022,7,38,0,0,0,0,Potentially eyeing Chicago if this housing market stays ridiculous 👀  Primary target Seattle area increasingly lookin...
681532855802040320,681532855802040320,Mon Dec 28 17:51:09 +0000 2015,5,0,0,1,1,0,@froscixp @GabrielDuquette if it helps  the "ribbonfarm code"  is bug  not feature  result of exploring w/o attn to a...
1510029796075397120,1510029796075397120,Fri Apr 01 23:02:13 +0000 2022,10,15,1,0,0,0,I keep seeing new Neom ads for something called Trojena. I guess it’s the third element in the imaginarium after The ...
679378303946326016,679378303946326016,Tue Dec 22 19:09:44 +0000 2015,5,8,2,0,0,0,Adding "values" to capitalism is exactly the wrong way to evolve it into something better. What you want is to add no...
679371441150660608,679371441150660608,Tue Dec 22 18:42:28 +0000 2015,4,7,4,0,0,0,Things like the NYT debt predation thing happen because both Right and Left are intellectually bankrupt....
679351665334423552,679351665334423552,Tue Dec 22 17:23:53 +0000 2015,6,8,7,0,0,0,This looks like debt peonage in spirit  if not letter https://t.co/W5t0XnLCgm
678725266777112576,678725266777112576,Sun Dec 20 23:54:48 +0000 2015,4,8,3,0,0,0,Poll: The foundation of your inner monologue is...
678677107199729664,678677107199729664,Sun Dec 20 20:43:26 +0000 2015,5,8,0,0,0,0,I've been exploring links about sensory information processing diffs among predators  scavengers  foragers  prey all ...
678651808068198400,678651808068198400,Sun Dec 20 19:02:54 +0000 2015,17,14,1,0,0,0,1/ The right time to ask sanity-check questions about node n on  a thought trail is when you've already explored tree...
677264574568091648,677264574568091648,Wed Dec 16 23:10:32 +0000 2015,5,21,6,0,0,0,I went to school in not-Boston. I did my few years of tech work in not-Silicon Valley. I've done/do all my writing in...
676113624469925889,676113624469925889,Sun Dec 13 18:57:04 +0000 2015,12,27,8,0,0,0,Big Data: when it is cheaper to store data than to decide what to do with it. Big Bullshit: when it is easier to spre...
675499509099585536,675499509099585536,Sat Dec 12 02:16:47 +0000 2015,8,12,9,0,0,0,When Trump-like figures get a lot of support in the developing world  I can pretend it's just a sign of pre-modern  i...
1509039266025783300,1509039266025783300,Wed Mar 30 05:26:12 +0000 2022,8,33,2,0,0,0,If you assume the average span of control in the world is 7  the hierarchy of the world would have ~12 levels 🤔
672507986691035137,672507986691035137,Thu Dec 03 20:09:33 +0000 2015,4,4,0,1,1,0,@The_Lagrangian @sarahdoingthing +1 to that. Some of the response is ritual. Obama is calling out the reaction formul...
672119969933492224,672119969933492224,Wed Dec 02 18:27:42 +0000 2015,12,49,17,0,0,0,There's almost nothing I want to buy that costs between "iPad pro" and "mansion with no mortgage." This is why middle...
671049049898795009,671049049898795009,Sun Nov 29 19:32:15 +0000 2015,4,14,5,0,0,0,Danger of learning solely from institutionalized bodies of knowledge is that at some point you'll imprint on the inst...
1508609976385777667,1508609976385777667,Tue Mar 29 01:00:21 +0000 2022,7,50,4,0,0,0,What would software for analog computing look like? I don’t mean low level like potentiometer knobs. That’s like mach...
669648378175733760,669648378175733760,Wed Nov 25 22:46:29 +0000 2015,4,8,2,0,0,0,High-cost engineering (==low-cost product) tends to create lower-hackability/bricolage-potential products. True or fa...
669430331523645440,669430331523645440,Wed Nov 25 08:20:03 +0000 2015,5,18,10,0,0,0,Mulling 3 cases: prohibition on ronin serving new masters  SV no-poaching collusion scam  H1b portability history. Fr...
1508147225729273856,1508147225729273856,Sun Mar 27 18:21:33 +0000 2022,20,359,57,0,0,0,The expert’s trilemma   Express doubt you feel and get lynched now  Express certainty you don’t feel  turn out wrong ...
1507951869804523529,1507951869804523529,Sun Mar 27 05:25:16 +0000 2022,7,61,3,0,0,0,The engineering analogue to Fermi estimation (quick and dirty science) should be called Dyson fabrication  after Free...
664953054123327490,664953054123327490,Thu Nov 12 23:48:56 +0000 2015,6,6,2,0,0,0,0/ Prediction poll-storm of five predictions
664145507170693120,664145507170693120,Tue Nov 10 18:20:02 +0000 2015,5,2,0,1,1,0,@sarahdoingthing yay!
1586878099609690112,1586878099609690112,Mon Oct 31 00:29:56 +0000 2022,12,124,12,0,0,0,Large AI models should be called memory creatures
1507875734877921282,1507875734877921282,Sun Mar 27 00:22:44 +0000 2022,7,153,14,0,0,0,Just had a thought. The Western strategy of publishing credible intelligence leading up to the war  sharply limiting ...
1507795555774197761,1507795555774197761,Sat Mar 26 19:04:08 +0000 2022,13,178,9,0,0,0,If you knew you were going to live forever  what would you do today?  Opposite of the more familiar thought experimen...
659425269229355012,659425269229355012,Wed Oct 28 17:43:30 +0000 2015,12,62,33,0,0,0,A sincere belief in the plausibility of large-scale (n&gt;150  Dunbar's number say) secrecy is the main clueless trai...
1507810276753567751,1507810276753567751,Sat Mar 26 20:02:38 +0000 2022,14,55,12,0,0,0,The optimization will continue until morale improves
655913909086384128,655913909086384128,Mon Oct 19 01:10:36 +0000 2015,20,14,2,0,0,0,1/ Manifesto: beliefs you treat as self-evident  and ideally bury in subconscious as habits of mind.
655843614887538691,655843614887538691,Sun Oct 18 20:31:17 +0000 2015,5,1,0,1,1,0,@GabrielDuquette @thesublemon A paramecium might have only 2 affective responses: approach  retreat. But universe it ...
655837082124849152,655837082124849152,Sun Oct 18 20:05:19 +0000 2015,6,0,0,1,1,0,@thesublemon @GabrielDuquette I am actually serious. This sort of thing breaks taste absolutism the way Michelson-Mor...
1507749102410354689,1507749102410354689,Sat Mar 26 15:59:33 +0000 2022,4,29,2,0,0,0,Yes but 1% as grounded in meaningful real concerns https://t.co/qIaU5soal9
649285703667462144,649285703667462144,Wed Sep 30 18:12:29 +0000 2015,13,10,8,0,0,0,1/ When a system in homeostatic or autopoeitic equilibrium gets destabilized  its effective dimensionality increases.
648996165875335168,648996165875335168,Tue Sep 29 23:01:58 +0000 2015,11,6,4,0,0,0,0/ Top ten signs of utopian thinking  counting in reverse
648251589254246400,648251589254246400,Sun Sep 27 21:43:17 +0000 2015,4,6,2,0,0,0,1/ Sense of security: whatever helps you sleep at night.
648239263763447808,648239263763447808,Sun Sep 27 20:54:18 +0000 2015,4,17,8,0,0,0,A false sense of security  when punctured  turns into a false sense of crisis. The bipolar disorder of finite-game Ut...
1507222946602840069,1507222946602840069,Fri Mar 25 05:08:47 +0000 2022,5,131,4,0,0,0,Rewatching Seinfeld. Struck by how many real sandwiches they eat. Nobody seems to eat sandwiches anymore.
646385731661897728,646385731661897728,Tue Sep 22 18:09:02 +0000 2015,4,1,0,1,1,0,.@thinkpanzer I find it highly suspicious when "good UX" so obviously favors a business model. The filesystem metapho...
646350896792666112,646350896792666112,Tue Sep 22 15:50:37 +0000 2015,4,9,4,0,0,0,Only recently learned of fascinating survivorship bias story of WWII bombers. Any analogous stories? http://t.co/rOID...
645986644361785344,645986644361785344,Mon Sep 21 15:43:12 +0000 2015,15,14,5,0,0,0,1/ Consider: Armchair index = median num of curation layers between you and raw news. Twitter=0  new media=1  Google=...
1507085403404189706,1507085403404189706,Thu Mar 24 20:02:15 +0000 2022,10,64,3,0,0,0,Top 5 cost (or value) functions  1. Time 2. Space (2d or 3d) 3. Energy or mass (literal) 4. Bits 5. Money  Random mul...
644309511591735296,644309511591735296,Thu Sep 17 00:38:52 +0000 2015,6,24,9,0,0,0,Science is being commoditized. Industrialized discovery &gt; novel insight. That's why "science the shit out of this"...
1507030875061448707,1507030875061448707,Thu Mar 24 16:25:34 +0000 2022,4,63,3,0,0,0,The pandemic has pretty much entirely killed my appetite for non-essential international travel  🤔
1506864748826046473,1506864748826046473,Thu Mar 24 05:25:26 +0000 2022,13,121,7,0,0,0,Pictures of bombed out cities make you realize the extent to which the bones of the built environment are reinforced ...
641842141682077696,641842141682077696,Thu Sep 10 05:14:26 +0000 2015,4,1,0,1,1,0,@sarahdoingthing @GabrielDuquette I think what you're missing is that nobody has time to become expert enough to enjo...
641835558046711808,641835558046711808,Thu Sep 10 04:48:16 +0000 2015,4,4,0,1,1,0,@GabrielDuquette @sarahdoingthing That was directed at Sarah. You are clearly the victim here.
640572019357052928,640572019357052928,Sun Sep 06 17:07:25 +0000 2015,4,10,7,0,0,0,I still don't agree that information overload IS a "problem"  but it is  this by @dougald is the steelman formulation...
1506825472012816385,1506825472012816385,Thu Mar 24 02:49:22 +0000 2022,6,14,2,0,0,0,Kinda glad to see things head this way. Never really liked ISAs. Thread misses an important separation-of-interests i...
1586810281732100096,1586810281732100096,Sun Oct 30 20:00:27 +0000 2022,4,13,4,0,0,0,Poll: If you have living grandparents or parents above 70  who is actually better at digital device use?
1506779903689052163,1506779903689052163,Wed Mar 23 23:48:18 +0000 2022,5,51,2,0,0,0,Thinking about "the courage to be disliked" (title of an okay book on adlerian psychology)  strikes me that it doesn'...
1506768775756099590,1506768775756099590,Wed Mar 23 23:04:05 +0000 2022,5,20,1,0,0,0,Kinda interesting that "care" is an ambivalent word.   To have a care (noun) is to have burdens and the opposite is b...
1506727223595716611,1506727223595716611,Wed Mar 23 20:18:58 +0000 2022,17,50,8,0,0,0,Weird how when I model risks in the world  I'm like zombies  asteroids  pandemics  climate apocalypse  grimdark only ...
636638535664046081,636638535664046081,Wed Aug 26 20:37:09 +0000 2015,7,10,2,0,0,0,1/ Yusuf Mehdi of Microsoft wins award for most convoluted tweetstorm style ever: "n: &lt;text&gt; n/n_max" https://t...
636617737326858240,636617737326858240,Wed Aug 26 19:14:31 +0000 2015,6,34,7,0,0,0,Why do people think there are just 2 roles in the new economy (investor or entrepreneur)? There's at least a 100 role...
631614008223621120,631614008223621120,Wed Aug 12 23:51:29 +0000 2015,17,16,4,0,0,0,1/ For better or worse  I'm getting interested in climate change.
630535472259817472,630535472259817472,Mon Aug 10 00:25:46 +0000 2015,8,5,5,0,0,0,Climate change does seem to be here. Good Rolling Stone long read. ht @hewhocutsdown http://t.co/78qJiPsLl8
630406537807147008,630406537807147008,Sun Aug 09 15:53:25 +0000 2015,12,16,5,0,0,0,1/ Most people can _only_ learn social behaviors by imitating role models. Social systems are in fact built around th...
1506022692876476419,1506022692876476419,Mon Mar 21 21:39:25 +0000 2022,10,360,40,0,0,0,Everyone wants to discover and invest in the "smartest" and "most driven" people 👀  I instinctively want to avoid any...
629057934048165888,629057934048165888,Wed Aug 05 22:34:33 +0000 2015,4,2,0,1,1,0,@MuseZack @pmarca Depends on complexity of comic-book source. Guardians of Galaxy fit simple formula  but also made m...
1505798800052432897,1505798800052432897,Mon Mar 21 06:49:44 +0000 2022,6,25,3,0,0,0,If Syria was a preview  settle in. That started in 2011 and still hasn’t sorted itself out. Ukraine might take less t...
1505616931851694081,1505616931851694081,Sun Mar 20 18:47:04 +0000 2022,6,15,0,0,0,0,Americans dipthongize repeated vowels in foreign words even they aren’t 🤔  Like beer is beeyur but kheer (Hindi for m...
626415813830971392,626415813830971392,Wed Jul 29 15:35:42 +0000 2015,10,11,3,0,0,0,1/ I've written one book from scratch  one from an email list archive  one from a blog series. Making a book is alway...
626160151372935168,626160151372935168,Tue Jul 28 22:39:48 +0000 2015,10,126,61,0,0,0,1/ Today I am launching a new site in the @ribbonfarm family: http://t.co/68hIay5W8x
1505570283482099715,1505570283482099715,Sun Mar 20 15:41:42 +0000 2022,5,29,6,0,0,0,Thread on undomiciled companies on the blockchain https://t.co/u25GCWCb2u
623213955553456128,623213955553456128,Mon Jul 20 19:32:40 +0000 2015,4,1,1,1,1,0,@wargfranklin Aside: your WHOLE argument rests on the idea that AI can "separate" "humans" from "capitalism."
1504916097945923584,1504916097945923584,Fri Mar 18 20:22:12 +0000 2022,13,31,5,0,0,0,Decided my next lab capability upgrade is going to be spectroscopy. Suggestions for cheap gear? Looking for optical a...
623155151688208384,623155151688208384,Mon Jul 20 15:39:00 +0000 2015,4,3,0,1,1,0,@kimmaicutler @susie_c Engineer's defn: shared parts of tech systems invisible to users. Political definition: easy j...
622865843639164928,622865843639164928,Sun Jul 19 20:29:24 +0000 2015,10,7,1,0,0,0,1/ Consulting favors inefficiency for high-leverage work. Hourly rates are constrained by silly benchmarks that signa...
622453917394153472,622453917394153472,Sat Jul 18 17:12:33 +0000 2015,4,1,0,1,1,0,@smc90 @pmarca Upside of a dedicated p2p p-book network isn't worth it. Wait for e-books or for Uber to offer generic...
622236392383344640,622236392383344640,Sat Jul 18 02:48:11 +0000 2015,4,2,0,0,0,0,As a kid  I used to attend wekend art school run by the Bengali bureaucrats of the local Tagore society. Kinda killed...
622148225437306880,622148225437306880,Fri Jul 17 20:57:50 +0000 2015,5,0,0,1,1,0,@NicholasPell @AuerbachKeller @wargfranklin military sciences come to mind... I'm in a couple of such groups. Almost ...
1505230050366418945,1505230050366418945,Sat Mar 19 17:09:44 +0000 2022,8,21,1,0,0,0,opinionated design doesn't scale past a point  🤔
1504896745079074817,1504896745079074817,Fri Mar 18 19:05:18 +0000 2022,4,25,2,0,0,0,Web1 : GTD :: Web2 : BASB :: Web3 : ??
618569803347812352,618569803347812352,Tue Jul 07 23:58:28 +0000 2015,4,2,0,1,1,0,@sarahdoingthing @KevinSimler @drethelin @ckhonson that's zero-sum bs and you know it :) All learning to count != all...
617439243695202304,617439243695202304,Sat Jul 04 21:06:01 +0000 2015,7,7,5,0,0,0,Revealing look at dynamics of netflix-for-books models. Scribd pulls romance genre because people read oto much. http...
1504893725675180037,1504893725675180037,Fri Mar 18 18:53:18 +0000 2022,5,50,1,0,0,0,Somebody could launch a killer newsletter based simply on a mostly automated roundup of notable activity in Web3 disc...
1504687434642063360,1504687434642063360,Fri Mar 18 05:13:34 +0000 2022,4,33,3,0,0,0,Every time you see a large group mad about something and you poke a bit it turns out their shattered illusion was abo...
1504667503867273218,1504667503867273218,Fri Mar 18 03:54:22 +0000 2022,4,128,6,0,0,0,So do people who get repeatedly disillusioned ever stop to think about how they have a thing for illusions? 🤔
617046681524260864,617046681524260864,Fri Jul 03 19:06:07 +0000 2015,14,3,1,0,0,0,1/ Proposition: surge pricing during emergencies is bad because generally hazardous conditions create more risk for t...
615662056402997248,615662056402997248,Mon Jun 29 23:24:07 +0000 2015,4,9,1,0,0,0,1/ The function of strategy is to reverse the paradox of choice. You have to increase optionality while making the ac...
1504281779410137088,1504281779410137088,Thu Mar 17 02:21:39 +0000 2022,11,34,2,0,0,0,Human hair width: 70 microns  JWST observing band: 0.6 to 28 microns  ~0.1-0.5 hair width (2-10 waves/hair)  Visible ...
614160108327686144,614160108327686144,Thu Jun 25 19:55:55 +0000 2015,6,2,0,0,0,0,1/ Greece is an aging country with a population of ~11 million and a GDP of ~242 billion. SV: 7 million  535B.
613455870316285952,613455870316285952,Tue Jun 23 21:17:31 +0000 2015,13,5,4,0,0,0,1/ Idiots ranting over Amazon's KU paid-by-pages read w/o realizing it's a) opt-in b) does not affect bought units c)...
611328452881285121,611328452881285121,Thu Jun 18 00:23:55 +0000 2015,6,1,0,1,1,0,@sarahdoingthing Several extended days of long f2f discussions with my own secret gang of Jungian-nerd-out crab types :)
611178422035808257,611178422035808257,Wed Jun 17 14:27:45 +0000 2015,12,5,2,0,0,0,1/ The Tbilisi disaster reminds me of my deep ambivalence about zoos. Half the animals are dead: drowned or killed. h...
1504168555838726145,1504168555838726145,Wed Mar 16 18:51:44 +0000 2022,14,72,6,0,0,0,We need a puffed man theory more than we need a great man theory 🤔  People who are possibly impressive at one scale  ...
610849644357095424,610849644357095424,Tue Jun 16 16:41:18 +0000 2015,5,1,1,1,1,0,@swardley @mastermark Simon  if you haven't  you might want to review Boyd's patterns of conflict briefing. Audio is ...
610670477355417600,610670477355417600,Tue Jun 16 04:49:22 +0000 2015,5,23,9,0,0,0,Challenge: make up a tweet-sized political ideology. Eg  "Mobilitarianism: open borders  rent&gt;own  free travel for...
610460449071497216,610460449071497216,Mon Jun 15 14:54:47 +0000 2015,7,2,0,1,1,0,@sarahdoingthing Hey  no fair sneak tweeting a parting shot after I said goodnight!
1504158570526363651,1504158570526363651,Wed Mar 16 18:12:03 +0000 2022,4,5,0,1,1,0,@sadmoonanalog If those friendships actually worked they way you seem to think  you'd have your life a lot more figur...
1503958713798856706,1503958713798856706,Wed Mar 16 04:57:54 +0000 2022,6,43,0,0,0,0,I can suspend belief enough to enjoy time travel  hyperspatial travel  and parallel universe travel  but not upload/d...
609403778538672129,609403778538672129,Fri Jun 12 16:55:57 +0000 2015,5,1,0,1,1,0,@simulacrumbs It's a stronger statement than that. There is an "equipment swap" fallacy at work ("I'd win even if we ...
1503913703401435139,1503913703401435139,Wed Mar 16 01:59:02 +0000 2022,13,55,4,0,0,0,Thinking you can do outbound marketing without a reach asset is a bit like thinking you can go from wireframes to pro...
607251586633461760,607251586633461760,Sat Jun 06 18:23:55 +0000 2015,15,6,3,0,0,0,1/ Historically  though statistics started in gambling  it has been driven by the risk-management motive  not the luc...
607211213592756225,607211213592756225,Sat Jun 06 15:43:29 +0000 2015,5,5,1,0,0,0,When accepting a coffee-meeting  what signs indicate to you that things are going to go nowhere? My #1: person is mid...
606927713845280768,606927713845280768,Fri Jun 05 20:56:57 +0000 2015,8,7,2,0,0,0,1/ If you separate creators and managers of a class of risks  you're reinforcing and freezing a low-trust situation i...
606124307572359169,606124307572359169,Wed Jun 03 15:44:30 +0000 2015,12,6,1,0,0,0,1/ Everyone talks of "mobile-first strategy" but it's kinda unclear wtf that means unless you're obviously a mobility...
605756949968228352,605756949968228352,Tue Jun 02 15:24:45 +0000 2015,4,1,0,1,1,0,@justinpickard I think it's governance by/for/of aspies. You can't legibilize people/relationships like you can workf...
605070227135713281,605070227135713281,Sun May 31 17:55:58 +0000 2015,12,8,3,0,0,0,1/ Running a blog today is an example of the "unreasonable effectiveness of optimization" as @keithmadams of Facebook...
604673411797782528,604673411797782528,Sat May 30 15:39:10 +0000 2015,4,2,0,1,1,0,@wheatpond @asilentsky Since its 2015  not 1933: a couple of small terror bombings  minor islands of "purity"-focused...
1503760721410203655,1503760721410203655,Tue Mar 15 15:51:09 +0000 2022,13,125,8,0,0,0,Automation = lowers the intelligence needed to do things (eg calculator)  Leverage = lowers the force needed to do th...
1503545582706520065,1503545582706520065,Tue Mar 15 01:36:16 +0000 2022,4,147,7,0,0,0,What is the hungriest  highest-energy scene you’re aware of right now? Where people are the most dissatisfied  somewh...
1503448238073937922,1503448238073937922,Mon Mar 14 19:09:27 +0000 2022,18,51,7,0,0,0,I think I finally figured out what seems misconfigured about the “vibes” discourse. To use Pitrim Sorokin’s  terminol...
597793730721099776,597793730721099776,Mon May 11 16:01:46 +0000 2015,8,15,4,0,0,0,1/ Tom Wolfe bio of Noyce http://t.co/DYHWIfwLhF  is worth re-reading alongside Tad Friend bio of @pmarca http://t.co...
1503426061664587777,1503426061664587777,Mon Mar 14 17:41:20 +0000 2022,6,43,3,0,0,0,LinkedIn is like an amusement park for resumes. If resumes were alive  they'd go to LinkedIn for vacations to meet an...
596343681994526720,596343681994526720,Thu May 07 15:59:47 +0000 2015,11,10,6,0,0,0,1/ First we jump at "robots eating jobs" out of unfounded fears. Now we dismiss it eagerly with structurally irreleva...
587740077293498368,587740077293498368,Mon Apr 13 22:12:08 +0000 2015,4,1,0,1,1,0,@GabrielDuquette Curiously my teacher making drumming hard the wrong way is what made me quit tabla as too "technical...
1586518327853084672,1586518327853084672,Sun Oct 30 00:40:20 +0000 2022,5,46,3,0,0,0,I suspect no major decisions will happen after either   A “diverse” council is most likely to simply grok the status ...
1503096473772167171,1503096473772167171,Sun Mar 13 19:51:40 +0000 2022,18,201,14,0,0,0,This Russia thing is going to be a decade-long mess at this rate. A second-order collapse echoing the 90s. 😬  In the ...
583141610294120448,583141610294120448,Wed Apr 01 05:39:28 +0000 2015,4,12,4,0,0,0,Hypothesis: white flight from broadcast/cable to on-demand  and minorityization of former  perfectly mirrors correspo...
1502889091267907585,1502889091267907585,Sun Mar 13 06:07:36 +0000 2022,13,106,13,0,0,0,My reaction to LinkedIn comments on my stuff https://t.co/O6eYIIuykV
575110080493805568,575110080493805568,Tue Mar 10 01:45:02 +0000 2015,4,4,2,0,0,0,Any useful takes out yet on GigaOm financial troubles? I am expecting a TC-post-AOL type reboot.
1502837008313380864,1502837008313380864,Sun Mar 13 02:40:38 +0000 2022,8,44,2,0,0,0,Looked at a map of Eastern Europe. My geographic literacy of it is comparable to my geographic literacy of Africa. Ou...
572870503775395840,572870503775395840,Tue Mar 03 21:25:46 +0000 2015,5,9,3,0,0,0,I almost tweeted this last night  but @sama putting AI on a list of failed predictions seems not-even-wrong to me. ht...
572813281833840641,572813281833840641,Tue Mar 03 17:38:23 +0000 2015,20,18,7,0,0,0,1/ Big Ag overproduced subsidized grain  drove creation of "food pyramid" to create demand. This led to obesity  fuck...
572639294294122496,572639294294122496,Tue Mar 03 06:07:01 +0000 2015,5,5,0,0,0,0,Asimov was too abstract. We need more concrete AI safety laws.
571855613933690880,571855613933690880,Sun Mar 01 02:12:57 +0000 2015,5,11,3,0,0,0,People who are responding to my last few tweets with "you can google facts  not remember phone numbers" -- that's jus...
569629179546726400,569629179546726400,Sun Feb 22 22:45:54 +0000 2015,4,1,0,1,1,0,@GabrielDuquette @thesublemon Your brain problem of losing thread/fracturing easily :)
569548549463019520,569548549463019520,Sun Feb 22 17:25:30 +0000 2015,14,5,5,0,0,0,1/ Darwinian competition is almost the exact opposite of competition as conventionally understood through sports meta...
567016316578435074,567016316578435074,Sun Feb 15 17:43:19 +0000 2015,15,9,3,0,0,0,1/ An odd consequence of "I am not a billionaire...yet" mentality of US is that openly marketing to people wealthier ...
566380269314134016,566380269314134016,Fri Feb 13 23:35:53 +0000 2015,11,25,12,0,0,0,1/ Client of mine has a theory that all orgs have phantom heads: they act like long-gone founders are still there. Th...
1586426015894511616,1586426015894511616,Sat Oct 29 18:33:31 +0000 2022,5,47,5,0,0,0,We need a term for the phase of a technology's evolution that comes right after proof of concept  but should not/cann...
1500573081173053440,1500573081173053440,Sun Mar 06 20:44:36 +0000 2022,8,47,2,0,0,0,There's 2 ways to interpret this xkcd joke  which do you prefer?  a) Prior probability of the sun having gone nova as...
564831307717292032,564831307717292032,Mon Feb 09 17:00:52 +0000 2015,4,9,2,0,0,0,1/ This great @nytimes series on high-end Manhattan real estate should be called "the banality of extreme wealth." ht...
563853091796049923,563853091796049923,Sat Feb 07 00:13:47 +0000 2015,11,3,1,0,0,0,1/ Seems like there's an obvious "right answer" to how to structure digital content for sale online  but nobody has a...
563383909233094657,563383909233094657,Thu Feb 05 17:09:25 +0000 2015,13,6,4,0,0,0,1/ Leftist economics is like creationism. Rightist (in the sense of fascist-corporatist) is like Lamarckianism.
1500323954979868672,1500323954979868672,Sun Mar 06 04:14:40 +0000 2022,5,200,13,0,0,0,CNN war coverage is all human interest tearjerker schmaltz about mothers and sick children and brave resistance. BBC ...
561643696165109760,561643696165109760,Sat Jan 31 21:54:26 +0000 2015,8,6,3,0,0,0,Indie (1-person) consultants seem to head towards one of two stable asymptotes: presenters and executive coaches.
1464703964276920326,1464703964276920326,Sat Nov 27 21:13:32 +0000 2021,8,46,1,0,0,0,Jeez finally took a few minutes to take a look  and this praxis thing is like the exact opposite of my kind of scene....
559810543616135171,559810543616135171,Mon Jan 26 20:30:09 +0000 2015,23,3,7,0,0,0,1/ Let's talk about a deceptively simple-seeming concept: to bear witness.
559047588347772928,559047588347772928,Sat Jan 24 17:58:26 +0000 2015,15,5,4,0,0,0,1/ Thought: when s/w  robots eat bullshit jobs  to the extent that they're done by people with alt support  new jobs ...
1500174108163600387,1500174108163600387,Sat Mar 05 18:19:13 +0000 2022,27,33,4,0,0,0,Here’s a fun pricing case study/creator economy brainstorm.  On substack  you are expected to offer a discount for yo...
1499576963605798913,1499576963605798913,Fri Mar 04 02:46:23 +0000 2022,4,15,1,0,0,0,Poll: What is your affiliation
547465484711362560,547465484711362560,Tue Dec 23 18:55:17 +0000 2014,12,4,1,0,0,0,1/ I made up the backronym LOLCATS for checklist of minimum qualifying capabilities for a minimally complete IoT system.
1499633669501112323,1499633669501112323,Fri Mar 04 06:31:43 +0000 2022,4,21,1,0,0,0,I do wonder if the significance of the Dugin mythology is overstated. He makes for good Rasputin drama  but the whole...
543475479500435457,543475479500435457,Fri Dec 12 18:40:26 +0000 2014,12,12,4,0,0,0,1/ The suffering artist/philosopher ideal is guardian bs. Idealism is the luxury of people who do obviously useful th...
541385793260892160,541385793260892160,Sun Dec 07 00:16:46 +0000 2014,18,9,6,0,0,0,1/ There have only been ~6 true innovations in management in 200 years. The rest is executive therapy. I'll share my ...
1499531017396178973,1499531017396178973,Thu Mar 03 23:43:49 +0000 2022,6,69,1,0,0,0,adding "elon derangement syndrome" to my running list of derangement syndromes
1499522872317931520,1499522872317931520,Thu Mar 03 23:11:27 +0000 2022,5,12,1,0,0,0,I don't quite understand the argument  but this by @adam_tooze is great. Russia was managing a sovereign economy like...
1499481703923925005,1499481703923925005,Thu Mar 03 20:27:51 +0000 2022,5,20,0,0,0,0,Almost exactly 2 years in  my pandemic at least is over  according to my Zoom position 🤣  I'll probably hold on to th...
538432584133251072,538432584133251072,Fri Nov 28 20:41:46 +0000 2014,15,10,7,0,0,0,1/ For speculative self-disruption fun  I am trying to imagine "software eating mgmt consulting"  specifically  me. W...
537475962208665601,537475962208665601,Wed Nov 26 05:20:29 +0000 2014,4,1,0,1,1,0,@SameerPatel @carge77 you're still sneaking the S/T distinction in with bloodier language. I prefer replacing with PE...
1586381682994647040,1586381682994647040,Sat Oct 29 15:37:21 +0000 2022,6,244,29,0,0,0,This is amazing. The only critical part left now is the control boards and battery. The knowledge part is commodity o...
1499458777598218257,1499458777598218257,Thu Mar 03 18:56:45 +0000 2022,4,27,2,0,0,0,We're back to "destination web" after 2 decades of "distribution web" (email  streams  then email again)... web3-web1...
1499256494713294849,1499256494713294849,Thu Mar 03 05:32:57 +0000 2022,9,28,3,0,0,0,The downside is that renewed ascendancy of naked realpolitik after ~100y of at least lip service to ideology is that ...
533857152339673088,533857152339673088,Sun Nov 16 05:40:38 +0000 2014,6,4,2,0,0,0,1/ Pro-free-agent law changes that probably will never be politically feasible....
533671555251724288,533671555251724288,Sat Nov 15 17:23:08 +0000 2014,18,15,6,0,0,0,1/ The @tanehisicoates definition of 'asshole' (someone who insists all social interaction happen on their terms) is ...
1499190503761330179,1499190503761330179,Thu Mar 03 01:10:44 +0000 2022,4,15,0,0,0,0,South Park totally firing on all cylinders with new episode
531914110330355712,531914110330355712,Mon Nov 10 20:59:41 +0000 2014,24,7,5,0,0,0,1/ Two possible reasons why sustaining innovation fails to compete with true (external) disruption: finance  sociology
1499060088757121024,1499060088757121024,Wed Mar 02 16:32:31 +0000 2022,9,35,2,0,0,0,When I encounter a reference to either ancient Greek history or famous anime plot events in an argument  my eyes glaz...
525486637912825857,525486637912825857,Fri Oct 24 03:19:12 +0000 2014,12,3,2,0,0,0,1/ Naive standard history of computing ignores the role of women entirely beyond Grace Hopper  Ada Lovelace  Klari Vo...
1498726431836106752,1498726431836106752,Tue Mar 01 18:26:40 +0000 2022,11,124,10,0,0,0,Hypothesis: real transaction costs are skyrocketing in illegible ways and will stay high for decades  and we’re heade...
524260480328536064,524260480328536064,Mon Oct 20 18:06:53 +0000 2014,11,5,3,0,0,0,1/ Lit surveys and discovery exercises serve 2 purposes  not 1: providing idea fuel and containing downside of potent...
1498696828178472961,1498696828178472961,Tue Mar 01 16:29:02 +0000 2022,10,22,2,0,0,0,“In 2016  about 2.3 million homes were worth $1 million or more. Meanwhile  in 2019  that figure was roughly 3.1 mill...
521126697488232448,521126697488232448,Sun Oct 12 02:34:21 +0000 2014,4,4,1,1,1,0,@cdixon @pmarca Unbundling/via negativa = free-form carve/cut logic. Prequel=more constrained: end new UX  where old ...
1498433219150041091,1498433219150041091,Mon Feb 28 23:01:33 +0000 2022,8,88,7,0,0,0,If something is capable of driving you to a derangement syndrome  almost certainly there's an element to it that stro...
517344984438022144,517344984438022144,Wed Oct 01 16:07:10 +0000 2014,12,6,4,0,0,0,1/ Work roles that are close in econ. function can be far apart in personalities that fit them. This has led to many ...
508021508644409344,508021508644409344,Fri Sep 05 22:39:00 +0000 2014,4,0,0,1,1,0,@eli_schiff Of course it should be expanded. I'm pointing out it can't be shrunk easily for all as easily as for him.
1586191621170688000,1586191621170688000,Sat Oct 29 03:02:07 +0000 2022,11,180,13,0,0,0,If you actually wanted a real public web you’d be running a Wordpress blog with open comments and linking to other bl...
1497798546359144449,1497798546359144449,Sun Feb 27 04:59:35 +0000 2022,10,69,6,0,0,0,Looks like everybody from CIA and Biden to random bloggers called this  down to 2/22/22 date. I misjudged importance ...
506516622450769920,506516622450769920,Mon Sep 01 18:59:08 +0000 2014,16,5,4,0,0,0,1/ I've changed my mind on information overload. It is real  but not in the sense that people think.
506268309247889408,506268309247889408,Mon Sep 01 02:32:25 +0000 2014,13,3,1,0,0,0,1/ Labor Day is supposed to be all about solidarity. Even more than capitalists  it is individualists who are the vil...
505833419712905216,505833419712905216,Sat Aug 30 21:44:19 +0000 2014,8,3,1,0,0,0,1/ Complex but accurate way to tell if someone is stressed/relaxed online: see if their sharing reflects dominant/sha...
1497747038343102467,1497747038343102467,Sun Feb 27 01:34:55 +0000 2022,9,172,25,0,0,0,Before Twitter and Google we used to become overnight experts on big news topics by rushing to the library and readin...
505015924299034624,505015924299034624,Thu Aug 28 15:35:53 +0000 2014,20,5,2,0,0,0,1/ Facebook clamping down on clickbait is a really healthy development  as is @SavedYouAClick type ideas.
504672895105105922,504672895105105922,Wed Aug 27 16:52:49 +0000 2014,10,20,15,0,0,0,1/ Do not try to understand your life in terms of your skills or passions. They are NOT predictive of what you'll end...
1497725303237459974,1497725303237459974,Sun Feb 27 00:08:33 +0000 2022,4,220,19,0,0,0,Remembering how CNN basically invented round-the-clock live war reality tv firehose in 1991. Before that war coverage...
502665707943772160,502665707943772160,Fri Aug 22 03:56:58 +0000 2014,9,7,5,0,0,0,1/ The trick to having many good ideas is to give away credit for ideas faster than they hit you. Or not claim credit...
500499116171218948,500499116171218948,Sat Aug 16 04:27:42 +0000 2014,20,9,2,0,0,0,1/ Listening to Modi's independence day speech. Holy crap  the guy is good. Most powerful speech I've ever heard an I...
1497357924204617728,1497357924204617728,Fri Feb 25 23:48:43 +0000 2022,5,33,1,0,0,0,CNN guy confidently asserting that if NATO wanted to  it could easily establish air supremacy and enforce a no-fly zo...
496413077198221313,496413077198221313,Mon Aug 04 21:51:15 +0000 2014,8,2,3,0,0,0,1/ Progress is a 3-way contest between has-beens  never-was-es and could-have-beens. When all grumpily accept each ot...
1497079769946472449,1497079769946472449,Fri Feb 25 05:23:26 +0000 2022,4,48,1,0,0,0,Ugh. On behalf of Gen X… this guy does not speak for our organization. https://t.co/bRfSoHaH9J
1497055371952738304,1497055371952738304,Fri Feb 25 03:46:29 +0000 2022,4,41,2,0,0,0,Jeffrey Donovan is on Law and Order. I’m waiting for his voice-over to say  “when you’re a spy…”  Wish they’d reboot ...
492730831656329217,492730831656329217,Fri Jul 25 17:59:19 +0000 2014,4,5,3,0,0,0,1/ "Why can't we all just get along" deceptively suggests that the stable default is an option people have to be pers...
1496708335961210880,1496708335961210880,Thu Feb 24 04:47:29 +0000 2022,9,44,8,0,0,0,I guess we’ve moved from rhyming with 1920s to rhyming with 1930s ☹️ https://t.co/VN6hafxyyZ
481117229900394496,481117229900394496,Mon Jun 23 16:51:00 +0000 2014,19,5,2,0,0,0,1/ WaPo title  "Come on  Silicon Valley  you can do better than this" gets at the root of what non-SVers don't get: t...
1496542673066508296,1496542673066508296,Wed Feb 23 17:49:12 +0000 2022,4,80,7,0,0,0,Starting to rough out a new map  my first attempt since the 2015-2016 one. Considering a left-to-right narrative time...
480024370937487360,480024370937487360,Fri Jun 20 16:28:23 +0000 2014,13,7,2,0,0,0,1/ All writing that attracts attention on the Internet sparks a Why Wasn't I Consulted? (WWIC) fest. See http://t.co/...
479059734385799168,479059734385799168,Wed Jun 18 00:35:15 +0000 2014,11,5,3,0,0,0,1/ Widespread attitude: "Good engineers should be seen  not heard." Quite a few clueless engineers seem to actually b...
476403523601453057,476403523601453057,Tue Jun 10 16:40:25 +0000 2014,16,5,1,0,0,0,1/ There's an epidemic of low self-esteem going around. If it were like obesity  median weight would be 300 lb.
476119746640113664,476119746640113664,Mon Jun 09 21:52:48 +0000 2014,18,5,2,0,0,0,1/ Today's inequality conversation between Alice the 1%er  Bob the SV #Occupy liberal and Charlie   Dey Turk Er Jurbs...
475709098126606337,475709098126606337,Sun Jun 08 18:41:01 +0000 2014,5,2,0,1,1,0,@balajis otoh  not just truth  but serious moral hazard and principal-agent issues are also upstream
1496159047309012996,1496159047309012996,Tue Feb 22 16:24:48 +0000 2022,19,41,3,0,0,0,When people say  that’s just speculation  like it’s a vice  what specific vice are they thinking of? Gambling? Greed?...
472758444139614209,472758444139614209,Sat May 31 15:16:11 +0000 2014,16,11,8,0,0,0,1/ Reflecting on my impulse to LOL rather than be concerned at spelling bee Twitter racism http://t.co/eujYdopUlL I r...
1586189878584147969,1586189878584147969,Sat Oct 29 02:55:11 +0000 2022,13,27,3,0,0,0,Wonder if Texas is the new Florida. I guess Twitter is sorta a Texas company now.
1495626263435821056,1495626263435821056,Mon Feb 21 05:07:43 +0000 2022,11,18,3,0,0,0,I have no desire to watch the Pennyworth show. Batman’s butler is a level of infill I can’t bring myself to care abou...
1495540729891987456,1495540729891987456,Sun Feb 20 23:27:50 +0000 2022,9,24,3,0,0,0,Watching ethdenver livestream. Why is Vitalik in a bear suit?
1495495869466095620,1495495869466095620,Sun Feb 20 20:29:34 +0000 2022,4,382,17,0,0,0,What is wrong with this teacher? The pencilled answer is obviously the correct one. The question was how us thus poss...
1495474429312311302,1495474429312311302,Sun Feb 20 19:04:23 +0000 2022,5,27,1,0,0,0,Science-fiction idea: time machine but it only runs on coal  and sending 1 human back 1 week (round-trip) burns enoug...
442909401796456449,442909401796456449,Mon Mar 10 06:26:44 +0000 2014,5,2,0,1,1,0,@pmarca @johnolilly web of app stores? Only function of browser to search for app stores. Google = strip mall directo...
1494738821346254855,1494738821346254855,Fri Feb 18 18:21:20 +0000 2022,4,30,1,0,0,0,Generations of leftism  Gen 0: Pre-Marxist guilds Gen 1: 19th c trade unions Gen 2: late 19th/early 20c general labor...
425313399853961216,425313399853961216,Mon Jan 20 17:06:31 +0000 2014,4,0,1,1,1,0,@zenpundit @PeteATurner I think that view a) overvalues pre-digital forms of literacy b) undervalues digital culture
1494695816581156866,1494695816581156866,Fri Feb 18 15:30:27 +0000 2022,8,49,4,0,0,0,Lae last night I coined a very satisfying phrase to describe a discourse condition: theory-shaped debris
1494563075336261632,1494563075336261632,Fri Feb 18 06:42:59 +0000 2022,4,16,1,0,0,0,A touch of glitch is digital sprezzatura
1585681230430801920,1585681230430801920,Thu Oct 27 17:14:00 +0000 2022,32,68,1,0,0,0,At California economic summit. State rep Vince Fong (Republican) came out swinging. Apparently Newson usually shows u...
1494323548298514438,1494323548298514438,Thu Feb 17 14:51:11 +0000 2022,6,46,4,0,0,0,Whoa https://t.co/yfrUbj0CqJ
1493833321440182274,1493833321440182274,Wed Feb 16 06:23:12 +0000 2022,4,97,6,0,0,0,Slowly becoming clear how crazy and dangerous this year is going to be
1493642115225579523,1493642115225579523,Tue Feb 15 17:43:25 +0000 2022,6,14,0,0,0,0,What are some interesting dApps being built/already existing on Polygon? Just getting started investigating it. It se...
1493320705278038016,1493320705278038016,Mon Feb 14 20:26:15 +0000 2022,12,127,5,0,0,0,This is like the exact opposite of how I write.  My basic premise is the polar opposite. There’s no such thing as a “...
1492579049712984069,1492579049712984069,Sat Feb 12 19:19:10 +0000 2022,14,95,3,0,0,0,Emerging-adulthood vortex: Any scene that emerges around anything that allows people 21-35 or so to make their bones ...
1492270865865527298,1492270865865527298,Fri Feb 11 22:54:34 +0000 2022,7,14,0,0,0,0,Kinda hungry. Might problematize  critically interrogate  and urgently intervene in this cookie I see here.  🍪 👀
1492242360033374208,1492242360033374208,Fri Feb 11 21:01:17 +0000 2022,5,7,0,0,0,0,I need a second "working slouched out on the couch" small  light laptop I think. MBP 16" is too big heavy for anythin...
1476377795932549123,1476377795932549123,Thu Dec 30 02:21:10 +0000 2021,14,82,4,0,0,0,Watching Boba Fett show  This relentless rebooting and universe-extending makes me feel better about myself. I’m not ...
1491950384927043587,1491950384927043587,Fri Feb 11 01:41:05 +0000 2022,5,2,0,1,1,0,@niftynei @base58btc Wait they *took* the money?
1491918809573183494,1491918809573183494,Thu Feb 10 23:35:37 +0000 2022,4,104,13,0,0,0,On LinkedIn they can share the same sort of thing over and over without it ever turning into a meme. Total psychopaths.
1491841698820808704,1491841698820808704,Thu Feb 10 18:29:12 +0000 2022,7,3,2,0,0,0,Why are the capitalization checksums for Ethereum addresses not unique? This has been bugging me for a while. I don't...
1491805936486256644,1491805936486256644,Thu Feb 10 16:07:06 +0000 2022,10,62,1,0,0,0,Spent 10h writing an essay in a single sitting yesterday. Despite good ergonomics and stuff (timer to get up and move...
1491534555693518849,1491534555693518849,Wed Feb 09 22:08:44 +0000 2022,6,31,3,0,0,0,In other news  I've been completely nerdsniped by @clarityteams thanks to @jdbb   It's all the basic Notion type stuf...
1491274979068952578,1491274979068952578,Wed Feb 09 04:57:16 +0000 2022,25,301,34,0,0,0,I suspect blockchains are never going to be fast no matter how clever you get with L2s  sidechains  sharding  rollups...
1491218647360360448,1491218647360360448,Wed Feb 09 01:13:25 +0000 2022,13,40,2,0,0,0,Beginning to think of critics the same way I think of actors. Just because you play a pilot in a movie doesn’t mean y...
1472318183046410240,1472318183046410240,Sat Dec 18 21:29:43 +0000 2021,50,107,9,0,0,0,Starting a second Web3 thread focused on DAOs here. Will go much slower since experiments are much more complex. My f...
1490478867131224068,1490478867131224068,Mon Feb 07 00:13:48 +0000 2022,8,11,0,0,0,0,My Dell monitor has all these USB ports in the back but they don’t seem active. I’m connected to my MBP via hdmi. How...
1585843890774368256,1585843890774368256,Fri Oct 28 04:00:21 +0000 2022,13,56,9,0,0,0,Well here we go https://t.co/BSFtFak1Dl
1489678652522385411,1489678652522385411,Fri Feb 04 19:14:02 +0000 2022,9,6,0,0,0,0,grr my dell monitor connected to my new macbook pro via hdmi keeps periodically blinking off for a second. What might...
1489380764965687296,1489380764965687296,Thu Feb 03 23:30:20 +0000 2022,4,27,1,0,0,0,😢 https://t.co/6i9KzOWuS1
1489275870258688001,1489275870258688001,Thu Feb 03 16:33:31 +0000 2022,9,35,3,0,0,0,Discussing buying the Meta dip with a friend and realized the case for buying is to cover the political compass. If y...
1489123240844795909,1489123240844795909,Thu Feb 03 06:27:01 +0000 2022,11,123,13,0,0,0,One of the underrated features of Web3 is that the more you use it the more you feel like you’ve genuinely emigrated ...
1489117149100601345,1489117149100601345,Thu Feb 03 06:02:49 +0000 2022,5,15,1,0,0,0,Asimov’s early robot stories used to be annoyingly packaged in various incomplete anthologies  but I just discovered ...
1489095836755632128,1489095836755632128,Thu Feb 03 04:38:08 +0000 2022,4,5,0,0,0,0,This baby yoda training montage is like total cinematic clickbait
1489062012533440517,1489062012533440517,Thu Feb 03 02:23:43 +0000 2022,5,41,3,0,0,0,I would like a side-eye emoji looking the other way 👀
1593693666065141760,1593693666065141760,Fri Nov 18 19:52:34 +0000 2022,4,45,4,0,0,0,Serious answer: with all the financial  social  political  and org constraints he's introduced into the picture  ther...
1487561306261442566,1487561306261442566,Sat Jan 29 23:00:27 +0000 2022,6,15,1,0,0,0,I see a bunch of research on how low socioeconomic status correlates to heart disease but does this effect remain if ...
1487533147357024258,1487533147357024258,Sat Jan 29 21:08:34 +0000 2022,9,4,0,1,1,0,@michael_nielsen @visakanv People forget what Xerox actually got out of PARC and *didn’t* fumble. Gary Starkweather a...
1487450732475215875,1487450732475215875,Sat Jan 29 15:41:04 +0000 2022,11,33,3,0,0,0,Idea: “Calendly jobs” where you’re hired by a consortium of companies for first-come/first-serve 40h/week anywhere wi...
1487317311019044867,1487317311019044867,Sat Jan 29 06:50:54 +0000 2022,4,32,3,0,0,0,Something I’m realizing slowly is that Web3 tech makes admin and bureaucracy almost fun. It works the way you expect ...
1487157394706558976,1487157394706558976,Fri Jan 28 20:15:27 +0000 2022,5,24,1,0,0,0,However this plays out  this thing is an object lesson in the danger of "vibes" as an artistic form. Because there's ...
1486859109383086082,1486859109383086082,Fri Jan 28 00:30:10 +0000 2022,4,45,1,0,0,0,I have my high-level long-term goals in place  and my low-level hourly/daily atomic habits in place  it's the middle ...
1486798875075629056,1486798875075629056,Thu Jan 27 20:30:49 +0000 2022,10,24,5,0,0,0,interesting that the UX of software has slowly evolved from document and dashboard metaphors to stream and event/aler...
1486787271923679233,1486787271923679233,Thu Jan 27 19:44:43 +0000 2022,4,57,4,0,0,0,you know you have a strategy when it is obvious what to outsource
1486582421118066691,1486582421118066691,Thu Jan 27 06:10:43 +0000 2022,5,29,1,0,0,0,This is a ridiculous stunt dosa https://t.co/cJw4pChO1F
1486463927248584706,1486463927248584706,Wed Jan 26 22:19:52 +0000 2022,9,36,2,0,0,0,TIL the L4 and L5 Lagrange point Trojan asteroids are called the Greek camp and Trojan camp. Kinda uninspired naming....
1486445689139720193,1486445689139720193,Wed Jan 26 21:07:23 +0000 2022,4,31,2,0,0,0,Just realized something. The younger readers of my writing over the last 15 years haven’t generally grown up to be li...
1486407994984128512,1486407994984128512,Wed Jan 26 18:37:36 +0000 2022,9,34,2,0,0,0,If baroque and mannerism are the characteristic artistic modes of the late stages of a decadent paradigm/societal ord...
1486396599366402049,1486396599366402049,Wed Jan 26 17:52:19 +0000 2022,4,28,2,0,0,0,Procrastinating on studying the blade
1486169505453658115,1486169505453658115,Wed Jan 26 02:49:56 +0000 2022,4,49,8,0,0,0,Interesting that wordle has retained its audience despite it being a trivial game and many interesting variants appea...
1486157723100090368,1486157723100090368,Wed Jan 26 02:03:07 +0000 2022,4,23,1,0,0,0,my revolutionary agenda is to attack and dethrone explainers  what do *you* want to attack and dethrone?
1486095077147435008,1486095077147435008,Tue Jan 25 21:54:11 +0000 2022,4,3,0,0,0,0,I’m nailing the grey part of this grey eminence shtick at least. Now to work on the eminence part.
1486077987631996928,1486077987631996928,Tue Jan 25 20:46:16 +0000 2022,5,9,2,0,0,0,Reminds me of the reliably and repeatably wrong IEA predictions on growth of renewables https://t.co/DVeSfsbavo
1485723024963747842,1485723024963747842,Mon Jan 24 21:15:47 +0000 2022,6,82,5,0,0,0,The optimal amount of frustration is not zero. Don’t get attached to agency  or worse  performative displays of agent...
1585499738194866176,1585499738194866176,Thu Oct 27 05:12:49 +0000 2022,4,22,2,0,0,0,Fascinating thread about how tradfi world has tried to transcend fundamental tensions and “adopt” crypto somehow. Thi...
1585147932126621696,1585147932126621696,Wed Oct 26 05:54:52 +0000 2022,5,36,1,0,0,0,I need a new post-covid attitude and persona for the permaweird 🤔  So many choices   Jim Cramer manic? Goatee gravita...
1484953194367127553,1484953194367127553,Sat Jan 22 18:16:45 +0000 2022,14,1601,202,0,0,0,If you don’t switch to hard mode by 35  life switches to impossible mode for you by 45.   Middle-class privilege + me...
1484666678117953536,1484666678117953536,Fri Jan 21 23:18:14 +0000 2022,4,29,4,0,0,0,Holy crap. Unstoppable automation meets unmaskable transparency to create a nancal doomsday device 🤣🤣 https://t.co/cP...
1482605277132169220,1482605277132169220,Sun Jan 16 06:46:58 +0000 2022,5,24,0,0,0,0,Watching Station Eleven. Pretty good so far.
1483895308551553024,1483895308551553024,Wed Jan 19 20:13:05 +0000 2022,5,66,5,0,0,0,the more actual freedom people have  the harder and less rewarding managing or leading people becomes  so fewer peopl...
1483870638955630593,1483870638955630593,Wed Jan 19 18:35:03 +0000 2022,7,22,1,0,0,0,I need a new consulting shtick. Something that builds on sparring  but isn't sparring  and is somehow shaped by/respo...
1483844535742439426,1483844535742439426,Wed Jan 19 16:51:20 +0000 2022,5,14,3,0,0,0,Probably the biggest PET recycling (not down cycling) project ever…?  I think materials circular economy is on the cu...
1483545351126618120,1483545351126618120,Tue Jan 18 21:02:29 +0000 2022,12,95,4,0,0,0,It feels like I'm waiting for whatever comes after world-building as the next great fictional narrative technology
1479518321598861312,1479518321598861312,Fri Jan 07 18:20:30 +0000 2022,20,90,8,0,0,0,I got some turmeric powder on carpet. How do I get it off? Tried some dish soap and a random enzyme based pet stain r...
1483499336575045633,1483499336575045633,Tue Jan 18 17:59:38 +0000 2022,26,40,5,0,0,0,Interesting. The younger set in this part of twitter is disproportionately trad and conservative but the general tren...
1483124807054938112,1483124807054938112,Mon Jan 17 17:11:23 +0000 2022,25,93,22,0,0,0,Significant discussion developing here. The right question at right abstraction level. I suspect original @alexisohan...
1585070024867590145,1585070024867590145,Wed Oct 26 00:45:17 +0000 2022,6,51,5,0,0,0,Realized one of the things that has been a nagging doubt about generative AI for me is that we don’t know in what way...
1585015587578994688,1585015587578994688,Tue Oct 25 21:08:58 +0000 2022,4,167,19,0,0,0,Parkinson’s law: work expands to fill the time available   My law: Work shrinks to fit the gap between the procrastin...
1584988600118099968,1584988600118099968,Tue Oct 25 19:21:44 +0000 2022,4,13,0,1,1,0,@Meaningness I like it when the interviewer is skilled. They get me thinking in ways I wouldn't think by myself. If y...
1482189187130400770,1482189187130400770,Sat Jan 15 03:13:34 +0000 2022,9,24,1,0,0,0,Now watching Eternals. The opening is awful and I’m a degen mcu completist. https://t.co/XATk6eUMTa
1482160257757376513,1482160257757376513,Sat Jan 15 01:18:37 +0000 2022,4,8,1,0,0,0,2 green pig people singing a bad Wookiee while boba Fett prances around in a diaper and a Hunger Games type squad bac...
1481819287740301312,1481819287740301312,Fri Jan 14 02:43:43 +0000 2022,5,6,0,0,0,0,Where did the “not okay” phrase start?   https://t.co/aehPaRoRxn
1584939534642741248,1584939534642741248,Tue Oct 25 16:06:46 +0000 2022,16,45,5,0,0,0,Interesting how many thought-stopper words (including positive self-descriptors) are also individual labels. You tend...
1481415352206516227,1481415352206516227,Wed Jan 12 23:58:37 +0000 2022,5,51,4,0,0,0,I can’t think of a single memorable piece of business writing from the last 5 years that I enthusiastically forward t...
1481307139226304513,1481307139226304513,Wed Jan 12 16:48:38 +0000 2022,4,33,3,0,0,0,“myopic selfish desperation” is a great mindworm phrase by @meditationstuff   Now I see it everywhere… one if those c...
1481052084053364737,1481052084053364737,Tue Jan 11 23:55:08 +0000 2022,5,11,0,0,0,0,Le sigh https://t.co/MAxdZhxal7
1480696680307560448,1480696680307560448,Tue Jan 11 00:22:53 +0000 2022,4,18,1,1,1,0,@miniver @andybudd @tom_d_kerwin @johncutlefish Not sure why I’m tagged here but I’ve nearly always been on the oppos...
1584729937147109376,1584729937147109376,Tue Oct 25 02:13:54 +0000 2022,9,81,6,0,0,0,I suspect the degrowthers are going to get what they want but not where and when they want
1480639701895684097,1480639701895684097,Mon Jan 10 20:36:28 +0000 2022,4,2,0,1,1,0,@kneelingbus 🧐
1480624848455946241,1480624848455946241,Mon Jan 10 19:37:27 +0000 2022,5,3,0,1,1,0,@ben_mathes @nils_gilman @FukuyamaFrancis @tomfriedman @sherylsandberg These seem tech specific. Maybe tech is the ES...
1480293650621865985,1480293650621865985,Sun Jan 09 21:41:23 +0000 2022,8,162,10,0,0,0,Every civilizational hierarchy ever https://t.co/4Jsm4VHoCe
1479992775416315904,1479992775416315904,Sun Jan 09 01:45:49 +0000 2022,4,69,2,0,0,0,Finally read the moxie post. Pretty good. Basically a to-do list. Not sure why any of it is controversial. He seems s...
1479882346325168134,1479882346325168134,Sat Jan 08 18:27:00 +0000 2022,13,52,8,0,0,0,Good post by @mattsclancy on why starting a new field is hard. Direct economic incentives (bigger grants) are too exp...
1479696435809435650,1479696435809435650,Sat Jan 08 06:08:16 +0000 2022,6,293,51,0,0,0,Noticing: Businesses are burning out. Not just employees. Increasingly too exhausted to think about stuff that’s &gt;...
1479498585553063940,1479498585553063940,Fri Jan 07 17:02:05 +0000 2022,5,28,6,0,0,0,Just had an interesting exchange in @yak_collective discord that led me to the idea that in trad economics  money imp...
1471378669281054723,1471378669281054723,Thu Dec 16 07:16:26 +0000 2021,41,69,12,0,0,0,Rereading the Asimov Lije Bailey books after a while. Catching interesting worldbuilding details I missed before. Lik...
1478413701610827778,1478413701610827778,Tue Jan 04 17:11:08 +0000 2022,6,60,7,0,0,0,Has anybody written anything cogent about economic regimes where transmission costs &gt;&gt; production costs?  Cheap...
1478499029407334400,1478499029407334400,Tue Jan 04 22:50:12 +0000 2022,9,57,5,0,0,0,The “wallet” metaphor for Web3 is unraveling much faster than the “document” metaphor did.  There’s probably going to...
1478463638264442880,1478463638264442880,Tue Jan 04 20:29:34 +0000 2022,12,55,6,0,0,0,There is something you could call engineering alpha or stack alpha. For eg knowing a language exploding in demand. Bu...
1478084641416384512,1478084641416384512,Mon Jan 03 19:23:34 +0000 2022,4,76,1,0,0,0,Hate to add complexity to what's already a complex roadmap for @RoamResearch but strikes me that it's an ideal produc...
1478060577918308354,1478060577918308354,Mon Jan 03 17:47:57 +0000 2022,12,23,4,0,0,0,10x difference in vax/unvax hospitalization rates appears to continue to be true for omicron? Even if mortality rate ...
1477709593677467650,1477709593677467650,Sun Jan 02 18:33:16 +0000 2022,8,41,3,0,0,0,It’s al fun and games until you run out of blue pills
1477163714553860100,1477163714553860100,Sat Jan 01 06:24:08 +0000 2022,28,71,3,0,0,0,Emoji meme quiz. How many can you get? Add more questions in replies if you can think of them.  🤔🦋 🌎👩‍🚀🔫👩‍🚀 🕷👉👈🕷 👩🏻👀👩...
1477097086935986178,1477097086935986178,Sat Jan 01 01:59:23 +0000 2022,8,15,1,0,0,0,Cobra Kai S4. Here we go.
1381087092147593216,1381087092147593216,Sun Apr 11 03:29:56 +0000 2021,7,300,21,0,0,0,Storytelling has gotten so damn efficient due to screen media. A well-scripted modern TV show moves along incredibly ...
1477027158111313920,1477027158111313920,Fri Dec 31 21:21:30 +0000 2021,4,6,0,1,1,0,@meditationstuff This is close to what I’m thinking about  but I think adjacent. Stuff that requires active decision-...
1584388090688204800,1584388090688204800,Mon Oct 24 03:35:31 +0000 2022,37,669,88,0,0,0,Started making my first proper zeitgeist map in like 6 years https://t.co/mLOkFLLndq
1476304443050115072,1476304443050115072,Wed Dec 29 21:29:42 +0000 2021,14,89,4,0,0,0,I’d like to see an experiment in pure-paradigm Graeberism 🤔  A “Graeberland” with an economy based on pure credit-mut...
1476251374773886981,1476251374773886981,Wed Dec 29 17:58:49 +0000 2021,6,39,7,0,0,0,Wish someone would do a thinkpiece on how the rest of the world’s future is *not* like Japan’s present  because of th...
1476043669685690370,1476043669685690370,Wed Dec 29 04:13:29 +0000 2021,11,134,14,0,0,0,2 robot news things struck me this year:  Mall robots programmed to detect and avoid groups of little children becaus...
1475984592825843714,1475984592825843714,Wed Dec 29 00:18:44 +0000 2021,6,11,0,1,1,0,@kevinakwok It became clear that it was subtly transforming into a reactionary/trad anti-progress line of thought  of...
1475525176875905025,1475525176875905025,Mon Dec 27 17:53:10 +0000 2021,13,310,30,0,0,0,By analogy to “Big Data is when it’s cheaper to store data than decide what to do with it ” (George Dyson)   you coul...
1593465688810606593,1593465688810606593,Fri Nov 18 04:46:40 +0000 2022,9,211,17,0,0,0,This feels like the moment I decided to stop using Airbnb and go back to using hotels   Mediocre SLA + low-assholery ...
1475201703926394887,1475201703926394887,Sun Dec 26 20:27:48 +0000 2021,7,126,15,0,0,0,Has anyone experimented with barter nfts? I borrow a cup of sugar from neighbor and issue him a “cup of sugar nft” … ...
1474885320491503616,1474885320491503616,Sat Dec 25 23:30:37 +0000 2021,4,25,1,0,0,0,I'm apparently an $SOS millionaire 🥳  Cost me $14 in gas to claim $21 in $SOS 😝  Web3 is so bouba-in-bouba-out. BIBO....
1474806261191360512,1474806261191360512,Sat Dec 25 18:16:27 +0000 2021,9,61,4,0,0,0,VR/AR people… is there a term for the virtual material out of which virtual environments can be said to be built? Lik...
1474266322947117058,1474266322947117058,Fri Dec 24 06:30:56 +0000 2021,16,34,2,0,0,0,HGTV is so depressing
1474204048454602753,1474204048454602753,Fri Dec 24 02:23:29 +0000 2021,4,116,10,0,0,0,If this launch goes well  best Christmas present ever… the photos should be unprecedented  since it’s an infrared tel...
1474062073365602304,1474062073365602304,Thu Dec 23 16:59:19 +0000 2021,6,247,27,0,0,0,You have a billion dollars. You are not allowed to spend it in any way that directly helps others like charity  gifts...
1474090865630973952,1474090865630973952,Thu Dec 23 18:53:44 +0000 2021,12,104,3,0,0,0,When people are bad at spending money it accumulates with people who are good at collecting it. Most people are very ...
1474072827057868803,1474072827057868803,Thu Dec 23 17:42:03 +0000 2021,9,68,1,0,0,0,Best response so far imo. People really struggle to find big ideas that are not just funding others’ ideas or lives i...
1473843926855393280,1473843926855393280,Thu Dec 23 02:32:29 +0000 2021,7,46,3,0,0,0,The entire planet has been in the uncanny valley between rent and own since covid 😐
1473796195147337729,1473796195147337729,Wed Dec 22 23:22:49 +0000 2021,7,31,0,0,0,0,Watching Matrix Resurrection   So far I have no idea what’s going on
1473704895278727170,1473704895278727170,Wed Dec 22 17:20:01 +0000 2021,10,25,2,0,0,0,A rookie mistake likely in this corner of Twitter is bouba is good  kiki is bad. Or virgin kiki vs Chad bouba. In oth...
1473502203260260353,1473502203260260353,Wed Dec 22 03:54:36 +0000 2021,4,21,0,0,0,0,AMA for next 10 minutes  7:54pm pacific rn  will answer questions time stamped until 8:04pm
1473450294432264196,1473450294432264196,Wed Dec 22 00:28:20 +0000 2021,10,26,1,0,0,0,Finally coming in for landing approach on a far-too-full year despite saying no to almost everything new 😖😵‍💫😐
1473100206728114186,1473100206728114186,Tue Dec 21 01:17:12 +0000 2021,4,0,0,0,0,0,“The ontic2 is always specified  and only identified  by its relation  as the intransitive object(s) of some or other...
1473030056972722178,1473030056972722178,Mon Dec 20 20:38:27 +0000 2021,9,71,4,0,0,0,The boundary between Web1 and Web2 was so subtle and incremental most people outside of tech didn’t even notice when ...
1473024712225660929,1473024712225660929,Mon Dec 20 20:17:13 +0000 2021,4,43,3,0,0,0,I’m kinda freaked out by how uncannily close to the mainstreaming of Web3 I randomly decided to jump aboard. Late Oct...
1584007164355493888,1584007164355493888,Sun Oct 23 02:21:52 +0000 2022,5,62,1,0,0,0,The main clear sign of the apocalypse is that beards seem to be back for good  not just cyclically back
1472779151836782593,1472779151836782593,Mon Dec 20 04:01:27 +0000 2021,6,21,1,0,0,0,Salary news from Morlock land https://t.co/juswyWGOsS
1472434170899013636,1472434170899013636,Sun Dec 19 05:10:37 +0000 2021,5,15,2,0,0,0,😬 https://t.co/071AHK7DBP
1472235330988249088,1472235330988249088,Sat Dec 18 16:00:30 +0000 2021,4,10,0,0,0,0,🧐 what’s the Return on Community Effects? https://t.co/fWqk1d8Bwh
1472042202196951042,1472042202196951042,Sat Dec 18 03:13:04 +0000 2021,17,336,24,0,0,0,Null hypothesis on human futures is pretty grim:   Brain uploads seem metaphysically ill-posed/not-even-wrong  FTL tr...
1471692800383062017,1471692800383062017,Fri Dec 17 04:04:40 +0000 2021,5,25,1,0,0,0,Hehe South Park dunking on NFTs
1471615152541757440,1471615152541757440,Thu Dec 16 22:56:08 +0000 2021,9,44,0,0,0,0,Paused my newsletter again. Third time in 18 months. I'm kinda naturally an intermittent writer. I wonder how many pe...
1471344169150910464,1471344169150910464,Thu Dec 16 04:59:20 +0000 2021,4,48,7,0,0,0,Civilization is the process of turning the incomprehensible into the arbitrary.
1584250758110752768,1584250758110752768,Sun Oct 23 18:29:49 +0000 2022,32,171,15,0,0,0,Over the last 3 years with the @yak_collective I’ve really come to appreciate the power of committing a small amount ...
1471176929009041410,1471176929009041410,Wed Dec 15 17:54:47 +0000 2021,4,50,0,0,0,0,Decent attempt at madras style coffee https://t.co/DIQ91iuDeX
1470987041508773890,1470987041508773890,Wed Dec 15 05:20:14 +0000 2021,4,134,8,0,0,0,I haven’t heard people talk about “peace” for a long time. It’s like we all quietly decided to set it aside as an emb...
1470889314754039810,1470889314754039810,Tue Dec 14 22:51:55 +0000 2021,14,78,12,0,0,0,Reflecting on a couple of decades of watching various culture wars  it strikes me that fault lines are always in 2 ke...
1470857700258955267,1470857700258955267,Tue Dec 14 20:46:17 +0000 2021,15,45,4,0,0,0,How are pro-NFT artists responding to the solidifying hostility from anti-NFT artists? Is it causing a genuine schism...
1470854080792707076,1470854080792707076,Tue Dec 14 20:31:54 +0000 2021,4,0,0,1,1,0,@h_thoreson Not sure who is saying that or why  but it’s true to some degree. It just may jor be recognition in tradi...
1470626321541656577,1470626321541656577,Tue Dec 14 05:26:52 +0000 2021,6,158,3,0,0,0,These are not simpler terms. They are LinkedInification terms. https://t.co/8JRNJJgzsW
1470529785201717250,1470529785201717250,Mon Dec 13 23:03:16 +0000 2021,21,83,9,0,0,0,Web2 was a customer service medium defined by the complaint “why wasn’t I consulted”  Web3 is shaping up to be a citi...
1470463006630821890,1470463006630821890,Mon Dec 13 18:37:55 +0000 2021,11,34,3,0,0,0,Are statements like “5% is a reasonable interest rate  10% is usurious and extractive rent-seeking” meaningful?  What...
1470263555249217541,1470263555249217541,Mon Dec 13 05:25:22 +0000 2021,4,242,13,0,0,0,The harder somebody works at anything the more their writing resembles documentation
1470190789560995841,1470190789560995841,Mon Dec 13 00:36:13 +0000 2021,6,283,24,0,0,0,It’s kinda confusing that we use “hard work” to refer to both actually difficult work that not everyone can do  and e...
1469815168112549888,1469815168112549888,Sat Dec 11 23:43:38 +0000 2021,12,26,3,0,0,0,Tradition abhors a vacuum
1469444648393318408,1469444648393318408,Fri Dec 10 23:11:19 +0000 2021,5,189,22,0,0,0,Believing untrue things has a net cost more often than it has a net reward  but is more often sustainably costly than...
1469430012805713920,1469430012805713920,Fri Dec 10 22:13:10 +0000 2021,7,10,1,0,0,0,Nice collection of mecha suit nfts by @DarkMirage   As metaverse bets go I’d say this one is pretty solid given there...
1465884500999622663,1465884500999622663,Wed Dec 01 03:24:34 +0000 2021,27,420,38,0,0,0,I’m done with the “creator economy” frame. Plays to narcissistic flake types a little too much.  The backstopper econ...
1469080148741742592,1469080148741742592,Thu Dec 09 23:02:56 +0000 2021,5,88,10,0,0,0,What was the last bit of planet-scale good news you heard? Everybody wins sorta thing?
1468323059786403844,1468323059786403844,Tue Dec 07 20:54:32 +0000 2021,4,95,10,0,0,0,My new hobby is inverting traditional deepities  Everybody is an extra in everybody else’s stories  Seek first to mis...
1468297037120557056,1468297037120557056,Tue Dec 07 19:11:07 +0000 2021,8,38,2,0,0,0,Space operas are usually thinly disguised metaphor for some mix of contemporary and historically/ideologically intere...
1468258755670200326,1468258755670200326,Tue Dec 07 16:39:00 +0000 2021,5,6,0,0,0,0,This 10/29 tweet is my earliest recent tweet mentioning bouba-kiki in passing  but looks like I went nuts with it on ...
1468077463750078464,1468077463750078464,Tue Dec 07 04:38:37 +0000 2021,4,4,2,0,0,0,😀 https://t.co/qk8sdWaIxf
1468051541307236352,1468051541307236352,Tue Dec 07 02:55:37 +0000 2021,5,60,2,0,0,0,How much electricity do clothes dryers consume around the world? In the US 75% are electric  25% gas. Not able to fin...
1467977039621681152,1467977039621681152,Mon Dec 06 21:59:34 +0000 2021,4,10,0,0,0,0,rofl  matt levine on the trump spac pipe https://t.co/JGoxflpxuL https://t.co/M3Y7gkW1w7
1467551692325457920,1467551692325457920,Sun Dec 05 17:49:23 +0000 2021,6,251,37,0,0,0,Capitalism is when maintenance is Somebody Else’s Problem.   People owning a lot more stuff than renting makes mainte...
1467526024929767426,1467526024929767426,Sun Dec 05 16:07:24 +0000 2021,7,79,4,0,0,0,When a society is collapsing slowly (eg USSR)  or undergoing a long crisis (WW2  Covid) over many years  with supplie...
1584050410360213506,1584050410360213506,Sun Oct 23 05:13:42 +0000 2022,15,53,5,0,0,0,How do you test for a “this time it’s different” phenomenon? 🤔
1466477185468964875,1466477185468964875,Thu Dec 02 18:39:41 +0000 2021,8,38,2,0,0,0,Fat last mile = design for repairability  Fat first mile = design for replaceability  Fat middle mile = design for co...
1466176158697852930,1466176158697852930,Wed Dec 01 22:43:31 +0000 2021,7,18,1,0,0,0,NFT jokes thread
1461544106371342337,1461544106371342337,Fri Nov 19 03:57:23 +0000 2021,28,41,1,0,0,0,Rereading Pebble in the Sky. Not a great book but it has a certain uniquely poignant feel to it  by virtue of being a...
1465548686373494789,1465548686373494789,Tue Nov 30 05:10:10 +0000 2021,4,68,0,0,0,0,The camera on the new MBP is vastly superior than on my 2015 model... I no longer need to use a separate webcam for z...
1457449043164991488,1457449043164991488,Sun Nov 07 20:45:04 +0000 2021,315,1562,175,0,0,0,Gonna make a thread of my ongoing slow journey (emigration? perhaps…) to Web3  along with my covered wagon full of We...
1465201116006678530,1465201116006678530,Mon Nov 29 06:09:02 +0000 2021,4,35,0,0,0,0,2022 will be the first year of the rest of our lives
1465180804389081089,1465180804389081089,Mon Nov 29 04:48:20 +0000 2021,6,22,1,0,0,0,Hollywood thanksgiving parade. Not bad. Lots of famous movie cars and B-list stars. Highlights among latter were Dann...
1465011679855460357,1465011679855460357,Sun Nov 28 17:36:17 +0000 2021,18,149,15,0,0,0,To market something is to make it beautiful in the right way  which creates ideological risk. Irony is a way to mitig...
1583947367039979520,1583947367039979520,Sat Oct 22 22:24:15 +0000 2022,4,274,19,0,0,0,Is there any good fiction or movie about a slow  completely foreseeable apocalypse  unfolding over say 50 years? Ever...
1464771815780147203,1464771815780147203,Sun Nov 28 01:43:09 +0000 2021,4,21,1,0,0,0,Whoa! Antifractals are bouba! https://t.co/dCR7hSnrC9
1464761870812729350,1464761870812729350,Sun Nov 28 01:03:38 +0000 2021,9,15,1,0,0,0,What time is it?  It’s bouba-kiki time!  Oddly enough  chronos is kiki and kairos is bouba despite spellings
1464715131263221769,1464715131263221769,Sat Nov 27 21:57:55 +0000 2021,16,62,2,0,0,0,Funny how the red/blue/gray… black/clear pill metaphor never evolved to subsume the older  unrelated poison pill meta...
1354182082927464450,1354182082927464450,Tue Jan 26 21:39:02 +0000 2021,37,108,9,0,0,0,The idea of enchantment/disenchantment/re-enchantment with the world keeps popping up as salient lately. I suspect th...
1464681298904027136,1464681298904027136,Sat Nov 27 19:43:28 +0000 2021,5,42,4,0,0,0,funny how stay-at-home is now the earner activity and going out to slay supply chain dragons is the spender activity....
1464454676154224640,1464454676154224640,Sat Nov 27 04:42:57 +0000 2021,4,155,13,0,0,0,Gonna make this my new coat of arms https://t.co/0rTfsH2CrT
1464421422768418817,1464421422768418817,Sat Nov 27 02:30:49 +0000 2021,8,68,3,0,0,0,Epistemic is kiki  ontological is bouba. This whole metaphysics is really coming together now 🤯 https://t.co/UUT92FRbUE
1464066229937733639,1464066229937733639,Fri Nov 26 02:59:24 +0000 2021,4,24,1,0,0,0,How come Russian helicopters look way more badass than American? 🤔  They look like flying tanks  American ones look l...
1463950616456167426,1463950616456167426,Thu Nov 25 19:20:00 +0000 2021,4,163,14,0,0,0,First Law of the Metaverse: Sufficiently comprehensive larping is indistinguishable from sincerity
1463938622327967759,1463938622327967759,Thu Nov 25 18:32:20 +0000 2021,13,44,1,0,0,0,Kinda remarkable that "based" has somehow established itself as primarily a term of approbation within circles where ...
1463368478828601345,1463368478828601345,Wed Nov 24 04:46:48 +0000 2021,4,32,1,0,0,0,Probably the most rewarding paper I’ve read in the last 5 years. Epistemic *and* ontological. —— The Game’s Afoot: Pr...
1463315702199119874,1463315702199119874,Wed Nov 24 01:17:05 +0000 2021,10,226,30,0,0,0,Been meaning to turn my OODA loop corporate workshop into a proper online course for ages  but I've realized it ain't...
1592187798836027393,1592187798836027393,Mon Nov 14 16:08:47 +0000 2022,10,270,32,0,0,0,After nearly a year of procrastination  I'm pleased to finally announce the launch of my 2-volume collection of essay...
1462961649476726795,1462961649476726795,Tue Nov 23 01:50:12 +0000 2021,9,47,4,0,0,0,Just had a thought: money is the second-best reason to do anything. It felt familiar and searching… yeah I asserted a...
1462866746860134400,1462866746860134400,Mon Nov 22 19:33:05 +0000 2021,5,19,1,0,0,0,My monster 16" MBP 2021 (M1Pro  32GB memory  2TB storage) has just shipped from Shanghai.   What badass heavy-compute...
1433510969989206026,1433510969989206026,Thu Sep 02 19:23:43 +0000 2021,18,91,3,0,0,0,I should patent this salad. Takes about 10 minutes to make if you have lettuce and tofu prepped (that takes about 30 ...
1583848482053361666,1583848482053361666,Sat Oct 22 15:51:19 +0000 2022,16,381,21,0,0,0,It’s becoming increasingly clear that for a fragile few years  the grand narrative of the world flowed through TED talks
1462291028086386697,1462291028086386697,Sun Nov 21 05:25:23 +0000 2021,10,95,4,0,0,0,FAANGprep is like test prep now? https://t.co/8FfrT1ehGs
1462211762065793027,1462211762065793027,Sun Nov 21 00:10:25 +0000 2021,4,16,2,0,0,0,Mulling a general idea of a macroeconomics of speed. Imagine an economy where nominal value of goods and services bei...
1441612354395852801,1441612354395852801,Sat Sep 25 03:55:43 +0000 2021,61,88,4,0,0,0,Woohoo Foundation!
1461382325401382917,1461382325401382917,Thu Nov 18 17:14:32 +0000 2021,5,5,0,0,0,0,Is there a generalization of the law of the excluded middle  where there is a closed set of n MECE propositions and t...
1461179720431640579,1461179720431640579,Thu Nov 18 03:49:27 +0000 2021,4,22,1,0,0,0,I may be addicted to lunch salads. Didn’t think that was possible. I get vague withdrawal symptoms if I skip a day.
1461123915095293957,1461123915095293957,Thu Nov 18 00:07:42 +0000 2021,17,29,2,0,0,0,Poll: Your recent religious trajectory. In the last 5 years  what best describes your trajectory of belief?  For the ...
1460862129922187264,1460862129922187264,Wed Nov 17 06:47:27 +0000 2021,6,54,1,0,0,0,here we go again https://t.co/GlsmCBvqJ8
1460770052488134662,1460770052488134662,Wed Nov 17 00:41:34 +0000 2021,5,14,0,0,0,0,Anyone else have issues like this with the new MacBooks? https://t.co/xxCUUxokIE
1460463150696787975,1460463150696787975,Tue Nov 16 04:22:03 +0000 2021,4,52,3,0,0,0,Poll: What currently brewing tech boom interests you the most?
1459773682486681609,1459773682486681609,Sun Nov 14 06:42:21 +0000 2021,49,284,28,0,0,0,The metaverse will need to be jailbroken to be usable at all
1460122270181908482,1460122270181908482,Mon Nov 15 05:47:31 +0000 2021,6,8,0,0,0,0,? https://t.co/hPwiwp4QYX
1459397206960578563,1459397206960578563,Sat Nov 13 05:46:23 +0000 2021,10,78,2,0,0,0,Watched Black Widow and Shang-Chi. Post-infinity-war MCU feels a bit procedurally generated. It’s all efficiently scr...
1460035937564446726,1460035937564446726,Mon Nov 15 00:04:28 +0000 2021,5,56,7,0,0,0,Didn’t realize this had become (deservedly) a sort of Chinese Room level provocation that AGI types anxiously get int...
1459614377175179267,1459614377175179267,Sat Nov 13 20:09:20 +0000 2021,4,98,5,0,0,0,laziness is actually a mitigating adaptation for being a pushover
1459574918308237314,1459574918308237314,Sat Nov 13 17:32:32 +0000 2021,11,39,6,0,0,0,Interesting version of the transhumanist argument you usually hear made from the other side. Still continue to not-re...
1459339395685752834,1459339395685752834,Sat Nov 13 01:56:39 +0000 2021,5,6,1,0,0,0,Was chatting with friends about coax cables earlier and how they’re better shielded against noise than twisted pair  ...
1395814913482756098,1395814913482756098,Fri May 21 18:53:03 +0000 2021,52,49,2,0,0,0,Starting a new maker adventures thread. Soldering! My previous thread on experiments with the Elegoo mega2560 starter...
1459194525897740294,1459194525897740294,Fri Nov 12 16:21:00 +0000 2021,5,17,1,0,0,0,Beginning to agree with critics of net zero especially for far-out dates like 2060. It’s just an invitation to hack t...
1459047102554664969,1459047102554664969,Fri Nov 12 06:35:11 +0000 2021,6,114,11,0,0,0,777 anarchy 755 libertarianism 775 tribalism 770 mafia 550 traditionalism 555 communism 660 spectatorship 611 dictato...
1583288244405272581,1583288244405272581,Fri Oct 21 02:45:08 +0000 2022,6,20,1,0,0,0,People in nonprofit fundraising — why do people name things in extremely cumbersome ways?  Why “John D. &amp; Catheri...
1458830052355833867,1458830052355833867,Thu Nov 11 16:12:42 +0000 2021,7,7,0,0,0,0,“JADC2  explained Abadie  progresses the discussion from kill chains to kill webs. Instead of having a single  linear...
1457222561171836935,1457222561171836935,Sun Nov 07 05:45:07 +0000 2021,4,11,0,0,0,0,Poll: Did you know there’s a zeroth law of robotics in Asimov universe  making the total 4 not 3?
1457196416355291140,1457196416355291140,Sun Nov 07 04:01:13 +0000 2021,5,161,6,0,0,0,Took me like 2 years to make my first $100 on Google AdSense back in 2007-08 or so... it's taken me less than a week ...
1457095470304559105,1457095470304559105,Sat Nov 06 21:20:06 +0000 2021,4,21,0,0,0,0,6 hours left on my first opensea auction.... curious to see if anyone snipes the top bid towards the end https://t.co...
1456872995159306240,1456872995159306240,Sat Nov 06 06:36:04 +0000 2021,5,17,1,0,0,0,Honoraria Twitter is the funniest thing I’ve seen in a while. https://t.co/rrzlymlmjO
1456846125332262920,1456846125332262920,Sat Nov 06 04:49:17 +0000 2021,11,121,13,0,0,0,Outgroup Derangement Syndrome  ODS.  We’re now in Long ODS like Long Covid. It’s depressing. 😵‍💫  Half the dm groups ...
1583179431991922688,1583179431991922688,Thu Oct 20 19:32:45 +0000 2022,4,77,6,0,0,0,AI-blockchain convergence is probably much closer than it seems. Beneath the shallow tech-culture rivalry I’m seeing ...
1582797323502964736,1582797323502964736,Wed Oct 19 18:14:23 +0000 2022,12,63,6,0,0,0,Protocol nations over network states 🤔
1455942512606990342,1455942512606990342,Wed Nov 03 16:58:39 +0000 2021,8,286,27,0,0,0,Unpopular opinion: reinventing the wheel is good  even if you do it badly
1455684250808684545,1455684250808684545,Tue Nov 02 23:52:25 +0000 2021,4,183,11,0,0,0,This current tech wave is nearly 100% solipsistic. ML is 1000s of years of human behavioral data digested into “infer...
1455615635132538880,1455615635132538880,Tue Nov 02 19:19:46 +0000 2021,5,16,0,0,0,0,Can you port an existing Web2 property to Web3 infrastructure? Could I serve up ribbonfarm dot com as an IPFS smart c...
1455601573510275072,1455601573510275072,Tue Nov 02 18:23:53 +0000 2021,5,14,1,0,0,0,Narrative fat-protocol theory: heavy on the world building  light on the story 🤔
1582962094474862592,1582962094474862592,Thu Oct 20 05:09:07 +0000 2022,4,35,4,0,0,0,Saw ads for a new Kumail Nanjiani show and discovered this totally weird story of a Bengali entrepreneur Somen “Steve...
1455357140269293572,1455357140269293572,Tue Nov 02 02:12:36 +0000 2021,4,141,15,0,0,0,Made up a snowclone of Douglas Adams' 3 laws of technology (orig: https://t.co/tLDKnATEoU) https://t.co/ohf1IMDb00
1455351689087623168,1455351689087623168,Tue Nov 02 01:50:56 +0000 2021,4,85,7,0,0,0,The more I look into web3  whether or not I believe anything they say  I do sharply lose confidence in web0 aka paper...
1454906868279566337,1454906868279566337,Sun Oct 31 20:23:22 +0000 2021,5,16,0,0,0,0,My famous artist buddy Ian Cheng is doing his first NFT. This is kinda what put me over the line into finally getting...
1454586498443976707,1454586498443976707,Sat Oct 30 23:10:20 +0000 2021,4,35,1,0,0,0,I *think* I made my first NFT on OpenSea? https://t.co/J2kk7awYxY
1454326948054798341,1454326948054798341,Sat Oct 30 05:58:59 +0000 2021,9,41,4,0,0,0,Jeez  looks like Charlie Munger gave $200m to UCSD on condition that it build a student dorm to his skinner-box speci...
1454332682960195593,1454332682960195593,Sat Oct 30 06:21:46 +0000 2021,21,25,0,0,0,0,This year I’ve done a decent amount of fiction experiments that will never see the light of day because they’re eithe...
1454315630073561094,1454315630073561094,Sat Oct 30 05:14:00 +0000 2021,19,63,5,0,0,0,I have this vague suspicion that low-fidelity art (xkcd cartoons  south park/rick and morty style animations) is incr...
1453974994623479809,1453974994623479809,Fri Oct 29 06:40:26 +0000 2021,7,62,1,0,0,0,Suddenly realizing I’ve never explicitly thought the thought “how can I be helpful to others?”   I mean I try to help...
1453429318533599237,1453429318533599237,Wed Oct 27 18:32:07 +0000 2021,5,155,16,0,0,0,Thinking about how at the right moment in history  somebody like Joe Manchin gets to basically shape the history of t...
1453238200642703360,1453238200642703360,Wed Oct 27 05:52:41 +0000 2021,14,91,7,0,0,0,I have a theory that the basic unit of sociological analysis is neither the individual nor the collective but the Mex...
1453146486724698112,1453146486724698112,Tue Oct 26 23:48:15 +0000 2021,13,70,7,0,0,0,Total crypto market cap 2.7T  total gold market cap 11T. If you treat them as the same  it's 13.7T in big non-fiat in...
1453087711317803008,1453087711317803008,Tue Oct 26 19:54:42 +0000 2021,4,6,0,0,0,0,Poll: For 20-somethings only (ages 20-29). You are…
1452526475366727682,1452526475366727682,Mon Oct 25 06:44:33 +0000 2021,36,72,6,0,0,0,Do all traditional religions have a core notion of surrender as a central tenet? 🤔  Islam and Christianity do but I’m...
1452853673575411714,1452853673575411714,Tue Oct 26 04:24:43 +0000 2021,7,18,1,0,0,0,“Do this non sequitur action or this arcane number will go bad”  Feedback regulation of abstruse technical metrics (c...
1452773399319646215,1452773399319646215,Mon Oct 25 23:05:44 +0000 2021,4,18,1,0,0,0,Poll: What generally benevolent positive force that you feel is active in the universe are you inclined to surrender to?
1452457405330059265,1452457405330059265,Mon Oct 25 02:10:05 +0000 2021,8,15,1,0,0,0,If you bet a dollar  the utility of the win or loss is some function of the marginal value of your dollar  So if you ...
1452118608545390594,1452118608545390594,Sun Oct 24 03:43:49 +0000 2021,5,131,4,0,0,0,When you pick a place to “settle down” you’re basically choosing a terminal personality. You become the sort of perso...
1451406962600517636,1451406962600517636,Fri Oct 22 04:36:00 +0000 2021,13,28,1,0,0,0,Watching Dune. Kinda slow. 🥱
1452011027445387266,1452011027445387266,Sat Oct 23 20:36:20 +0000 2021,5,20,3,0,0,0,Heh  this thread started with me wondering why I don’t like polished packaging for my ideas (trad books  polished cou...
1451978478044135425,1451978478044135425,Sat Oct 23 18:27:00 +0000 2021,34,197,48,0,0,0,Yet another case of consumer sentiment wanting the wrong thing and a company trying to do the right thing. From an en...
1451794244188786690,1451794244188786690,Sat Oct 23 06:14:55 +0000 2021,16,85,3,0,0,0,Thinking about how some things are sticky in the zeitgeist and others are not. Seinfeld  sticky. Friends  not sticky. 🤔
1593350979767791616,1593350979767791616,Thu Nov 17 21:10:51 +0000 2022,7,58,2,0,0,0,“Twitter is a software company” is one of the Musk takes I agree with. Yes  it induces vibes/public square is also tr...
1582796964525006849,1582796964525006849,Wed Oct 19 18:12:57 +0000 2022,4,18,3,0,0,0,What are some rate-triggered phenomena  that are only triggered if you’re moving above or below a certain speed? Any ...
1451377618398310406,1451377618398310406,Fri Oct 22 02:39:24 +0000 2021,8,295,32,0,0,0,Thought of a good 2x2  first one in a while  Ordinary vs extraordinary world Ordinary vs extraordinary people  OW+OP=...
1450862047420243971,1450862047420243971,Wed Oct 20 16:30:42 +0000 2021,22,109,9,0,0,0,How did the “men will literally do X instead of going to therapy” meme start?
1450543013667561472,1450543013667561472,Tue Oct 19 19:22:58 +0000 2021,12,27,4,0,0,0,Imagine humanism as a zero-sum scarcity game. What if in a group of 3 people  there is only room for 2 full recogniti...
1450531703450046467,1450531703450046467,Tue Oct 19 18:38:02 +0000 2021,4,28,1,0,0,0,Realized I'm starting to unconsciously hoard small+cheap China sourced things that might be sensitive to an extended ...
1450528410531287042,1450528410531287042,Tue Oct 19 18:24:57 +0000 2021,4,34,0,0,0,0,I'd kinda exhausted my active interests of the last decade by around 2018  and now I have a whole new set of active i...
1450484420058615819,1450484420058615819,Tue Oct 19 15:30:09 +0000 2021,33,35,4,0,0,0,Started writing a robot pov story (third-person limited pov  the most common for a human protagonist) and realized pr...
1449765580995584007,1449765580995584007,Sun Oct 17 15:53:44 +0000 2021,29,50,7,0,0,0,Astronomy  &gt;&gt;&gt; Astrology Chemistry  &gt;&gt;&lt; Alchemy  …but  Big 5 &lt;&lt; Myers-Briggs  Enneagram Gener...
1449612163287437315,1449612163287437315,Sun Oct 17 05:44:06 +0000 2021,5,94,8,0,0,0,If you punch straight up you look resentful. If you punch straight down you look like an asshole. If you punch sidewa...
1449248606385434630,1449248606385434630,Sat Oct 16 05:39:28 +0000 2021,4,380,33,0,0,0,Can’t believe some of you chose writing software as an entire career. Pure masochism. Every time I have to touch code...
1448850868632096778,1448850868632096778,Fri Oct 15 03:19:00 +0000 2021,8,117,7,0,0,0,have you Created Value today?
1448519338504318980,1448519338504318980,Thu Oct 14 05:21:37 +0000 2021,16,228,25,0,0,0,Most people don’t realize Foundation is not 3 books but like 14  Caves of Steel Naked Sun Robots of Dawn Robots and E...
1448412918765162496,1448412918765162496,Wed Oct 13 22:18:44 +0000 2021,5,25,1,0,0,0,“people are kind in web3”  “wagmi”…  Where did this attitude come from? https://t.co/dDt96CHXzA
1448358826713907204,1448358826713907204,Wed Oct 13 18:43:48 +0000 2021,15,73,3,0,0,0,Anyone ever try long-term self-summarizing documents on ambiguous things? Like a mind map that you keep adding to ove...
1448163288122986496,1448163288122986496,Wed Oct 13 05:46:48 +0000 2021,6,7,3,0,0,0,“The clock's original setting in 1947 was seven minutes to midnight. It has been set backward and forward 24 times si...
1447775031468052481,1447775031468052481,Tue Oct 12 04:04:00 +0000 2021,27,278,25,0,0,0,Web3  AI  metaverse... all the post-weirding tech booms are just... weird. They are intrinsically harder to grok than...
1447315198805565447,1447315198805565447,Sun Oct 10 21:36:47 +0000 2021,4,20,1,0,0,0,Interesting media futures question: is the age of organic virality over?   Things like bad art friend seem closer to ...
1447253577609580546,1447253577609580546,Sun Oct 10 17:31:56 +0000 2021,7,19,1,0,0,0,🧐 https://t.co/jaRFVkWTay
1447216669592469510,1447216669592469510,Sun Oct 10 15:05:16 +0000 2021,12,101,7,0,0,0,What places constitute a pilgrimage for you  and what’s the underlying spiritual theme (which can of course be litera...
1447053525184172040,1447053525184172040,Sun Oct 10 04:17:00 +0000 2021,5,44,2,0,0,0,Thinking about why I dislike some bold interpretations of classics (Downey Sherlock  Peter Jackson Hobbit  Dirk Gentl...
1446838091893854209,1446838091893854209,Sat Oct 09 14:00:56 +0000 2021,5,172,9,0,0,0,I’ve run this theory that the grass is no longer greener anywhere by multiple people recently and all agree. There’s ...
1446082080526331907,1446082080526331907,Thu Oct 07 11:56:49 +0000 2021,5,26,2,0,0,0,Got up at 4 to get to airport for 625 flight now delayed to 9 😵‍💫
1445777193603239948,1445777193603239948,Wed Oct 06 15:45:18 +0000 2021,9,71,2,0,0,0,Growing up  did your family have a living room showcase/display cabinet specifically to show off souvenirs and curios...
1445630346049974277,1445630346049974277,Wed Oct 06 06:01:47 +0000 2021,4,24,1,0,0,0,Me: exploring the galaxy and living in a constant flux of hyperspace-time warping would be fun!  Also me: damn it why...
1582407063585505280,1582407063585505280,Tue Oct 18 16:23:38 +0000 2022,6,37,1,0,0,0,Red-team thinking feels learnable but like a really illegible kind of imaginative seeing. Has anyone written somethin...
1444815354392317952,1444815354392317952,Mon Oct 04 00:03:18 +0000 2021,4,68,5,0,0,0,When you’ve written enough and people quote enough random bits back at you that you barely recognize  frequently enou...
1444808562790653956,1444808562790653956,Sun Oct 03 23:36:19 +0000 2021,4,15,1,0,0,0,🤔😀 https://t.co/lZs1U6g43G
1444773472069054466,1444773472069054466,Sun Oct 03 21:16:52 +0000 2021,6,48,1,0,0,0,Nothing quite as satisfying as a good avocado-tomato salad. It’s a 100% ingredients  0% cooking skill salad. All thos...
1444331408369991687,1444331408369991687,Sat Oct 02 16:00:16 +0000 2021,11,113,15,0,0,0,Wonder what will eventually reverse the burnout wave. Neither employees and employers seem to really have a clue here...
1582250260255997954,1582250260255997954,Tue Oct 18 06:00:33 +0000 2022,4,41,3,0,0,0,Why are 90% of planets in scifi mining colonies? 🤔
1444082077528301568,1444082077528301568,Fri Oct 01 23:29:31 +0000 2021,4,37,1,0,0,0,Search term “supply chain” is revealing. Strikes me that this is the first true supply chain crisis of the post-conta...
1444066319360413696,1444066319360413696,Fri Oct 01 22:26:54 +0000 2021,8,137,8,0,0,0,Just figured out a test for figuring out someone’s religion. Look fo the dead words (words used strictly with unexami...
1444045262935130112,1444045262935130112,Fri Oct 01 21:03:14 +0000 2021,6,53,2,0,0,0,Friend asked me if I spend more time thinking about certainty or uncertainty and I said “uncertainty but I can’t be s...
1443986452866424840,1443986452866424840,Fri Oct 01 17:09:32 +0000 2021,39,150,13,0,0,0,Potential-evangelism impedance mismatch. When the potential of a new technology exceeds the imagination of the evange...
1443829164369334274,1443829164369334274,Fri Oct 01 06:44:32 +0000 2021,6,23,2,0,0,0,trying to think of supply chain jokes  something something stop yanking my chain
1443455681311363074,1443455681311363074,Thu Sep 30 06:00:27 +0000 2021,7,55,3,0,0,0,The concept of a “spy” seems weirdly old-fashioned these days. Kinda like “inventor.”
1443358714002505729,1443358714002505729,Wed Sep 29 23:35:08 +0000 2021,11,80,5,0,0,0,“Passing on your values” to children to inoculate them from being corrupted by the wider world is one of those vaccin...
1443313751294296064,1443313751294296064,Wed Sep 29 20:36:28 +0000 2021,25,80,4,0,0,0,Identitarian Replacement Theory 🤔  Anyone strongly motivated by identity is probably easily replaceable by robots/AIs...
1442933254303059980,1442933254303059980,Tue Sep 28 19:24:30 +0000 2021,4,1,0,1,1,0,@jeremiecharris I'd call that a problem of insufficient introspection. It simply does not map to how humans seem to d...
1442922253755117568,1442922253755117568,Tue Sep 28 18:40:48 +0000 2021,7,45,3,0,0,0,Just struck me that an important AI problem  formal logic reasoning  is actually defined at the wrong level. The prob...
1442740580065239040,1442740580065239040,Tue Sep 28 06:38:53 +0000 2021,15,282,26,0,0,0,The older I get the more I realize the solution to life’s biggest problems isn’t money  it is robots.
1442891469639979011,1442891469639979011,Tue Sep 28 16:38:28 +0000 2021,4,5,0,1,1,0,@s_r_constantin Which is fine. It’s a nebulous category. But to brush aside the definition problem is to lose sight o...
1442575304493449216,1442575304493449216,Mon Sep 27 19:42:09 +0000 2021,37,84,8,0,0,0,the renewed discourse around 'working in public' has clarified something for me... the difference between being a pub...
1581666025568755712,1581666025568755712,Sun Oct 16 15:19:01 +0000 2022,9,165,14,0,0,0,There will be a Russia-like situation with China within the year and the economic impact will be 10x 😐  I’d guess an ...
1442519680447438850,1442519680447438850,Mon Sep 27 16:01:07 +0000 2021,11,36,1,0,0,0,I’ve been hearing ngmi (not gonna make it) for quite a while now in fairly general usage  but the related gm (gonna m...
1442258483781406723,1442258483781406723,Sun Sep 26 22:43:13 +0000 2021,4,9,3,0,0,0,Poll: To first order  which existential question occupies you the most
1442230502765727744,1442230502765727744,Sun Sep 26 20:52:01 +0000 2021,5,93,15,0,0,0,Might have to start paying attention again. Kinda tuned out of crypto in this last cycle. Got too complicated for me ...
1441465415213858830,1441465415213858830,Fri Sep 24 18:11:50 +0000 2021,27,112,9,0,0,0,Sufficiently advanced information work is indistinguishable from a lottery ticket.
1441452726362116100,1441452726362116100,Fri Sep 24 17:21:25 +0000 2021,8,193,18,0,0,0,Kinda surprising that the average ability of money to motivate people is falling even among poor people. And it doesn...
1581725775404810240,1581725775404810240,Sun Oct 16 19:16:26 +0000 2022,20,629,41,0,0,0,Feels like all the youngish people who are in love with the idea of rituals have never actually experienced real ones...
1441282987467763723,1441282987467763723,Fri Sep 24 06:06:56 +0000 2021,5,44,3,0,0,0,🧐 Zillow is a pump-and-dump scam? Why is the world so endlessly grifty. https://t.co/i57jk59b6N
1441096882306965516,1441096882306965516,Thu Sep 23 17:47:25 +0000 2021,6,87,9,0,0,0,Logic is real Mistakes are real Ignorance is real Observed behaviors are real Revealed preferences are real Conscious...
1441085225547698179,1441085225547698179,Thu Sep 23 17:01:06 +0000 2021,8,4,0,1,1,0,@nils_gilman @provisionalidea You’re slipping from ‘rational’ in one sense to ‘irrational’ in another. The latter is ...
1440878267825750022,1440878267825750022,Thu Sep 23 03:18:43 +0000 2021,5,398,57,0,0,0,Chesterton-Miller Behavioral Fence: when you see people behaving in a seemingly suboptimal way  ask what you’re missi...
1440867592554500101,1440867592554500101,Thu Sep 23 02:36:18 +0000 2021,4,7,0,1,1,0,@kevinakwok Heh  I think this is exactly and profoundly wrong. Individuals and groups tend to equilibriums just below...
1440806153286418434,1440806153286418434,Wed Sep 22 22:32:10 +0000 2021,4,85,18,0,0,0,Recently learned about how Qian Xuesen  the father of the Chinese space and nuke programs was in fact a pioneer in th...
1440741569083023361,1440741569083023361,Wed Sep 22 18:15:32 +0000 2021,26,201,20,0,0,0,I'll take moral curiosity over moral clarity any day. Moral self-certainty is a sort of willful self-blinding in a co...
1440723701624807431,1440723701624807431,Wed Sep 22 17:04:32 +0000 2021,8,71,4,0,0,0,Interesting rant  though I don’t agree with it. I think Facebook is a Hanlon’s razor company. Those who leave believe...
1440537528323362822,1440537528323362822,Wed Sep 22 04:44:45 +0000 2021,15,87,8,0,0,0,Everybody’s life is 1/100 of a story that deserves to be told. You have to aggregate  anonymize  erase  stereotype  a...
1440469991120203778,1440469991120203778,Wed Sep 22 00:16:23 +0000 2021,7,59,6,0,0,0,Idea: gigantic global TEDxAbsurdum where everybody is both invited and will give a 10-minute lightning talk to figure...
1440403430279761920,1440403430279761920,Tue Sep 21 19:51:53 +0000 2021,10,44,5,0,0,0,“Decentralized community” is like AI. Every time you make it work in some ways  it’s clear it’s not really what you m...
1439824576607784963,1439824576607784963,Mon Sep 20 05:31:44 +0000 2021,4,278,49,0,0,0,The new normal seems exactly like the old normal except everything good is delayed  costs more  and involves more pap...
1439689235808677892,1439689235808677892,Sun Sep 19 20:33:56 +0000 2021,4,20,2,0,0,0,Poll: How do you feel about having to dressing up for more formal events (tuxedos/suits  evening gowns)?
1439684364107845635,1439684364107845635,Sun Sep 19 20:14:35 +0000 2021,4,5,0,1,1,0,@briecode Oh this ones a toughie  I’ll tag @literalbanana and @doriantaylor too. Very Christopher Alexander.  Evoluti...
1439362233490763776,1439362233490763776,Sat Sep 18 22:54:33 +0000 2021,6,123,7,0,0,0,What’s the mental equivalent of taking a walk?
1439329414962028545,1439329414962028545,Sat Sep 18 20:44:08 +0000 2021,13,60,6,0,0,0,To first order  I haven't really tried to do anything with my life besides simply exist for a long time 🤔  This may b...
1593086623037927431,1593086623037927431,Thu Nov 17 03:40:23 +0000 2022,7,441,13,0,0,0,My feed is really weird now. All the people I normally interact with are tweeting about either the muskening or the r...
1581659896784703490,1581659896784703490,Sun Oct 16 14:54:39 +0000 2022,8,56,4,0,0,0,This is an excellent article. Didn’t have an opinion before but now I think HSR is bullshit. Because physics. By simi...
1439269185603792899,1439269185603792899,Sat Sep 18 16:44:48 +0000 2021,13,80,5,0,0,0,Made up a good modern question:  “Is this really the hill you’re choosing to get canceled on?”
1438579564309999616,1438579564309999616,Thu Sep 16 19:04:30 +0000 2021,5,20,3,0,0,0,The problem with fortune cookie Twitter is evident from one metric: the ratio K of average quality of replies (on a 1...
1438573671908462606,1438573671908462606,Thu Sep 16 18:41:05 +0000 2021,4,14,2,0,0,0,Noticing two distinct versions of being selectively scientific that I was conflating. There is filtering scientific i...
1438002806166679553,1438002806166679553,Wed Sep 15 04:52:40 +0000 2021,19,58,2,0,0,0,I may have finally outgrown the west coast 🤔  suddenly not feeling the whole region
1437183089298477058,1437183089298477058,Sun Sep 12 22:35:24 +0000 2021,11,53,11,0,0,0,This grimdark future has more kinds of weather and lighting than I expected. I thought it would be gray overcast dusk...
1437152279728062464,1437152279728062464,Sun Sep 12 20:32:59 +0000 2021,5,19,2,0,0,0,What’s the opposite of ‘rule’? The noun not the verb.  What would an unrule  a factor that promotes unruly behavior  ...
1436790043050328064,1436790043050328064,Sat Sep 11 20:33:35 +0000 2021,18,150,36,0,0,0,There’s surprisingly few detailed software war stories told since Brooks’ Mythical Man-Month  which is based on the I...
1436727611615444996,1436727611615444996,Sat Sep 11 16:25:30 +0000 2021,44,79,8,0,0,0,Formal units of internal organization like committees and councils seem to have fallen out of favor except where they...
1436515550499258371,1436515550499258371,Sat Sep 11 02:22:51 +0000 2021,4,48,5,0,0,0,Things are easiest to parody and satirize when they are just past peak  having decisively overcome rivals  but short ...
1436395704830758913,1436395704830758913,Fri Sep 10 18:26:37 +0000 2021,30,98,4,0,0,0,I seem to have symmetric recovery needs. If I work an hour I need an hour to unwind. 4 hours on  4 hours to unwind. 1...
1435843468014747652,1435843468014747652,Thu Sep 09 05:52:14 +0000 2021,19,285,28,0,0,0,Never learning to solve for money is one kind of tragedy. Never being able to stop solving for money is a different k...
1579459194163724289,1579459194163724289,Mon Oct 10 13:09:51 +0000 2022,147,255,5,0,0,0,Damn. Bogota is nice. https://t.co/btH4TFUtpd
1581300282184458240,1581300282184458240,Sat Oct 15 15:05:41 +0000 2022,5,62,8,0,0,0,Lol. Even the Economist is getting in on management consultant bashing. Cc @p_millerd @tomcritchlow   I gotta switch ...
1435439301550956544,1435439301550956544,Wed Sep 08 03:06:13 +0000 2021,4,21,0,0,0,0,First attempt photographing Venus. Really hard. Low in the sky  lots of turbulence  and I think I overexposed it. htt...
1433309314245009415,1433309314245009415,Thu Sep 02 06:02:24 +0000 2021,11,29,1,0,0,0,Trying to read Decameron and Canterbury Tales. Off to a slow start. These Ancient Authors were really long-winded.
1434568219998576645,1434568219998576645,Sun Sep 05 17:24:51 +0000 2021,12,36,3,0,0,0,When/how/why does marshaling of useful potential turn into hoarding?  Examples I’m thinking of: charged battery  dam ...
1434249140322455556,1434249140322455556,Sat Sep 04 20:16:56 +0000 2021,14,8,1,0,0,0,Anyone know of a simple algorithm to systematically enumerate all the partitions of a set? (Ie all ways in which a se...
1434202761634091008,1434202761634091008,Sat Sep 04 17:12:39 +0000 2021,15,74,14,0,0,0,This lands close to my position. “The redpilled  then  turn out to be less threatening to the establishment than they...
1433665438555140108,1433665438555140108,Fri Sep 03 05:37:31 +0000 2021,7,181,12,0,0,0,The world is always in a mess. It’s just that in some eras there’s also a big positive thing that swamps out the cosm...
1433644629140795396,1433644629140795396,Fri Sep 03 04:14:50 +0000 2021,7,29,2,0,0,0,Wtf is “loot” now?
1433180835671277569,1433180835671277569,Wed Sep 01 21:31:53 +0000 2021,10,143,9,0,0,0,The fix for elite overproduction is unproducing elites
1432821025452871680,1432821025452871680,Tue Aug 31 21:42:07 +0000 2021,7,450,29,0,0,0,Hypothesis: few people actually *want* a full-blown community past about 25. They just think they do. It’s a lot of t...
1432780594509803523,1432780594509803523,Tue Aug 31 19:01:28 +0000 2021,15,129,2,0,0,0,Has anyone managed to create a later-life evenings/weekends "independent research" schedule that's as intensive as gr...
1432390185182920713,1432390185182920713,Mon Aug 30 17:10:07 +0000 2021,28,100,6,0,0,0,When high-end restaurants sometimes charge the same for comparable meat and vegetarian items  where the meat is clear...
1432125255661678592,1432125255661678592,Sun Aug 29 23:37:23 +0000 2021,4,100,16,0,0,0,If you think about it  in ideational terms  we live in a world mapped out in Spanish and Portuguese  designed in Germ...
1431994187314917378,1431994187314917378,Sun Aug 29 14:56:34 +0000 2021,7,78,9,0,0,0,East Asia has discovered the joys of mediocrity  quitting and going boneless. Tang ping (China)  sampo (Korea)  sator...
1431856305266835458,1431856305266835458,Sun Aug 29 05:48:40 +0000 2021,17,68,3,0,0,0,What if there are no more superpowers  just a bureaucratic and tedious detente of middling powers? Mediocre multipola...
1431657634197762048,1431657634197762048,Sat Aug 28 16:39:13 +0000 2021,11,57,9,0,0,0,Classifying memes on a Cynefin template. With overlaid horseshoe effect between obvious and chaotic. Other candidate ...
1431642895447068674,1431642895447068674,Sat Aug 28 15:40:39 +0000 2021,6,16,1,0,0,0,Either this description is wrong or the phrase “fuck around and find out” has drifted significantly.  https://t.co/J8...
1431312570065899521,1431312570065899521,Fri Aug 27 17:48:03 +0000 2021,40,63,3,0,0,0,Random thought sparked by some dynamics I’m thinking through for a gig. When your top 2 rivals ally  it’s an sign of ...
1429675421864382466,1429675421864382466,Mon Aug 23 05:22:37 +0000 2021,5,64,3,0,0,0,Some sort of Broscience Renaissance going on I think. The online vitamins 4hww scene from 15y ago has morphed into so...
1429198557811146753,1429198557811146753,Sat Aug 21 21:47:44 +0000 2021,5,5,1,0,0,0,Poll: Which Star Trek series best models post-Covid world?  For less-known options  see replies and hit Like to vote
1429187249069989888,1429187249069989888,Sat Aug 21 21:02:47 +0000 2021,4,61,8,0,0,0,Time for an Unwhole Earth Catalog.  Tagline: We are as demons now  and we might as well get good at it
1428606515565326336,1428606515565326336,Fri Aug 20 06:35:10 +0000 2021,5,15,0,0,0,0,This is a pretty annoying planet  and not just us humans. Perhaps it is for the best that we’re trashing it.
1300671637486841857,1300671637486841857,Tue Sep 01 05:47:38 +0000 2020,71,50,3,0,0,0,Starting a 3D printing index thread.   1. First serious experiment  which went wrong... https://t.co/FKiGeEuoap
1428468714328838144,1428468714328838144,Thu Aug 19 21:27:35 +0000 2021,7,42,3,0,0,0,Feels like tech backlash 2.0 is starting up  a qualitatively different line of attack/critique that features a differ...
1428409526777040897,1428409526777040897,Thu Aug 19 17:32:24 +0000 2021,5,75,2,0,0,0,I have a touch of historical cycles fever aka Russian Fever. It will pass. Generally lasts a couple of weeks. This is...
1428395418954604546,1428395418954604546,Thu Aug 19 16:36:20 +0000 2021,5,51,4,0,0,0,Something I haven’t seen discussed (maybe not looking in the right place) — vertical business models are generally us...
1428043618841890824,1428043618841890824,Wed Aug 18 17:18:25 +0000 2021,4,59,4,0,0,0,What is wrong with you finance people. Vanna? Charm? Veta? Zomma?? It’s worse than quark names.  You guys deserve the...
1427764332742406146,1427764332742406146,Tue Aug 17 22:48:38 +0000 2021,31,204,17,0,0,0,Wonder how they expect to build a moat. Their 60k dog is already disrupted but knockoffs in the 3k-15k range. I bet t...
1427846564047855617,1427846564047855617,Wed Aug 18 04:15:23 +0000 2021,4,4,0,1,1,0,@kneelingbus The counter argument is that fashion is just sumptuary laws at their other extreme and a means of coerci...
1412305908810489897,1412305908810489897,Tue Jul 06 07:02:22 +0000 2021,7,46,4,0,0,0,Starting another book Simon Winchester’s Perfectionists  on the history of precision. I think @NickPinkston recommend...
1426720731627282435,1426720731627282435,Sun Aug 15 01:41:44 +0000 2021,5,25,0,0,0,0,I still haven’t found my catchphrase 😶
1426672778749431810,1426672778749431810,Sat Aug 14 22:31:11 +0000 2021,5,28,1,0,0,0,🧐 https://t.co/FTBPoqCUgk
1426635196116262912,1426635196116262912,Sat Aug 14 20:01:51 +0000 2021,4,17,1,0,0,0,Roam is interesting for tables in a different way than spreadsheets. It’s less powerful in spreadsheety features  but...
1426625710899089409,1426625710899089409,Sat Aug 14 19:24:09 +0000 2021,4,16,0,0,0,0,Quality is usually understood as a continuous variable. Eg uptime fraction  failure rate  tolerances. But it's actual...
1426610825834287107,1426610825834287107,Sat Aug 14 18:25:00 +0000 2021,5,24,1,0,0,0,You can do 2x2s in Roam but it's not ideal. Can't annotate the axes directly so you have to use the box format which ...
1580206052393783298,1580206052393783298,Wed Oct 12 14:37:36 +0000 2022,11,78,5,0,0,0,I’m ambivalent about @tszzl shape rotator/wordcel meme but one of the interesting effects it’s had is sort of return ...
1426363577842028544,1426363577842028544,Sat Aug 14 02:02:32 +0000 2021,8,33,5,0,0,0,Being fungible is so exhausting
1426319531513847810,1426319531513847810,Fri Aug 13 23:07:30 +0000 2021,5,11,2,0,0,0,I’m trying to grind through August like one of those high-speed zombies in Train to Busan. So far August in winning.
1426069907871985673,1426069907871985673,Fri Aug 13 06:35:35 +0000 2021,5,60,10,0,0,0,Has the jet stream destabilized or shifted to a new equilibrium? 🤔  I didn’t even think about stable weather features...
1426037410173882374,1426037410173882374,Fri Aug 13 04:26:27 +0000 2021,5,24,0,0,0,0,🧐 https://t.co/dM0tBd3ynA
1425979659292794881,1425979659292794881,Fri Aug 13 00:36:58 +0000 2021,5,74,5,0,0,0,well  there goes kandahar  that didn't take long
1425589397055938563,1425589397055938563,Wed Aug 11 22:46:13 +0000 2021,29,56,4,0,0,0,Human beings should be like prime numbers. If you can be factored into prime attributes shared with others  you’re ki...
1425530879175139335,1425530879175139335,Wed Aug 11 18:53:41 +0000 2021,6,37,3,0,0,0,When you win in a routine way at work  typically who else wins? What’s the broadest useful boundary.  Eg. If I “win” ...
1425520789604823044,1425520789604823044,Wed Aug 11 18:13:35 +0000 2021,4,19,1,0,0,0,We conflate automation (which to me is mainly about routine decision-making) and artificial (non-muscle) powering. Yo...
1425510510355640323,1425510510355640323,Wed Aug 11 17:32:45 +0000 2021,4,47,1,0,0,0,Everybody talks about air conditioning more but most cooling in the world is done by fans. Fans are kinda amazing. Ar...
1425351520506114050,1425351520506114050,Wed Aug 11 07:00:58 +0000 2021,4,24,8,0,0,0,Poll: What do you need the most?
1425199472775102464,1425199472775102464,Tue Aug 10 20:56:47 +0000 2021,6,6,0,0,0,0,cost of reorientation = 100*cos(pivot angle)  units = % of pre-reorientation momentum
1425176749151715329,1425176749151715329,Tue Aug 10 19:26:30 +0000 2021,8,13,1,0,0,0,Animals : Robots :: Plants : ??
1425164181855084546,1425164181855084546,Tue Aug 10 18:36:33 +0000 2021,4,65,3,0,0,0,Something very ASMRish about listening to a quality engineering presentation in a mature field where people have know...
1425134806388535300,1425134806388535300,Tue Aug 10 16:39:50 +0000 2021,13,65,4,0,0,0,Good analogy. I’m always exhausted by crackpots dumping evidence on me I’m not competent to evaluate and which looks ...
1424986677861228548,1424986677861228548,Tue Aug 10 06:51:13 +0000 2021,4,307,25,0,0,0,Everything interesting begins in the “unimportant and not urgent” quadrant. Eliminating it is the dumbest thing you c...
1424304102591377408,1424304102591377408,Sun Aug 08 09:38:55 +0000 2021,20,70,1,0,0,0,Back from Mt. Wilson. Got to view Saturn and Jupiter through the 100” telescope  couple of nebulae and globular clust...
1424901442435911689,1424901442435911689,Tue Aug 10 01:12:31 +0000 2021,5,26,0,0,0,0,reenchant the moon and the sun
1423720154551119873,1423720154551119873,Fri Aug 06 18:58:30 +0000 2021,21,141,4,0,0,0,Anyone else feeling there’s a glut of words being written right now? Text renaissance turned text bubble. At all leng...
1423542912235700234,1423542912235700234,Fri Aug 06 07:14:13 +0000 2021,9,40,6,0,0,0,It’s going to take years for our minds to reopen 🤔
1423387012858474498,1423387012858474498,Thu Aug 05 20:54:43 +0000 2021,6,42,2,0,0,0,There are some kinds of expertise that are defined more by the risks you take than by the skills with which you tackl...
1423146341455204354,1423146341455204354,Thu Aug 05 04:58:23 +0000 2021,15,71,7,0,0,0,The essence of cringe comedy seems to be characters governed by their shadow. It’s not repressed and glimpsed under s...
1422996124097388550,1422996124097388550,Wed Aug 04 19:01:28 +0000 2021,45,73,6,0,0,0,Kinda want to think out loud about resiliency-aware long-term personal migration planning inspired by this shitshow e...
1422960328040607745,1422960328040607745,Wed Aug 04 16:39:14 +0000 2021,22,79,18,0,0,0,Excellent and sobering story about the aftermath of the Paradise fire and the life of ‘fire nomads’ in the shadow of ...
1422711557440430080,1422711557440430080,Wed Aug 04 00:10:42 +0000 2021,10,48,3,0,0,0,Ok I guess I’d better read this and develop a take on the metaverse. Any helpful tldrs? https://t.co/Xfmvhcnap7
1421933598807003139,1421933598807003139,Sun Aug 01 20:39:22 +0000 2021,12,62,11,0,0,0,This point leads down a very interesting bunnytrail. Circa 2003-06 when I was doing autonomous systems research  I ca...
1421857786577649664,1421857786577649664,Sun Aug 01 15:38:07 +0000 2021,20,70,6,0,0,0,I seem to have high dreaming sleep when I’ve spent long hours doing some sort of detailed  focused mental flow work (...
1421268674313220102,1421268674313220102,Sat Jul 31 00:37:12 +0000 2021,83,443,61,0,0,0,I've been noodling on an idea for a while that I've been reluctant to do a thread on for... reasons that will become ...
1421254540213424129,1421254540213424129,Fri Jul 30 23:41:02 +0000 2021,5,20,1,0,0,0,Thoughtful thread that’s getting well-deserved attention. Not a commonplace problem  but one that reveals some struct...
1419367182140542976,1419367182140542976,Sun Jul 25 18:41:21 +0000 2021,4,14,2,0,0,0,Note in my moleskine from April 🤣 https://t.co/YfZ8oNFQbo
1421206756592521216,1421206756592521216,Fri Jul 30 20:31:10 +0000 2021,8,13,1,0,0,0,Burning bridges problem: you're going from A to B on a graph  cutting some edges as you go. Is there an algorithm tha...
1420980855170756611,1420980855170756611,Fri Jul 30 05:33:31 +0000 2021,12,58,4,0,0,0,Unbundling and rebundling identity along vertical/horizontal integration dimensions 🤔   Horizontal: freedom  trust  g...
1420889038819500034,1420889038819500034,Thu Jul 29 23:28:40 +0000 2021,4,135,4,0,0,0,kinda ironic that the most radical and heretical thing I do is champion the right of the ordinary and mediocre to exi...
1420791455405117442,1420791455405117442,Thu Jul 29 17:00:54 +0000 2021,13,55,6,0,0,0,2021 US map:  Nation of Tech  based in SV  branch in Austin  Acela Nation  based in NY-DC-Boston  branches in most un...
1579126357820248069,1579126357820248069,Sun Oct 09 15:07:17 +0000 2022,13,72,6,0,0,0,Ever since I got annoyed enough by the NYT to unsubscribe and even stop visiting for the free articles  I’ve been mos...
1420263871286112264,1420263871286112264,Wed Jul 28 06:04:28 +0000 2021,15,323,33,0,0,0,You will slack off at life in proportion to how replaceable or interchangeable you feel  Chosen Ones cut themselves n...
1420236700681269248,1420236700681269248,Wed Jul 28 04:16:30 +0000 2021,6,425,34,0,0,0,Deep lesson here https://t.co/gNhLsTdsbz
1420182431521415171,1420182431521415171,Wed Jul 28 00:40:52 +0000 2021,5,40,1,0,0,0,Has anyone Covid-relocated from a largish coastal metro (SF  LA  Portland  Seattle  NY  Boston  DC) to a smaller city...
1419435523827900417,1419435523827900417,Sun Jul 25 23:12:55 +0000 2021,9,104,3,0,0,0,This was the year I've truly learned to say No to things  and now I can't stop. I say No to almost everything now. It...
1419375796746022912,1419375796746022912,Sun Jul 25 19:15:35 +0000 2021,14,61,16,0,0,0,“First world yoga names” 🤣  Kinda hilarious trend in Bollywood celeb naming that’s now turned into a general premium ...
1419353715530600448,1419353715530600448,Sun Jul 25 17:47:50 +0000 2021,8,81,5,0,0,0,How climate action will actually happen: 25% state regulatory pressures  30% unilateral corporate action that initial...
1419324406665334784,1419324406665334784,Sun Jul 25 15:51:22 +0000 2021,10,15,1,0,0,0,“…the decline among White Christians has slowed. Indeed  the percentage of White Christians actually rose slightly du...
1419136635296387075,1419136635296387075,Sun Jul 25 03:25:14 +0000 2021,6,31,2,0,0,0,Q: What do you call it when the Last Man responds to the End of History by going trad?  A: Based Jumping
1418966565555429381,1418966565555429381,Sat Jul 24 16:09:27 +0000 2021,11,39,3,0,0,0,Beauty  utility  eternity. Pick 2 of 3.
1418289633499049987,1418289633499049987,Thu Jul 22 19:19:33 +0000 2021,13,11,1,1,1,0,@Aelkus @nils_gilman I think you're mistaking the echo for the real thing. What you're referring to as frontier ideol...
1418091254613561345,1418091254613561345,Thu Jul 22 06:11:16 +0000 2021,4,29,2,0,0,0,By 1920 or so  the 19th century had come to seem as relatively regressive as the 20th century had by 2020. Feeling mo...
1578980518762139648,1578980518762139648,Sun Oct 09 05:27:46 +0000 2022,5,41,1,0,0,0,Thinking about how peak premium mediocre circa 2016 had a jewel-like aesthetic. Everything reduced to shiniest  most ...
1418020798191706113,1418020798191706113,Thu Jul 22 01:31:18 +0000 2021,5,23,3,0,0,0,How will I plan? Mediocrely. https://t.co/p0j7wHS62R https://t.co/MqUxGbZJs6
1418009793470468098,1418009793470468098,Thu Jul 22 00:47:34 +0000 2021,6,43,2,0,0,0,Theories of rare and extreme events are really inadequate. Neither extreme statistical bounding (9-sigma  12-sigma…) ...
1417932950805520385,1417932950805520385,Wed Jul 21 19:42:14 +0000 2021,5,12,2,1,1,0,@nils_gilman spoken like a humanities person :D  I think engineering mindset people in particular crave "physics extr...
1417925420209491971,1417925420209491971,Wed Jul 21 19:12:18 +0000 2021,15,63,4,0,0,0,I may not buy a new MBP when this one dies. Realizing I'm starting to avoid working on laptop primarily because the A...
1417718864549343234,1417718864549343234,Wed Jul 21 05:31:31 +0000 2021,17,36,5,0,0,0,Take a random issue  and consider a *random* take on it. As in  derived by situating it in a context induced by a ran...
1417879627771432965,1417879627771432965,Wed Jul 21 16:10:20 +0000 2021,10,41,9,0,0,0,Just discovered this thing called the NOAA climate extremes index (CEI). If you  like me  have been getting increasin...
1417237689141628934,1417237689141628934,Mon Jul 19 21:39:30 +0000 2021,8,143,4,0,0,0,Just hit me that I don’t judge who people are  I judge who they are becoming. Usually 3-4 years out. If I like who I ...
1417001617098907650,1417001617098907650,Mon Jul 19 06:01:26 +0000 2021,4,10,0,0,0,0,Watching a hilariously bad low-budget/B-list female version of John Wick  starring a horribly miscast Karen Gillan  (...
1416955258073280512,1416955258073280512,Mon Jul 19 02:57:13 +0000 2021,10,88,2,0,0,0,Everything I wrote before ~2018 feels vaguely alien. Like it was written by someone else. 🤔
1416896184606552065,1416896184606552065,Sun Jul 18 23:02:29 +0000 2021,21,120,4,0,0,0,Most project management ideas and tools are designed for project managers who only do PMing. They’re not bad in big c...
1416499757481005057,1416499757481005057,Sat Jul 17 20:47:14 +0000 2021,4,3,1,1,1,0,@ssica3003 @Malcolm_Ocean The Postrat: a glass of water  but drunk with solemn ritual and a prayer to Christopher Ale...
1416461355616325633,1416461355616325633,Sat Jul 17 18:14:38 +0000 2021,9,57,2,0,0,0,Realized something about making: technical shopping is the dopamine-hit-loop completion step. When you can legit buy ...
1416123802128326658,1416123802128326658,Fri Jul 16 19:53:19 +0000 2021,6,58,4,0,0,0,Thinking about a concept: Blinded like a state.  Any legibilizing mode a state uses to see can also be used as a way ...
1415916306553917440,1415916306553917440,Fri Jul 16 06:08:48 +0000 2021,7,93,11,0,0,0,This is a horrifying read. https://t.co/lXdQlK8ftY
1415727738783109120,1415727738783109120,Thu Jul 15 17:39:30 +0000 2021,5,19,1,1,1,0,@Conaw @z9sx7wox @frau_doktor_ @cortexfutura It’s not either-or. You’re doing R&amp;D on the human mind as much as yo...
1578569842613161984,1578569842613161984,Sat Oct 08 02:15:53 +0000 2022,18,546,59,0,0,0,If you want money to matter less  you have to make more things money can’t buy
1578615959950045184,1578615959950045184,Sat Oct 08 05:19:08 +0000 2022,10,58,4,0,0,0,Extended universe construction techniques are like the reinforced concrete of narrative. The record for tallest build...
1415548287474561026,1415548287474561026,Thu Jul 15 05:46:26 +0000 2021,6,43,2,0,0,0,If I understand space-time right  and I doubt it  if you look far enough out in any direction  you’re looking at the ...
1415539978885419008,1415539978885419008,Thu Jul 15 05:13:25 +0000 2021,4,170,19,0,0,0,Life happens for like 5 minutes between escaping the schooling system and getting trapped by the healthcare system  Y...
1415527743828074500,1415527743828074500,Thu Jul 15 04:24:48 +0000 2021,4,14,1,0,0,0,Yolongevity
1415469909467795459,1415469909467795459,Thu Jul 15 00:34:59 +0000 2021,5,91,5,0,0,0,It’s funny how almost nobody invests in anybody past 40. You can get paid  even paid very well  but not invested in. ...
1415455193869651970,1415455193869651970,Wed Jul 14 23:36:30 +0000 2021,4,16,1,0,0,0,Wonder if I could do art 🤔
1410124468232417284,1410124468232417284,Wed Jun 30 06:34:06 +0000 2021,8,22,2,0,0,0,Now starting to read Tenth of a Second by @_Jimena_Canales https://t.co/Q1np94CTDH
1414377456169938945,1414377456169938945,Mon Jul 12 00:13:58 +0000 2021,17,136,27,0,0,0,made up a climate discourse term:   charismatic mega-emissions  they distort priorities in climate just as charismati...
1414311392581091329,1414311392581091329,Sun Jul 11 19:51:27 +0000 2021,5,6,0,0,0,0,Making a meta-thread of embedded adventures with arduino  beaglebone blue  RPi  and any other boards I end up buying.
1334233827657605131,1334233827657605131,Wed Dec 02 20:31:48 +0000 2020,43,172,5,0,0,0,Starting to play with Arduino more. First I’ve fiddled with electronic assembly in ~20 years and the biggest learning...
1414303466550304771,1414303466550304771,Sun Jul 11 19:19:57 +0000 2021,4,10,2,0,0,0,Now at RPi4 level of the game. Still find it mildly unsettling that this thing is basically a Linux computer. Now to ...
1414115880410046469,1414115880410046469,Sun Jul 11 06:54:33 +0000 2021,16,35,1,0,0,0,Is there something like “history of footsteps in the sand”? Sounds paradoxical but… a sense of the transitory parts o...
1413514841373831176,1413514841373831176,Fri Jul 09 15:06:14 +0000 2021,11,87,8,0,0,0,Nice cartoon of “radicalization” argument. The internet scold is an unpleasant person  but weird that we model the “e...
1413155917151965187,1413155917151965187,Thu Jul 08 15:20:00 +0000 2021,11,26,1,1,1,0,@Mikeachim @p_millerd @jonnym1ller I actually am against it. It perpetuates the fiction that work can be regulated to...
1412509691662323713,1412509691662323713,Tue Jul 06 20:32:08 +0000 2021,5,24,2,0,0,0,Big projects tend to swamp small projects somehow. There’s some sort of feedback loop by which the biggest project wi...
1406038197008703491,1406038197008703491,Fri Jun 18 23:56:43 +0000 2021,34,22,1,0,0,0,Little thread on what’s one of the harder hands-on engineering things I’ve done in my life. A real test of dexterity ...
1411897640783024133,1411897640783024133,Mon Jul 05 04:00:04 +0000 2021,18,60,6,0,0,0,We have a panoramic view of LA skyline and it’s been relentless 180 degrees fireworks for an hour now
1411809078779670530,1411809078779670530,Sun Jul 04 22:08:09 +0000 2021,6,36,1,0,0,0,Outtake from my slack https://t.co/pRpu4IvxQ8
1411819930815635461,1411819930815635461,Sun Jul 04 22:51:16 +0000 2021,4,8,0,0,0,0,Trying out the Treeverse extension by @houshuang ht @RobertHaisfield and @AbhayPrasanna for the pointer. https://t.co...
1411767894988386305,1411767894988386305,Sun Jul 04 19:24:30 +0000 2021,5,10,1,0,0,0,Looks like US citizen travel to Iran is unfortunately kinda complex and constrained. I’d totally go to see the salt m...
1578539832623607809,1578539832623607809,Sat Oct 08 00:16:38 +0000 2022,4,10,0,0,0,0,If social media were Arda…  Shire: Twitter Rivendell: Instagram Numenor: Blogosphere Gondor: Substack Rohan: TikTok K...
1578516150291296256,1578516150291296256,Fri Oct 07 22:42:32 +0000 2022,9,11,1,0,0,0,So Numenorean humans are like 30% extra strength humans despite otherwise being coddled and weakened by luxury 🤔
1411336836585168898,1411336836585168898,Sat Jul 03 14:51:37 +0000 2021,6,44,2,0,0,0,42 years since Soviets invaded Afghanistan  32 years since they left  20 since the US invaded. Now 0 days since US le...
1411194311794827266,1411194311794827266,Sat Jul 03 05:25:17 +0000 2021,4,12,1,0,0,0,Tomorrow war is so bad
1410608891176505348,1410608891176505348,Thu Jul 01 14:39:02 +0000 2021,7,21,2,0,0,0,“When US oil prices quadrupled following the OPEC oil embargo…Burns argued that  since this had nothing to do with mo...
1410334442636283904,1410334442636283904,Wed Jun 30 20:28:28 +0000 2021,6,45,5,0,0,0,REALIST stack  Renewable power source Electric drives Additive-first manufacturing Lithium-based batteries Internet o...
1406798494921216000,1406798494921216000,Mon Jun 21 02:17:52 +0000 2021,20,18,1,0,0,0,Watching the first episode of Kevin can f himself. It’s really clever. Had to de a double take. It’s like Wandavision...
1410068962725941249,1410068962725941249,Wed Jun 30 02:53:33 +0000 2021,10,48,5,0,0,0,Can’t believe it’s already 2 years since I moved to LA.
1408285565875752967,1408285565875752967,Fri Jun 25 04:46:58 +0000 2021,17,32,2,0,0,0,well I have my new microscope and a set of pre-prepared slides... Once I set it up and learn to use it  I'll have com...
1409677094120943621,1409677094120943621,Tue Jun 29 00:56:24 +0000 2021,5,5,0,0,0,0,Linux mavens… what distro would you run on this old asus atom-based netbook (currently trying to install windows 10 o...
1409558475999350786,1409558475999350786,Mon Jun 28 17:05:03 +0000 2021,9,8,1,0,0,0,Off to an inauspicious start with the Beaglebone Blue. The network drivers won’t install on MacOS Catalina. Apparentl...
1408963273609814021,1408963273609814021,Sun Jun 27 01:39:56 +0000 2021,6,28,1,0,0,0,I only feel like drinking beer instead of bourbon when it gets really hot… kinda feeling like beer now
1578226526352392194,1578226526352392194,Fri Oct 07 03:31:40 +0000 2022,8,125,8,0,0,0,Is it just me or is this year full of what seem like unnecessary events? Like not even unforced errors  just shit tha...
1409185063812489221,1409185063812489221,Sun Jun 27 16:21:15 +0000 2021,20,198,13,0,0,0,Have you noticed that despite the supposed information overload problem the incidence rate of your “how did I not kno...
1409173865033441281,1409173865033441281,Sun Jun 27 15:36:45 +0000 2021,11,14,3,0,0,0,Latest @yak_collective newsletter https://t.co/1FLZzUq9ah  @jdbb @evanwolf and @necopinus are iterating on a really c...
1408935280501923843,1408935280501923843,Sat Jun 26 23:48:42 +0000 2021,4,38,0,0,0,0,I’ve moved computers less frequently than I’ve moved apartments  7 computers in 23y 23 apartments in 23y   This is th...
1408620849410691075,1408620849410691075,Sat Jun 26 02:59:16 +0000 2021,53,201,23,0,0,0,What’s the cheapest scientific instrument that can get an average amateur to the bleeding edge of discovery work? So ...
1408828857461796880,1408828857461796880,Sat Jun 26 16:45:49 +0000 2021,4,3,0,1,1,0,@GregHerczeg Thanks for the detailed response. I’ve linked it into main thread for visibility. I agree this is a powe...
1408480645324546053,1408480645324546053,Fri Jun 25 17:42:08 +0000 2021,62,199,19,0,0,0,I suspect one subconscious reason I'm interested in maker stuff right now is that I think we're entering a kind of ro...
1407160418129235974,1407160418129235974,Tue Jun 22 02:16:02 +0000 2021,6,93,7,0,0,0,Is this the “maker movement”?   🤔🦋 https://t.co/LmXAAvvVKC
1408318102190772235,1408318102190772235,Fri Jun 25 06:56:15 +0000 2021,8,70,2,0,0,0,Viral ambition essays seem to have gone out of fashion. Kinda cringe to even aim at that now. Substack has a professi...
1408095117156573190,1408095117156573190,Thu Jun 24 16:10:11 +0000 2021,24,72,6,0,0,0,Making myself a lesson plan for a Fall power-electronics 101 rotation. How the hell did I get through years of engine...
1407931491590447109,1407931491590447109,Thu Jun 24 05:20:00 +0000 2021,4,18,2,0,0,0,See the replies and further screenshots… the saga just goes on and on. https://t.co/yFYvHvxotg
1407502785411653632,1407502785411653632,Wed Jun 23 00:56:28 +0000 2021,4,44,8,0,0,0,🤯 strange cave painting compositions may in fact have been primitive movies  with the flickering firelight serving as...
1407441517363425280,1407441517363425280,Tue Jun 22 20:53:01 +0000 2021,5,9,0,0,0,0,I now possess a very fine collection of M3 bolts  nuts and washers in a wide assortment of sizes and variations (5-55...
1407382075431260163,1407382075431260163,Tue Jun 22 16:56:49 +0000 2021,12,20,0,0,0,0,I’ve been on a gigantic yak-shave over the last week  across 3 threads  53  61 and 62 in my meta-thread  linked end-t...
1407009538218205189,1407009538218205189,Mon Jun 21 16:16:29 +0000 2021,19,32,5,0,0,0,When a proto-network is strongly under your control/influence (eg network of stores you can release a product in  lar...
1407355631267319810,1407355631267319810,Tue Jun 22 15:11:44 +0000 2021,21,65,9,0,0,0,What’s the opposite of a network effect?   Not merely a negative network effect like a contagion or failure cascade. ...
1405588247556739076,1405588247556739076,Thu Jun 17 18:08:47 +0000 2021,37,130,9,0,0,0,My patience for project management level of procedural meta thinking is at a lifetime low... just wanna fingerspiutze...
1406281248864051204,1406281248864051204,Sat Jun 19 16:02:31 +0000 2021,22,44,4,0,0,0,This old @interfluidity article  Tax Price  Not Value  has been stuck in my brain since I first read it and I periodi...
1406104913722023942,1406104913722023942,Sat Jun 19 04:21:50 +0000 2021,4,30,1,0,0,0,I’m trundling along at 25mph in a 60mph zone
1405360046456721409,1405360046456721409,Thu Jun 17 03:02:00 +0000 2021,5,31,1,0,0,0,Horizontal integration of all my shit now at 90%. Only one property per media-tech layer and every layer a ribbonfarm...
1577903469360472064,1577903469360472064,Thu Oct 06 06:07:57 +0000 2022,8,185,13,0,0,0,How come there are so few actual city-states? Singapore  Monaco  Vatican… that’s it I think. UAE if you relax definit...
1404688678568349705,1404688678568349705,Tue Jun 15 06:34:13 +0000 2021,27,108,10,0,0,0,People always say “smartest people” and “artificial intelligence” in the same breath 🤔  There may be a slight circula...
1404821609106444288,1404821609106444288,Tue Jun 15 15:22:26 +0000 2021,5,24,0,0,0,0,Thought of an interesting question... if you made a list of interesting dead public/historical figures  how many of t...
1404594135261016067,1404594135261016067,Tue Jun 15 00:18:32 +0000 2021,23,260,16,0,0,0,There’s a theory that the ability to have painful conversations in large groups is some sort of valuable and advanced...
1404520110304370689,1404520110304370689,Mon Jun 14 19:24:23 +0000 2021,6,4,0,0,0,0,Poll: Is your personal workflow organization style "out of sight" (everything tucked away in folders etc with a clean...
1404264190131331075,1404264190131331075,Mon Jun 14 02:27:27 +0000 2021,5,125,11,0,0,0,Herzog-Veblen principle: Wildernesses are murderous but lazy places. Savagery does not respect effort. Visible effort...
1404220201852293120,1404220201852293120,Sun Jun 13 23:32:39 +0000 2021,14,151,24,0,0,0,Never attribute to a meaning crisis what can be adequately explained by poverty  Never attribute to anomie what can b...
1566620846587670528,1566620846587670528,Mon Sep 05 02:54:50 +0000 2022,4,27,0,0,0,0,Continuing my 90s binging  rewatching Sliders (1994)  the show that invented modern multiverse rules and portal gun t...
1404169063899664385,1404169063899664385,Sun Jun 13 20:09:27 +0000 2021,4,7,0,0,0,0,Poll: If you took a 10k business risk today  what would be the minimum return multiple in 5 years to make it interest...
1404108327030726659,1404108327030726659,Sun Jun 13 16:08:06 +0000 2021,9,50,5,0,0,0,Books that solve problems vs books that create them 🤔
1403908055138332674,1403908055138332674,Sun Jun 13 02:52:18 +0000 2021,23,53,18,0,0,0,Let’s do a survey on important matters for the 2020s… a thread of polls. Starting with the most important question of...
1403856613362917376,1403856613362917376,Sat Jun 12 23:27:53 +0000 2021,4,19,0,0,0,0,Faith +1 https://t.co/2OV4GFoNGj
1403764660860424194,1403764660860424194,Sat Jun 12 17:22:30 +0000 2021,16,14,3,0,0,0,Vertical integration : stories :: horizontal integration : ?
1403749233614757888,1403749233614757888,Sat Jun 12 16:21:12 +0000 2021,7,117,5,0,0,0,It’s kinda interesting that there are no real prizes on the internet. There’s the Webby awards modeled on the oscars ...
1403593356660285443,1403593356660285443,Sat Jun 12 06:01:48 +0000 2021,12,183,19,0,0,0,Mental health burnout pandemic coming to white-collar US. Seeing lots of signs. Too many people have been going brrr ...
1403587887262621700,1403587887262621700,Sat Jun 12 05:40:04 +0000 2021,5,28,1,0,0,0,I need an antialiasing filter for generations. New cohorts of people rediscovering ideas that last came around a deca...
1403519987298406405,1403519987298406405,Sat Jun 12 01:10:15 +0000 2021,5,24,0,0,0,0,Becoming convinced the natural quasistable state of humans is a slight  steady regression. So if you become too suspi...
1577868539305766914,1577868539305766914,Thu Oct 06 03:49:09 +0000 2022,5,39,1,0,0,0,People who want climate action like the word “massive” way too much 🧐. As in “massive program”  “massive reductions” ...
1403497423012466689,1403497423012466689,Fri Jun 11 23:40:36 +0000 2021,5,13,1,0,0,0,‘Based’ is now a strong pejorative as far as I’m concerned
1403448693982863360,1403448693982863360,Fri Jun 11 20:26:58 +0000 2021,17,23,1,0,0,0,True or false?  Scams are more likely to be vertically integrated.
1403487718399569922,1403487718399569922,Fri Jun 11 23:02:02 +0000 2021,4,76,4,0,0,0,Approximately 50% of your life is probably a mistake
1403452376594354178,1403452376594354178,Fri Jun 11 20:41:36 +0000 2021,6,28,3,0,0,0,If you want to be subversive  don’t brand things you don’t want flagged by the opposition. There’s a genuine tension ...
1403088683511603200,1403088683511603200,Thu Jun 10 20:36:24 +0000 2021,5,101,7,0,0,0,Hypothesis: The trust level a team can sustain is almost entirely a function of recent win/loss record. The sweet spo...
1402881341394329604,1402881341394329604,Thu Jun 10 06:52:30 +0000 2021,20,91,6,0,0,0,Is contentedness learnable?  Google turn up 90% Christian stuff  10% other stuff like zen  minimalism etc. Nothing ac...
1402805558890008578,1402805558890008578,Thu Jun 10 01:51:22 +0000 2021,7,17,2,0,0,0,Feels like when I was a teenager  the electronics kids (I wasn’t one) were mainly building things with 555 timer and ...
1402654692371427329,1402654692371427329,Wed Jun 09 15:51:53 +0000 2021,26,39,2,0,0,0,I never understood ‘classics’ as a subject. Feels like it should be refactored into dead languages and history curric...
1577528209574227968,1577528209574227968,Wed Oct 05 05:16:48 +0000 2022,8,64,10,0,0,0,belief in “incentive design” is quite touching
1402004693006503944,1402004693006503944,Mon Jun 07 20:49:01 +0000 2021,6,94,4,0,0,0,It’s been illuminating watching SpaceX and Blue Origin do their distinct styles of rocket development over the last d...
1401681363103731713,1401681363103731713,Sun Jun 06 23:24:13 +0000 2021,24,558,38,0,0,0,“Sophomore portal” books: You’re likely to read them 17-21  with median at ~19  — Ayn Rand — GEB — HHG — Alchemist — ...
1401613847840976898,1401613847840976898,Sun Jun 06 18:55:56 +0000 2021,10,36,3,0,0,0,Engineering projects and stories as metaphors for each other 🤔  Unit test = beat Integration test = scene  Subsystem ...
1401429291569606656,1401429291569606656,Sun Jun 06 06:42:35 +0000 2021,7,296,3,0,0,0,My very first Amazon order from 1998 is very cringe https://t.co/V8cPI52CAi
1401038710817234947,1401038710817234947,Sat Jun 05 04:50:33 +0000 2021,33,307,39,0,0,0,Anything that needs a certificate of authenticity is a grift
1401300307993235458,1401300307993235458,Sat Jun 05 22:10:02 +0000 2021,6,9,0,0,0,0,I’m trying to recall my very first “maker” experiments as a kid that went beyond paper and glue and remembered that I...
1401253631073034241,1401253631073034241,Sat Jun 05 19:04:34 +0000 2021,32,69,6,0,0,0,I once attended a talk about “coding kata.” I don’t think the idea ever took off. It works even worse with hardware. ...
1371626652522881025,1371626652522881025,Tue Mar 16 00:57:32 +0000 2021,15,302,27,0,0,0,More convinced than ever that engineering 101 should really just be shopping 101  Every class would just be a teardow...
1400563634720309249,1400563634720309249,Thu Jun 03 21:22:46 +0000 2021,5,35,13,0,0,0,Damn  @stratechery just fired an interesting shot across the bows of substack  revue  ghost etc :D. Long-term only go...
1399957915495108609,1399957915495108609,Wed Jun 02 05:15:51 +0000 2021,7,25,1,0,0,0,Made a gif https://t.co/AP8N5kKksi
1399877262996951040,1399877262996951040,Tue Jun 01 23:55:22 +0000 2021,4,46,1,0,0,0,code is law = everybody is a bureaucrat  it's a last-man/end-of-history type ideology  for acting-dead npcs
1399865231929581570,1399865231929581570,Tue Jun 01 23:07:34 +0000 2021,5,37,1,0,0,0,Shut down one project  hit pause on another  and downgraded a third to be lower-cost maintenance mode... now let's se...
1399828735256190976,1399828735256190976,Tue Jun 01 20:42:32 +0000 2021,4,17,1,0,0,0,Once I was in a fender-bender in a no-fault state and the cop explained to me that no-fault really meant “somebody is...
1399797647855144960,1399797647855144960,Tue Jun 01 18:39:00 +0000 2021,6,318,34,0,0,0,A good measure of wealth is how long you can afford to be wrong
1399394407909007365,1399394407909007365,Mon May 31 15:56:40 +0000 2021,29,656,48,0,0,0,Most admired elites in the west:  1940s: decorated military veterans 1950s: spies 1960s: rocket scientists  1970s: br...
1399445571245510661,1399445571245510661,Mon May 31 19:19:59 +0000 2021,6,73,6,0,0,0,“Plant-based” became popular for people who wanted to adopt many key ideas from veganism while distancing themselves ...
1399086184236601344,1399086184236601344,Sun May 30 19:31:54 +0000 2021,8,78,8,0,0,0,In pomo and critical theory style writing  when imaginative seeing  precise language  and fertile topic blend properl...
1399030998587772933,1399030998587772933,Sun May 30 15:52:37 +0000 2021,6,71,1,0,0,0,Substack has really crept into my life. Didn’t realize I was on so many (90% free). Also  about 30% friends  70% stra...
1398877594691334146,1398877594691334146,Sun May 30 05:43:03 +0000 2021,4,3,0,0,0,0,I’m not sure I buy this theory if Martian meteorites 🧐   Very circumstantial.  https://t.co/I6KjbS88x1
1577426078469042176,1577426078469042176,Tue Oct 04 22:30:58 +0000 2022,4,4,0,0,0,0,For some reason this reminds me of the poem An Irish Airman Foresees his Death https://t.co/ydaBzQ8WLK https://t.co/8...
1397391617061883904,1397391617061883904,Wed May 26 03:18:18 +0000 2021,17,60,6,0,0,0,The first rule of expert club is you don’t talk about expert club
1397041047566360578,1397041047566360578,Tue May 25 04:05:16 +0000 2021,4,14,1,0,0,0,30 https://t.co/gzz0OSAumq
1396962439011323908,1396962439011323908,Mon May 24 22:52:54 +0000 2021,4,38,3,0,0,0,Reagan inauguration to today: ~40.5y Pearl Harbor to Regan inauguration: ~39.5y  Wonder why the latter still feels lo...
1396571471749677059,1396571471749677059,Sun May 23 20:59:20 +0000 2021,18,145,7,0,0,0,My week at 33: nominally work 9-5  5 days a week  chores on day 6  R&amp;R day 7  My week at 46: 7-day cycle  - Shitp...
1396498654119174155,1396498654119174155,Sun May 23 16:09:59 +0000 2021,14,112,7,0,0,0,Had no idea this was a thing 🧐🤔 https://t.co/v0Grwhztvn
1577348895029370880,1577348895029370880,Tue Oct 04 17:24:16 +0000 2022,26,1211,197,0,0,0,The fewer risks you take  the easier it is to be judgmental.
1395888456669089793,1395888456669089793,Fri May 21 23:45:17 +0000 2021,10,38,1,0,0,0,Figured out how to make gears in OnShape today using their featurescript. I am now officially unstoppable. 3d printin...
1396138472562253827,1396138472562253827,Sat May 22 16:18:45 +0000 2021,6,22,2,0,0,0,This is a great read. I didn’t know this shift to alt comedy happened as an explicit cultural moment though I noticed...
1395629537187155972,1395629537187155972,Fri May 21 06:36:25 +0000 2021,5,51,3,0,0,0,This last year has been a real schooling in exponential processes 🤔
1395590578067238919,1395590578067238919,Fri May 21 04:01:37 +0000 2021,7,65,5,0,0,0,When did the default hacker character in tv shows shift from awkward unattractive nerd guy to faux-awkward atttactive...
1395499213077635073,1395499213077635073,Thu May 20 21:58:34 +0000 2021,13,25,2,0,0,0,I was thinking about an ontology for scenes. First attempt was a false start that didn’t hold together — a hierarchy ...
1395431734641000449,1395431734641000449,Thu May 20 17:30:26 +0000 2021,5,23,1,0,0,0,tsundoku but for maker stuff  when you acquire equipment and a growing inventory of parts for projects faster than yo...
1394861911116640256,1394861911116640256,Wed May 19 03:46:09 +0000 2021,9,80,3,0,0,0,After premium mediocre and domestic cozy  spidey sense is tingling around some sort of blue collar vibe.
1394841139249750018,1394841139249750018,Wed May 19 02:23:37 +0000 2021,6,65,10,0,0,0,Reality has 5 aspects: space  time  matter  consciousness  and not-even-wrongness
1394355728530300931,1394355728530300931,Mon May 17 18:14:46 +0000 2021,18,81,4,0,0,0,I rarely block or openly break up with people. Passive aggressive ghosting is more my style 👻.  Realized from a priva...
1394072779750735872,1394072779750735872,Sun May 16 23:30:25 +0000 2021,11,61,5,0,0,0,Kafka’s metamorphosis would have made a great sf premise if he’d turned Samsa into a giant 17-year cicada. Every 17 y...
1394011201777008644,1394011201777008644,Sun May 16 19:25:44 +0000 2021,23,34,5,0,0,0,I think I finally get ‘testing in production’ conceptually. TIP is to software what simulation is to hardware. In har...
1391423254422691843,1391423254422691843,Sun May 09 16:02:09 +0000 2021,40,292,47,0,0,0,It’s kinda funny how global political and corporate leadership has clearly decided to learn nothing from Covid.  Nice...
1393015826752544772,1393015826752544772,Fri May 14 01:30:28 +0000 2021,6,68,3,0,0,0,the narcissists peril — believing in the best of what people pretend to see in you (or even believe they see in you) ...
1392906876065488898,1392906876065488898,Thu May 13 18:17:32 +0000 2021,12,17,1,0,0,0,A rather subtle thought just occurred to me that explains why artistic pursuits so often correlate with use of weapon...
1392871772018470914,1392871772018470914,Thu May 13 15:58:03 +0000 2021,10,44,5,0,0,0,Need a better term for this but.. horsehead arguments  after the severed horsehead in godfather.  When you attack som...
1392868336531169282,1392868336531169282,Thu May 13 15:44:24 +0000 2021,4,5,0,1,1,0,@made_in_cosmos The OP is the usual derp attacking space simply because billionaires are interested in it.  The actua...
1392690876493692928,1392690876493692928,Thu May 13 03:59:14 +0000 2021,30,39,3,0,0,0,In a word coining mood  What needs naming right now?
1392602328566435842,1392602328566435842,Wed May 12 22:07:23 +0000 2021,5,59,5,0,0,0,Cue crypto market crash 🤣 https://t.co/qiprYVhjW2
1392532089535295491,1392532089535295491,Wed May 12 17:28:16 +0000 2021,5,63,6,0,0,0,A kanban board is a failed gantt chart the way scrambled eggs are a failed omelet
1392339279653728256,1392339279653728256,Wed May 12 04:42:07 +0000 2021,5,49,6,0,0,0,It’s really kinda funny how the market for computer hardware is being warped into insanity by a mix of supply chain i...
1392148301043044352,1392148301043044352,Tue May 11 16:03:14 +0000 2021,7,21,3,0,0,0,Covid beds being allocated in real time by texts. I’m very impressed by the web and text-based notification systems t...
1391809059796307972,1391809059796307972,Mon May 10 17:35:13 +0000 2021,29,227,19,0,0,0,I am impressed by the amount of ingenuity people put into avoiding learning how to like more kinds of people. Genius-...
1391841167478714368,1391841167478714368,Mon May 10 19:42:48 +0000 2021,5,99,1,0,0,0,I'm now officially a Trumpie thought leader 🤣 https://t.co/yLAwTIyWWC
1391791763447189509,1391791763447189509,Mon May 10 16:26:29 +0000 2021,5,17,0,0,0,0,“Money” is not quite fungible. While any $ is interchangeable with any other $  3 aspects create a kind of meta-infun...
1391596429232066560,1391596429232066560,Mon May 10 03:30:17 +0000 2021,6,20,1,0,0,0,Watched a TV news spot today about a baseball player who turned 100. It was weirdly sad. The reporters gushing about ...
1391577236235440128,1391577236235440128,Mon May 10 02:14:02 +0000 2021,4,50,1,0,0,0,When you’ve solved all your problems  achieved all your goals  and acquired all the skills you wanted to  what’s left...
1391456483821318145,1391456483821318145,Sun May 09 18:14:12 +0000 2021,4,4,0,1,1,0,@Aelkus That’s what it means to ride populism. You think you own the force until it bites you in the ass and shows yo...
1391238005860356097,1391238005860356097,Sun May 09 03:46:03 +0000 2021,5,15,0,0,0,0,Elon was pretty decent in opening monologue. No doge shilling yet though.
1391078635193262080,1391078635193262080,Sat May 08 17:12:46 +0000 2021,29,41,4,0,0,0,So ebooks vs print books have been a wild ride in the last 15y. Don’t have the numbers on hand  but after initial rap...
1391044754469646338,1391044754469646338,Sat May 08 14:58:08 +0000 2021,11,114,10,0,0,0,It’s both amazing and depressing how masses of ordinary people are figuring out subtle broadcast media production tri...
1390871585020547076,1390871585020547076,Sat May 08 03:30:01 +0000 2021,9,128,6,0,0,0,What’s the most complex and interesting motive you’ve ever encountered in a fictional character?
1576999786602909696,1576999786602909696,Mon Oct 03 18:17:03 +0000 2022,5,52,9,0,0,0,The opposite of the Noble Lie fallacy (elites lying to masses “for their own good” is a good thing) is the Noble Crow...
1390723825151610883,1390723825151610883,Fri May 07 17:42:52 +0000 2021,5,26,1,0,0,0,Nice metaphor from @ByrneHobart ... Stripe as solid-state economics https://t.co/RSHQost138
1390492518668591111,1390492518668591111,Fri May 07 02:23:45 +0000 2021,29,89,10,0,0,0,Just did an analysis of 10 years of half-assed self-publishing. Executive summary: https://t.co/ipn7s5U2oB
1390394469992656896,1390394469992656896,Thu May 06 19:54:08 +0000 2021,12,25,1,0,0,0,This is going to be the summer of Brand Consolidation and Rationalization and Customer Journey Integration for me. It...
1390364911704834048,1390364911704834048,Thu May 06 17:56:41 +0000 2021,7,16,0,0,0,0,90% decided I'm going to reposition the breaking smart site/project/list as 'ribbonfarm projects' or something over t...
1386359037793476608,1386359037793476608,Sun Apr 25 16:38:46 +0000 2021,55,53,7,0,0,0,I once saw a print exhibition where one of the exhibits was a woodcut panel (the kind from from which limited edition...
1390338804037210113,1390338804037210113,Thu May 06 16:12:56 +0000 2021,9,22,1,0,0,0,NFTs are now the leading cause of snowflakiness  relegating UX design to second place
1390153283356880898,1390153283356880898,Thu May 06 03:55:45 +0000 2021,12,41,5,0,0,0,Book first draft stands at 5 chapters and 34k words  1 year in  and starting to feel book-shaped in my head. Serializ...
1389762174394920964,1389762174394920964,Wed May 05 02:01:37 +0000 2021,10,78,3,0,0,0,Not crazy about the term ‘4th industrial revolution’ but getting increasingly intrigued by the class of things it poi...
1389727542437826560,1389727542437826560,Tue May 04 23:44:00 +0000 2021,7,326,26,0,0,0,Do not use a sentence beginning “I am passionate about...” to describe yourself.  I for one mentally substitute “inse...
1389422146330394624,1389422146330394624,Tue May 04 03:30:28 +0000 2021,6,14,1,0,0,0,More on Kindle Vella... this strikes me as vaguely Asian mobile first something something. People buy platform tokens...
1389103463376703489,1389103463376703489,Mon May 03 06:24:08 +0000 2021,11,32,1,0,0,0,A storytelling technique some SF writers seem to use is narrative-only world-building. Everything is either an unexpl...
1388677540022157315,1388677540022157315,Sun May 02 02:11:40 +0000 2021,4,12,2,0,0,0,Beginning to hate the types-of-disciplinary-paper in the same way I hated introvert memes.
1388282885426216961,1388282885426216961,Sat May 01 00:03:27 +0000 2021,6,37,4,0,0,0,trying to write things of the sort you enjoy reading yourself is a bit like trying to do a magic trick on yourself or...
1388224464270200833,1388224464270200833,Fri Apr 30 20:11:18 +0000 2021,7,24,2,0,0,0,Generalized Backhaul Law: Every sufficiently complex system has a preferred direction with forward DO behaviors being...
1387985032594161666,1387985032594161666,Fri Apr 30 04:19:53 +0000 2021,35,123,11,0,0,0,What’s percent of your income is return on risk as opposed to compensation for effort?  I don’t mean in a tax sense o...
1387969794314440707,1387969794314440707,Fri Apr 30 03:19:20 +0000 2021,6,86,7,0,0,0,Continuous partial retirement 🤔
1387631598049263621,1387631598049263621,Thu Apr 29 04:55:28 +0000 2021,4,1,0,1,1,0,@ankurrsharma @kneelingbus 6 month commitment though... not cheap. $30/mo —- Get a free WHOOP strap and your first mo...
1387561076175171584,1387561076175171584,Thu Apr 29 00:15:14 +0000 2021,27,55,5,0,0,0,Are there any out-of-the-box useful home robots you can buy today  besides the roomba? You turn it on and it does som...
1387483328517840897,1387483328517840897,Wed Apr 28 19:06:18 +0000 2021,22,122,12,0,0,0,To disrupt  you have to serve a marginal customer To be product-driven  you have to serve your own vision  So to self...
1387464318212481025,1387464318212481025,Wed Apr 28 17:50:45 +0000 2021,5,0,1,1,1,0,@enkiv2 @nils_gilman @Aelkus Ah the heart of the disagreement is clear now. Violently agree that pure tech speculatio...
1592964404999753728,1592964404999753728,Wed Nov 16 19:34:44 +0000 2022,13,186,20,0,0,0,A “man in the arena” gambit to shield Bold Doers™  from criticism is pure bs unless said arena is a vacuum-gapped spa...
1576662561805647873,1576662561805647873,Sun Oct 02 19:57:02 +0000 2022,5,35,2,0,0,0,Public spaces = mentally ill spaces? 🤔
1387456454618095619,1387456454618095619,Wed Apr 28 17:19:31 +0000 2021,4,3,1,1,1,0,@enkiv2 @nils_gilman @Aelkus That’s a better way to think of PKD and most social science fiction. Space as a convenie...
1386887026880835592,1386887026880835592,Tue Apr 27 03:36:48 +0000 2021,6,238,28,0,0,0,Thanos test: how you would choose 50% of the world to kill?  Capitalism: bottom 50% Communism: top 50% Libertarianism...
1386864278880145409,1386864278880145409,Tue Apr 27 02:06:25 +0000 2021,5,70,5,0,0,0,The less you want to do about something the more you should talk about it. It’s the design principle of all x-washing...
1386430991523147778,1386430991523147778,Sun Apr 25 21:24:41 +0000 2021,5,4,0,1,1,0,@liminal_warmth There is. It’s not a way but being more invested in the the thing itself rather than how it is done o...
1386423081028128768,1386423081028128768,Sun Apr 25 20:53:15 +0000 2021,4,11,1,1,1,0,@liminal_warmth The identity group in the #2 position on any hierarchy is often the most politically savvy. Most to g...
1386011940279910401,1386011940279910401,Sat Apr 24 17:39:32 +0000 2021,6,30,0,0,0,0,This nanoparticle ferrofluid video by @NileRed2 is seriously impressive. What do you call a chemistry "build"? A "bre...
1385985154535940100,1385985154535940100,Sat Apr 24 15:53:05 +0000 2021,8,28,3,0,0,0,Googling DIY oxygen concentration and production reactions. It appears there is no simple method. Electrolysis sounds...
1385815169872236545,1385815169872236545,Sat Apr 24 04:37:38 +0000 2021,17,28,7,0,0,0,Q: What do you call a heretic who moves to New Zealand?  A: Thereteic
1385791984980271110,1385791984980271110,Sat Apr 24 03:05:30 +0000 2021,5,23,1,0,0,0,Paywalled  so won’t be generally available until I make an ebook  but I actually finished the damn yakverse series. M...
1385084896004087808,1385084896004087808,Thu Apr 22 04:15:47 +0000 2021,7,154,11,0,0,0,Whoa. Kid of blind mom falls in path of train  railway employee saves him in nick of time. Like a movie. https://t.co...
1385063179793801221,1385063179793801221,Thu Apr 22 02:49:29 +0000 2021,8,63,1,0,0,0,Considering a “ten years or no deal” heuristic for all projects/creative commitments that are not practically necessary.
1384939858137948163,1384939858137948163,Wed Apr 21 18:39:27 +0000 2021,4,149,1,0,0,0,Some teen tiktok/YouTube star appears to have discovered my memes 🧐 https://t.co/C2OZRLIXzB
1384192440656031745,1384192440656031745,Mon Apr 19 17:09:29 +0000 2021,6,8,0,0,0,0,So I've switched my python learning attempts over to google colab  but still fiddling with anaconda to learn how to g...
1383810151883231235,1383810151883231235,Sun Apr 18 15:50:24 +0000 2021,23,76,6,0,0,0,Suppose you have a creative project that is 10% obvious tasks   80% non-mysterious vague ones  where details need thi...
1383204343915040770,1383204343915040770,Fri Apr 16 23:43:08 +0000 2021,8,75,11,0,0,0,Online sensemaking often seems to require choosing between two kinds of information sources: smarter  more knowledgea...
1383098575547080704,1383098575547080704,Fri Apr 16 16:42:51 +0000 2021,6,93,2,0,0,0,First dose vaccine done 💪
1382738885541654529,1382738885541654529,Thu Apr 15 16:53:35 +0000 2021,20,267,28,0,0,0,Learner levels  1. Not willing to look foolish at all = can’t learn at all  2. Willing to look performatively foolish...
1381770358580150275,1381770358580150275,Tue Apr 13 00:45:00 +0000 2021,6,45,0,0,0,0,What’s the best modern theory of what turns people into bullies? Is there any truth to the movie trope that it’s a so...
1381788503109857281,1381788503109857281,Tue Apr 13 01:57:06 +0000 2021,4,12,1,0,0,0,Random etymology thing on why Americans pronounce solder ‘sodder’  https://t.co/xSHUIdZm4D
1576307178331217920,1576307178331217920,Sat Oct 01 20:24:52 +0000 2022,4,16,0,0,0,0,Somebody make an inner-life Instagram or tiktok for all the inner-life posters to go to. It would be a hit.
1381315566552555520,1381315566552555520,Sun Apr 11 18:37:49 +0000 2021,4,16,2,0,0,0,I got interested in the history of resignation letters and found this book. Anyone read it? https://t.co/yOHH9JpZ4t
1381288202208616449,1381288202208616449,Sun Apr 11 16:49:05 +0000 2021,6,64,2,0,0,0,Came up with a theory of rewilding technology. A technology is wilder if it is closer to an analogous thing that did/...
1380896264833753093,1380896264833753093,Sat Apr 10 14:51:40 +0000 2021,51,51,5,0,0,0,Tech futures meta thread. 3 prompts I posted in the last week got some good responses on stuff I’ve been thinking abo...
1380776664339128321,1380776664339128321,Sat Apr 10 06:56:25 +0000 2021,16,29,1,0,0,0,Random late night old-blogger story. When I started blogging in 2007  my tagline was “experiments in refactored perce...
1380542003759345664,1380542003759345664,Fri Apr 09 15:23:57 +0000 2021,8,13,1,0,0,0,187 responses and growing. Clearly a topic people have lots of thoughts on. Reading these has been a useful litmus te...
1380252931111354368,1380252931111354368,Thu Apr 08 20:15:17 +0000 2021,4,15,1,0,0,0,Now that’s wild https://t.co/bHzJVPXwKk
1575981809464070145,1575981809464070145,Fri Sep 30 22:51:58 +0000 2022,5,21,0,0,0,0,Why have they made Galadriel kinda a dumb hothead in rings of power? Like Sonny Corleone.
1379924700336320512,1379924700336320512,Wed Apr 07 22:31:00 +0000 2021,7,43,2,0,0,0,In the last few years essay writing has gone really barbell. Things are either transparently politically motivated in...
1379662853293047809,1379662853293047809,Wed Apr 07 05:10:31 +0000 2021,4,3,0,0,0,0,I have one big maker design project (rover) but I feel like I need a stream of much more trivial things. Like builds ...
1378491508010012674,1378491508010012674,Sat Apr 03 23:36:01 +0000 2021,9,61,4,0,0,0,What external accountability levers actually work on the Chinese state? Do any internal ones work? The party seems ab...
1378369481576091648,1378369481576091648,Sat Apr 03 15:31:07 +0000 2021,14,122,16,0,0,0,Case study of a retire-early story that didn’t go as planned. He attributes it to anomie  a breakup  and a health cri...
1378195489644941314,1378195489644941314,Sat Apr 03 03:59:45 +0000 2021,16,79,6,0,0,0,My feed seems weirdly mistuned. Like a radio tuned to the wrong channel. But I haven’t been able to retune it. 🤔  Not...
1378166269271101441,1378166269271101441,Sat Apr 03 02:03:38 +0000 2021,7,12,1,0,0,0,Discovered that I’m in this fantasy intellectuals team. 🤣  If I understand how this worked  I was picked in the 14th ...
1575933408085090304,1575933408085090304,Fri Sep 30 19:39:38 +0000 2022,4,24,3,0,0,0,What is the most successful corporate marketing campaign of the last few years? Feels like nothing has risen to the l...
1377813105892237312,1377813105892237312,Fri Apr 02 02:40:17 +0000 2021,8,167,20,0,0,0,The universe lets you learn until it doesn’t  but it basically never attempts to train you. There is no training set ...
1377492820265590785,1377492820265590785,Thu Apr 01 05:27:35 +0000 2021,4,12,0,0,0,0,Decided to delete morning thread on attrition warfare/bootstrapped businesses QTing another thread. I saved a copy to...
1377402849974317062,1377402849974317062,Wed Mar 31 23:30:04 +0000 2021,50,155,13,0,0,0,A thing I’ve learned this year is that story and writing are orthogonal skills. Still haven’t figured out what the co...
1575564176117768193,1575564176117768193,Thu Sep 29 19:12:26 +0000 2022,4,134,15,0,0,0,Pie chart of humanity:  Generative and energized but in an insane alt reality: 42%  Some form of long-haul debilitati...
1376724097145524224,1376724097145524224,Tue Mar 30 02:32:57 +0000 2021,6,30,8,0,0,0,I’m always astounded by how low the stakes are at the entry levels of oversupplied artistic fields. This is a $1000 g...
1376298379483901952,1376298379483901952,Sun Mar 28 22:21:18 +0000 2021,9,32,2,0,0,0,Bought a pair of these tiny turnbuckle rods with spherical joints for the 3-link differential mechanism on my rover d...
1375829056348807173,1375829056348807173,Sat Mar 27 15:16:23 +0000 2021,20,56,3,0,0,0,I can no longer tell unironically trad people apart from religious people 🤔  Seems like exactly the same mindset. Ave...
1375315096969244673,1375315096969244673,Fri Mar 26 05:14:05 +0000 2021,6,46,2,0,0,0,Once you’re old enough on Twitter  QTing starts to feel more like the decorously avuncular sidebar move than the  con...
1375306551531958273,1375306551531958273,Fri Mar 26 04:40:08 +0000 2021,5,18,0,0,0,0,kyc compliance regulations make me kinda mad
1375291480479129609,1375291480479129609,Fri Mar 26 03:40:15 +0000 2021,7,67,2,0,0,0,Wtf this Russian style icecream is really good https://t.co/FsB4exhAMY
1374923368495869954,1374923368495869954,Thu Mar 25 03:17:30 +0000 2021,19,62,4,0,0,0,Just heard the phrase “trauma porn” on a tv show. Tv discourse is less than a year behind Twitter at this point.  Sho...
1575512393228042241,1575512393228042241,Thu Sep 29 15:46:40 +0000 2022,9,24,4,0,0,0,Yep. Though I think expecting a NATO second strike is a deluded expectation of charismatic Cold War epic conflict  wh...
1374797373134704640,1374797373134704640,Wed Mar 24 18:56:50 +0000 2021,26,160,15,0,0,0,The 5 mother sauces of game theory  1. Prisoner’s dilemma 2. Ultimatum 3. Dictator 4. Rock Paper Scissors 5. ??
1374869762828759042,1374869762828759042,Wed Mar 24 23:44:29 +0000 2021,5,19,1,0,0,0,I looked it up and the army has 6333 tanks. The 400 odd tanks they’re inheriting from the marines would be less than ...
1373871459706138624,1373871459706138624,Mon Mar 22 05:37:35 +0000 2021,9,95,14,0,0,0,Ok this is funny https://t.co/4RkXFxg96X
1373786312235307008,1373786312235307008,Sun Mar 21 23:59:15 +0000 2021,8,88,1,0,0,0,A positive sign about substack is that I was largely unaware of what seems to have been some big culture war skirmish...
1373706610703429636,1373706610703429636,Sun Mar 21 18:42:32 +0000 2021,9,79,4,0,0,0,Thermodynamics is the subject I most wish I retained more of from college. Studied just enough to pass  then promptly...
1373521654647681024,1373521654647681024,Sun Mar 21 06:27:35 +0000 2021,5,311,36,0,0,0,Most people have no idea how much strain they’re under. Chronic strain is self-repressing. You don’t realize how hard...
1373376373113286658,1373376373113286658,Sat Mar 20 20:50:18 +0000 2021,4,46,3,0,0,0,It takes time to increase energy so if you work out 30min a day  plus 30 min recovery  your energy level in the remai...
1373307785828392961,1373307785828392961,Sat Mar 20 16:17:45 +0000 2021,36,129,14,0,0,0,Very interesting. British history is uniquely interesting since it’s also a history of the English language before it...
1373095313792143360,1373095313792143360,Sat Mar 20 02:13:28 +0000 2021,22,61,2,0,0,0,Watching the Snyder cut. Shit there’s actually a story here. Not a good story  but a story. Looks like Joss Whedon’s ...
1373033955084050433,1373033955084050433,Fri Mar 19 22:09:39 +0000 2021,15,43,5,0,0,0,Economics/finance thought leaders always sound far more confident and reassuring than social/cultural ones. The forme...
1372974315424022530,1372974315424022530,Fri Mar 19 18:12:40 +0000 2021,18,217,32,0,0,0,To the extent social science has true "mysteries" on par with those in physics  one big one is whether the idea of ra...
1372394735260684290,1372394735260684290,Thu Mar 18 03:49:37 +0000 2021,6,18,2,0,0,0,Old English is insane. I got none of these.  https://t.co/I53a9Pv7wy
1372022359893237760,1372022359893237760,Wed Mar 17 03:09:56 +0000 2021,30,79,3,0,0,0,Kinda sick of books.
1574830055233986560,1574830055233986560,Tue Sep 27 18:35:18 +0000 2022,42,276,38,0,0,0,The insight industry has been running in zombie mode on pure momentum for the last few years. Insights without a gran...
1371333956562423809,1371333956562423809,Mon Mar 15 05:34:28 +0000 2021,12,21,1,0,0,0,I think I need a life algorithm change B&amp;B is getting me into trouble lately https://t.co/EXwnLbs5jw
1592733169257943041,1592733169257943041,Wed Nov 16 04:15:53 +0000 2022,5,30,1,0,0,0,It’s early on a Tuesday and this place is kinda dead like late Saturday 🧐
1369815990087741440,1369815990087741440,Thu Mar 11 01:02:36 +0000 2021,5,15,1,0,0,0,South Park vaccinations special
1369771632139530241,1369771632139530241,Wed Mar 10 22:06:20 +0000 2021,10,25,0,0,0,0,Just recalling that I used to read a ton of pulp adventure thriller writers as a teenager but never do anymore. Alist...
1369727296291049472,1369727296291049472,Wed Mar 10 19:10:10 +0000 2021,4,4,0,0,0,0,Realizing my rover is actually v0.001 of my @basicmansion
1331673021367480320,1331673021367480320,Wed Nov 25 18:56:04 +0000 2020,30,175,22,0,0,0,Plot and character are in some ways the commodity elements of fiction  and how-to books spend 90% of their words on t...
1369688086691467264,1369688086691467264,Wed Mar 10 16:34:22 +0000 2021,7,30,7,0,0,0,Interesting read from @LMSacasas on Hartmut Rosa’s book  The Uncontrollability of the World. https://t.co/OAQLlVIek0
1369517402623406081,1369517402623406081,Wed Mar 10 05:16:07 +0000 2021,37,103,15,0,0,0,Feels like Sayre’s law increasingly applies to the world at large.  “Academic politics is the most vicious and bitter...
1368459447354286082,1368459447354286082,Sun Mar 07 07:12:11 +0000 2021,15,216,15,0,0,0,What annoys me about (new) macgyver... he never has to iterate. No trial-and-error or bug-fixing. His hacks work the ...
1368728496286040066,1368728496286040066,Mon Mar 08 01:01:17 +0000 2021,4,58,0,0,0,0,Went to Knott’s berry farm. For $45 you get to wander around an amusement park with all rides shut down but with food...
1368406028077821954,1368406028077821954,Sun Mar 07 03:39:55 +0000 2021,6,18,0,0,0,0,Watching Coming 2 America. Can’t tell if it’s working or not. Zamunda as satirical cartoon Wakanda kinda works. But m...
1367953423249723395,1367953423249723395,Fri Mar 05 21:41:26 +0000 2021,6,82,5,0,0,0,One of the upsides of being unable to think of yourself as special is that you when things go unreasonably well  you'...
1367713147646222336,1367713147646222336,Fri Mar 05 05:46:39 +0000 2021,9,194,14,0,0,0,Getting mildly sick of the word “creator”  It’s like how “entrepreneur” was going through a peak halo moment a decade...
1367523549531885571,1367523549531885571,Thu Mar 04 17:13:16 +0000 2021,5,48,6,0,0,0,“Glue” is a word that flags engineering topics full of lots of deep foxy knowledge and detail that’s not been systema...
1367350603022667779,1367350603022667779,Thu Mar 04 05:46:02 +0000 2021,4,11,1,0,0,0,Doing a lot of turning off RTs has given me fresh appreciation for people with an interesting RT style.  2x2 here: tw...
1366806561968951298,1366806561968951298,Tue Mar 02 17:44:13 +0000 2021,4,76,4,0,0,0,You can’t really be offended by people you’ve simply decided not to deal with. Flipping a bozobit also seems to turn ...
1366826519201419270,1366826519201419270,Tue Mar 02 19:03:31 +0000 2021,5,2,0,1,1,0,@danielfschmidt I think you'd have to get into the nature of the coupling. Is the multi-point coupling functionally d...
1366543895467724800,1366543895467724800,Tue Mar 02 00:20:28 +0000 2021,11,43,6,0,0,0,I *think* i unclogged the printer correctly this time. Fingers crossed. Learned to remove the Bowden tube and use cle...
1366437004167184384,1366437004167184384,Mon Mar 01 17:15:43 +0000 2021,4,207,3,0,0,0,Today is my 10th anniversary of going free agent :D 🥳
1365822149357834240,1365822149357834240,Sun Feb 28 00:32:30 +0000 2021,5,67,5,0,0,0,Food and exercise should be measured in kWh rather than calories or joules
1365728072327065605,1365728072327065605,Sat Feb 27 18:18:41 +0000 2021,5,354,32,0,0,0,Rules   1. The mass audience is just the union of all niche audiences.   2. Normies are people whose niches you don’t...
1365534901110333440,1365534901110333440,Sat Feb 27 05:31:05 +0000 2021,4,20,0,0,0,0,What if most of reality is actually experienced in montage mode and the Great Weirding was the end of an extended mon...
1365180895720693761,1365180895720693761,Fri Feb 26 06:04:24 +0000 2021,21,137,14,0,0,0,We need a word for “rule by people who sincerely believe they know how to rank the suffering in the world.” Something...
1365035545903067137,1365035545903067137,Thu Feb 25 20:26:49 +0000 2021,6,14,0,1,1,0,@Jer_Diamond The crypto-concern is one of the more meaningless pieces of bs in climate conversations. It’s nowhere ne...
1365002036555571205,1365002036555571205,Thu Feb 25 18:13:40 +0000 2021,5,26,1,0,0,0,How secure are URLs with random strings appended to a stem (generated as hashes of content?) and kept secret  but oth...
1364797505725079553,1364797505725079553,Thu Feb 25 04:40:56 +0000 2021,6,14,1,0,0,0,TIL that the reboots of Hawaii 5-0 (2010)  MacGyver (2016)  and Magnum P. I (2018) are part of the same fictional uni...
1364702904423079937,1364702904423079937,Wed Feb 24 22:25:02 +0000 2021,12,67,5,0,0,0,Median cost of common middle-class identity goods:  House: $270k College education: $25k New car: $20k* (guess) Phone...
1364463265208619010,1364463265208619010,Wed Feb 24 06:32:47 +0000 2021,6,35,1,0,0,0,In the pilot of Futurama  Fry starts out complaining that he hates his life as a delivery boy but at the end when he’...
1364386324401197060,1364386324401197060,Wed Feb 24 01:27:03 +0000 2021,4,38,8,0,0,0,Poll: How has your opinion of management consultants changed — or not — over the last decade (2010-20)?   For calibra...
1364075766581923846,1364075766581923846,Tue Feb 23 04:53:00 +0000 2021,11,183,11,0,0,0,Clubhouse people are rapidly approaching Scientology/Amway levels... 😟  Be careful people.
1363965583860011015,1363965583860011015,Mon Feb 22 21:35:11 +0000 2021,18,124,12,0,0,0,there are no general intelligences
1358112368987758596,1358112368987758596,Sat Feb 06 17:56:35 +0000 2021,8,12,1,0,0,0,Anyone have experience switching from weekly rotation through projects (eg: project A on Monday  B on Tuesday....E on...
1574498209954639872,1574498209954639872,Mon Sep 26 20:36:40 +0000 2022,15,48,3,0,0,0,Even at the height of the Cold War I don’t think “become like the Soviet Union” was ever either a popular or elite as...
1363598455638134784,1363598455638134784,Sun Feb 21 21:16:20 +0000 2021,4,226,6,0,0,0,After accounting for downtime  context switching time  recovery time  maintenance time  leisure  chores  only about 3...
1363358346883915777,1363358346883915777,Sun Feb 21 05:22:14 +0000 2021,9,349,35,0,0,0,“It’s never too late to start X” is awful advice. They always share some stupid outlier anecdote like “best-selling n...
1363189413824524289,1363189413824524289,Sat Feb 20 18:10:57 +0000 2021,47,135,19,0,0,0,I hadn’t seen this critique of superintelligence before. Interesting. It lands roughly where I did but via a differen...
1362985973257146371,1362985973257146371,Sat Feb 20 04:42:33 +0000 2021,6,48,3,0,0,0,Anyone notice that’s there no respectable people left anymore?   We’re no longer a respected species! 🤣
1362127439804043265,1362127439804043265,Wed Feb 17 19:51:03 +0000 2021,4,16,0,0,0,0,Copyediting is getting harder and I’m getting sloppier. Mainly because I have the bad habit of going from blank page ...
1361926997635526661,1361926997635526661,Wed Feb 17 06:34:34 +0000 2021,4,131,7,0,0,0,Randomly freaked myself out by thinking how a few decades after we are dead  everything we’ve ever experienced will b...
1361785130541441026,1361785130541441026,Tue Feb 16 21:10:50 +0000 2021,14,17,1,0,0,0,Are there examples of “viral fiction” besides that one cat-person short story?   Does virality meaningfully apply to ...
1361778185424097280,1361778185424097280,Tue Feb 16 20:43:14 +0000 2021,5,48,2,0,0,0,“My 2c” is an arrogant preface pretending to be a humble one. You really think your thoughts are generally acceptable...
1361768567876673536,1361768567876673536,Tue Feb 16 20:05:01 +0000 2021,5,10,5,0,0,0,Poll: If we define generalized homelessness as “having a disrupted/violated/messy boundary of self relative to enviro...
1361033348634664961,1361033348634664961,Sun Feb 14 19:23:31 +0000 2021,21,53,7,0,0,0,Heh  one thing the nyt piece managed was to do a Cunningham's law nerdsnipe-wmd  at newspaper scale... now a bunch of...
1360761836736442368,1360761836736442368,Sun Feb 14 01:24:38 +0000 2021,5,48,5,0,0,0,I suspect there was a time when journalism had the loose-knit co-opetition feel blogging still does. When it wasn’t a...
1360723120974299139,1360723120974299139,Sat Feb 13 22:50:47 +0000 2021,8,316,20,0,0,0,Jeez at the NYT hit piece on SSC. It doesn’t take much undeserved hostility to get me defending the rationalists inst...
1360037779766267906,1360037779766267906,Fri Feb 12 01:27:29 +0000 2021,61,440,76,0,0,0,In practice  the real alternative to cancel culture is usually know-your-place culture for the masses. Civil-debate-c...
1360019632950681601,1360019632950681601,Fri Feb 12 00:15:23 +0000 2021,6,33,5,0,0,0,Not a bad articulation of what I’ve come to think of as the sincere conservative position. https://t.co/9GHHl4PcvK
1359982330782175234,1359982330782175234,Thu Feb 11 21:47:09 +0000 2021,8,6,1,0,0,0,Has anyone built an AI-optimized computer around AMD? Stuff like this? If so  why did you go with AMD given Intel’s A...
1359550112003837957,1359550112003837957,Wed Feb 10 17:09:40 +0000 2021,6,26,4,0,0,0,Very proud of my latest coinage: threadthulu. https://t.co/VdraGN9wbH
1359557824477470720,1359557824477470720,Wed Feb 10 17:40:19 +0000 2021,4,17,1,0,0,0,This would be a remarkable pivot if they can pull it off. If they can credibly speak for a significant fraction of no...
1359385440441171969,1359385440441171969,Wed Feb 10 06:15:19 +0000 2021,15,32,3,0,0,0,I finally get it. This is what the 2020s will be like. Cthulhu mythos with a P. G. Wodehouse UX. https://t.co/L9ScfFiLeT
1318411552098111489,1318411552098111489,Tue Oct 20 04:39:43 +0000 2020,20,31,5,0,0,0,Hmm. Can any long-arc extended universe type stuff be traced to the 1920s? Especially in genre fiction?   Considering...
1358991959944175627,1358991959944175627,Tue Feb 09 04:11:46 +0000 2021,10,163,15,0,0,0,Is there any precedent for what’s been happening to the NYT?  I mean all media is struggling  but something uniquely ...
1355380876675215361,1355380876675215361,Sat Jan 30 05:02:37 +0000 2021,49,126,4,0,0,0,I’m watching Community for the first time and S2.9 could be straight out of Rick and Morty. The genealogical relation...
1358920074799636481,1358920074799636481,Mon Feb 08 23:26:08 +0000 2021,8,100,8,0,0,0,The Great Weirding is a humanity scale Refusal of the Call.
1358575000643534851,1358575000643534851,Mon Feb 08 00:34:55 +0000 2021,6,102,5,0,0,0,What do you call it when you take a reputable brand and swap out the quality product it is based on and substitute an...
1358665726593126401,1358665726593126401,Mon Feb 08 06:35:26 +0000 2021,8,54,2,0,0,0,I think before the internet I must have read a couple of hundred books a year. Now maybe a couple of dozen. Reading b...
1358241948570583040,1358241948570583040,Sun Feb 07 02:31:30 +0000 2021,6,146,18,0,0,0,reality has way too much detail
1592560169569116160,1592560169569116160,Tue Nov 15 16:48:27 +0000 2022,13,554,50,0,0,0,Been sleeping on this thought. I’m surprised by how much people are willing to indulge SBF’s weird EA ideology/funky ...
1358273216674897923,1358273216674897923,Sun Feb 07 04:35:45 +0000 2021,6,142,7,0,0,0,Really don’t get people who are organizing things like regular weddings and expecting people to go. Postpone or virtu...
1358157401434722305,1358157401434722305,Sat Feb 06 20:55:32 +0000 2021,5,7,0,1,1,0,@adamgurri @LiberalCurrents There seems to be a current within liberalism that’s basically faddish reactionary moral ...
1358152147645333504,1358152147645333504,Sat Feb 06 20:34:39 +0000 2021,4,6,2,0,0,0,Hmm. Now that I think of it  this phenomenon exists in cognitive tasks too. Nonfiction writing is very natural. Ficti...
1358143812917370882,1358143812917370882,Sat Feb 06 20:01:32 +0000 2021,6,43,1,0,0,0,Why is it that for some physical things  the right way is also a natural way (eg: swinging a tennis racket) and with ...
1357511038090940417,1357511038090940417,Fri Feb 05 02:07:07 +0000 2021,4,61,1,0,0,0,Ah. Epic space battle in Expanse now commencing 😎 🚀🚀🚀🚀🚀  These are sooo much better than Star Wars or anything else w...
1357367718169640961,1357367718169640961,Thu Feb 04 16:37:37 +0000 2021,8,107,16,0,0,0,If you’re in an industry based on commodity text production driven by loose  non-deterministic goals (like spam blogs...
1574079520046391296,1574079520046391296,Sun Sep 25 16:52:57 +0000 2022,5,85,8,0,0,0,You either die thinking Good to Great is a good management book  or you live long enough to learn it’s not. https://t...
1356687680839409665,1356687680839409665,Tue Feb 02 19:35:23 +0000 2021,5,39,2,0,0,0,Good thread. I have no idea why people don't recognize there are serious risks. Signs/examples are all around. https:...
1356681819886813185,1356681819886813185,Tue Feb 02 19:12:06 +0000 2021,15,39,7,0,0,0,stacks are eating the world
1356390993390493696,1356390993390493696,Mon Feb 01 23:56:28 +0000 2021,42,79,17,0,0,0,I’m in two minds about this Atlantic article urging a less urgent attitude on climate. https://t.co/n5pebwpplP
1356368862581719041,1356368862581719041,Mon Feb 01 22:28:31 +0000 2021,14,18,0,0,0,0,Okay  I nerdsniped myself with this random side thought in my thread earlier about bearing witness to homelessness of...
1356333642834796544,1356333642834796544,Mon Feb 01 20:08:34 +0000 2021,6,22,4,0,0,0,There's this line that sufficiently advanced technology is indistinguishable from nature (iirc Karl Schroeder spin on...
1356011401458851841,1356011401458851841,Sun Jan 31 22:48:06 +0000 2021,26,41,5,0,0,0,Imagine a homeless person who's clearly not all there  sitting muttering on the sidewalk in the middle of what looks ...
1355982829390155780,1355982829390155780,Sun Jan 31 20:54:34 +0000 2021,5,18,0,0,0,0,this needs a venn diagram “I don't know half of you half as well as I should like; and I like less than half of you h...
1574057099406897152,1574057099406897152,Sun Sep 25 15:23:51 +0000 2022,14,136,8,0,0,0,Interesting as a strong leadership belief in a good leader. He’s right it’s a sign of dysfunction in a good  centrali...
1355616950055931910,1355616950055931910,Sat Jan 30 20:40:41 +0000 2021,39,138,16,0,0,0,It's kinda interesting how stories that turn into cult classic landmarks (as opposed to critical darlings)  they tend...
1355741145876193285,1355741145876193285,Sun Jan 31 04:54:12 +0000 2021,4,96,2,0,0,0,45-60 is like a dead zone for talking about important things. You can shut up and try to *do* important things but yo...
1355032207291604994,1355032207291604994,Fri Jan 29 05:57:08 +0000 2021,8,77,3,0,0,0,Do you have a surplus resources project? As in  if you happen to have extra time/money/energy that’s where it will go...
1355405860449579011,1355405860449579011,Sat Jan 30 06:41:54 +0000 2021,13,297,30,0,0,0,Quarantine is too scripted. No serendipity. Twitter and zoom and discord are fine but just not as surprising or detai...
1573123261722165248,1573123261722165248,Fri Sep 23 01:33:07 +0000 2022,11,23,1,0,0,0,Watching random TV show and TIL there’s a Mariamman temple in Bangkok that does a big navratri celebration and almost...
1355052214948040706,1355052214948040706,Fri Jan 29 07:16:38 +0000 2021,4,38,3,0,0,0,Reading this book on Iain M. Banks and Culture novels. Banks appears to have been seriously gonzo. Heavy drinker  spe...
1354988992559677445,1354988992559677445,Fri Jan 29 03:05:24 +0000 2021,7,77,15,0,0,0,I do believe certain elites may have mistaken the casting out of Trump for validation of whatever tawdry alternative ...
1354461861689737218,1354461861689737218,Wed Jan 27 16:10:47 +0000 2021,5,45,2,0,0,0,I don’t actually have a good handle on the main diffs between Gibsonian and Stephensonian futures. I’ve read 1 G and ...
1354311570742861825,1354311570742861825,Wed Jan 27 06:13:35 +0000 2021,4,15,0,0,0,0,Gave up on Perdido Street Station and switched to The City and the City. Better but not sure I’ll be able to get thro...
1354238949489659906,1354238949489659906,Wed Jan 27 01:25:00 +0000 2021,10,31,3,0,0,0,For those who need extra lulz  https://t.co/6MARgmfwXD
1572942510959521794,1572942510959521794,Thu Sep 22 13:34:53 +0000 2022,6,24,0,0,0,0,A bit misleading. The IIT system expanded 4x during this period. Article says 2% of 10 000 from 23 campuses. In my gr...
1572844716219330560,1572844716219330560,Thu Sep 22 07:06:17 +0000 2022,4,64,10,0,0,0,We seem to expect efficient and optimal things to look low-entropy. Ie symmetric and orderly. This is only true in de...
1572829002070634497,1572829002070634497,Thu Sep 22 06:03:50 +0000 2022,5,20,3,0,0,0,I’m trying to recall a recentish (last few decades) result from geometry where the closest packing or tesselation of ...
1353875017692377088,1353875017692377088,Tue Jan 26 01:18:52 +0000 2021,5,141,4,0,0,0,A hidden peril of being stuck indoors too much is lack of sensory leakage. Unexpected sights  smells  tastes  noises ...
1262435480206839825,1262435480206839825,Mon May 18 17:30:48 +0000 2020,5,30,4,0,0,0,I haven't truly wasted any time in the last 3 months. This is why abundance/waste has been on my mind for a while. Ti...
1353476345691475968,1353476345691475968,Sun Jan 24 22:54:41 +0000 2021,18,68,1,0,0,0,When everybody around you is changing direction  it can feel like you are.
1353408513532252161,1353408513532252161,Sun Jan 24 18:25:09 +0000 2021,6,233,5,0,0,0,Does anybody feel like they’re actually good at maintenance? As in  healthy attitude  motivation  good dopamine loops...
1353205566462550017,1353205566462550017,Sun Jan 24 04:58:43 +0000 2021,10,39,2,0,0,0,My favorite characters are deft impressionist sketches that are archetypes bordering on caricatures. Cartoons basical...
1353019056350089216,1353019056350089216,Sat Jan 23 16:37:35 +0000 2021,4,44,3,0,0,0,A question I like to ask is: if nobody does anything differently in a short-term-stable situation  who gets stronger ...
1352436183607861251,1352436183607861251,Fri Jan 22 02:01:27 +0000 2021,4,150,21,0,0,0,The lurid ugliness of Q epistemology is obscured by its fantastical dissociative nature. These are people who fantasi...
1339604649637105670,1339604649637105670,Thu Dec 17 16:13:31 +0000 2020,16,251,10,0,0,0,Finished Iain M. Banks’ Matter last night. Probably my favorite display of writing virtuosity so far. The sheer amoun...
1351957292762103808,1351957292762103808,Wed Jan 20 18:18:31 +0000 2021,24,46,10,0,0,0,ok I’ll let myself watch a little bit of daytime soap opera Inauguration
1343975213424250881,1343975213424250881,Tue Dec 29 17:40:35 +0000 2020,26,126,10,0,0,0,Overactive cheater detection is at the root of a lot of societal problems. It’s not that people are dumb when acting ...
1351762381743898625,1351762381743898625,Wed Jan 20 05:24:00 +0000 2021,14,131,7,0,0,0,4 years of a slumlord president for the most powerful nation and the planet basically got down-zoned from premium-med...
1572524858487242752,1572524858487242752,Wed Sep 21 09:55:17 +0000 2022,19,42,3,0,0,0,I have spent zero time on the urbit-dimes-square nexus thing  but it does seem to be "imperceptibly present" in the w...
1351267491058573313,1351267491058573313,Mon Jan 18 20:37:29 +0000 2021,4,25,1,0,0,0,You  a civilized person  using "reinventing the wheel" as a metaphor.  Me  just crawling up to the starting line of h...
1350910185628319744,1350910185628319744,Sun Jan 17 20:57:41 +0000 2021,13,11,1,0,0,0,I’m guessing these responses really reflect people’s weighted averages (age*current average effort fraction) though I...
1350869448194879488,1350869448194879488,Sun Jan 17 18:15:49 +0000 2021,10,67,4,0,0,0,social media use really calls for something closer to a driver's license than terms of service... most apparent bad b...
1350873274125742080,1350873274125742080,Sun Jan 17 18:31:01 +0000 2021,6,7,1,0,0,0,Presidential clemency/pardons is a fascinating phenomenon. Trump has apparently granted clemency less than any presid...
1350571377502294016,1350571377502294016,Sat Jan 16 22:31:23 +0000 2021,5,25,2,0,0,0,"Massive quantities of weapons have been exchanging hands on public forums and in response to a prospective insurrect...
1350300376205938688,1350300376205938688,Sat Jan 16 04:34:31 +0000 2021,33,425,33,0,0,0,aesthetics seems to be the entry drug of conservatism everywhere in the world 🤔
1350259689599107072,1350259689599107072,Sat Jan 16 01:52:51 +0000 2021,4,41,2,0,0,0,Had a thought that sqrt(n) to n^2 via n is a vastly more important phenomenon than 0 to 1.   sqrt(n) = random walk  n...
1350155122047741953,1350155122047741953,Fri Jan 15 18:57:20 +0000 2021,39,199,20,0,0,0,following a discussion at @yak_collective this morning  I came up with this chart to capture a hypothesis I have that...
1339039499066609665,1339039499066609665,Wed Dec 16 02:47:49 +0000 2020,49,114,6,0,0,0,1/ Ok let’s do this @threadapalooza thing  My topic: jokes and microfictions  I’ll do it as a semantic variant of a 1...
1324124260382568454,1324124260382568454,Wed Nov 04 22:59:59 +0000 2020,38,53,5,0,0,0,This QT is my election livetweet thread. Now that things are winding down into a tight endgame with a cloud of murky ...
1349213177309847552,1349213177309847552,Wed Jan 13 04:34:23 +0000 2021,6,29,2,0,0,0,Watching Ted Lasso after several people recommended. Definitely sweet schmaltzy escapism from like 2012. Doesn’t quit...
1349384778747764736,1349384778747764736,Wed Jan 13 15:56:16 +0000 2021,4,40,5,0,0,0,AWS motion opposing Parler’s temporary restraining order motion lists a bunch of examples of direct threats they’ve b...
1349254599161520132,1349254599161520132,Wed Jan 13 07:18:59 +0000 2021,4,58,2,0,0,0,Is the sea shanty stuff is just a passing fancy or a marker of a deeper mood  definitely comfort food type vibes in a...
1349155919519571971,1349155919519571971,Wed Jan 13 00:46:51 +0000 2021,4,12,0,0,0,0,note to self... do not attempt to make small fasteners out of PLA...  this was an attempted push-fit hinge pin but it...
1348521037072252929,1348521037072252929,Mon Jan 11 06:44:04 +0000 2021,4,17,1,0,0,0,The Spot dog robot from Boston dynamics costs ~$70 000 (base  no payload) and is marketed for inspection work. 🤔
1572217871803256832,1572217871803256832,Tue Sep 20 13:35:25 +0000 2022,35,270,31,0,0,0,Bureaucracy at its best is the art of ensuring work never flows backwards  in a system where nobody can see very far ...
1348363207514103809,1348363207514103809,Sun Jan 10 20:16:54 +0000 2021,10,16,1,0,0,0,MMC: Mansions  Mobilitarianism  Caves of Steel.  This world could really work  and what's more  would make a great ne...
1348317020366860291,1348317020366860291,Sun Jan 10 17:13:22 +0000 2021,5,17,2,0,0,0,There’s an other-moral-minds effect  where you’ll never buy any public moral posture that’s stronger than the weakest...
1348056790131372034,1348056790131372034,Sat Jan 09 23:59:19 +0000 2021,5,41,3,0,0,0,I suspect trying to apply industrial-era antitrust and common carrier ideas to internet tech will break the idea of a...
1348042166963032065,1348042166963032065,Sat Jan 09 23:01:12 +0000 2021,11,45,3,0,0,0,How come Quillette hasn’t stepped into the breach by standing up a Parler-lite 🤔  It’s like this is a heaven-sent opp...
1347945494404743168,1347945494404743168,Sat Jan 09 16:37:04 +0000 2021,13,64,6,0,0,0,In the spring  a young man’s fancy turns lightly to thoughts of gentle fervor and quiet convictions :) https://t.co/7...
1347723286973607936,1347723286973607936,Sat Jan 09 01:54:05 +0000 2021,5,689,116,0,0,0,tech acting only when it is both politically safe to do so  and unsafe not to  due to election results  shows weaknes...
1347395060761956352,1347395060761956352,Fri Jan 08 04:09:50 +0000 2021,5,38,2,0,0,0,While I’m enjoying the realism of The Expanse  I’ll admit I miss “shields down to 60%” and “warp core offline” campyt...
1347251946424463360,1347251946424463360,Thu Jan 07 18:41:09 +0000 2021,10,141,6,0,0,0,When obviously intelligent people seem to spend every last ounce of their advantages to further boringly legible self...
1347225989017788419,1347225989017788419,Thu Jan 07 16:58:00 +0000 2021,25,87,9,0,0,0,Claiming all benefit of doubt around uncertain events for yourself seems to me to be the original sin in a complex wo...
1346936004322631685,1346936004322631685,Wed Jan 06 21:45:42 +0000 2021,6,296,32,0,0,0,Prediction: Neither Trump  nor his death-cult will suffer any consequences for this. They’ll retreat and turn into a ...
1346172459767062528,1346172459767062528,Mon Jan 04 19:11:39 +0000 2021,5,487,61,0,0,0,Lately there’s been a gradual uptick in young(er) people asking me for “advice” and a steady decline in my energy to ...
1346690700356640768,1346690700356640768,Wed Jan 06 05:30:57 +0000 2021,5,52,3,0,0,0,I’ll expect a small market crash in Q1. With senate control  and possible confirmations for Bernie-left people in key...
1346600353177825282,1346600353177825282,Tue Jan 05 23:31:57 +0000 2021,11,17,1,0,0,0,There is something exhausting/deadening about Robert McKee’s storytelling material. It discourages rather than encour...
1346527936921313281,1346527936921313281,Tue Jan 05 18:44:12 +0000 2021,4,28,1,0,0,0,New norms vs new rules arms race  Examples:   New norm: no need for college degree to work in tech  New rule: free co...
1346343553329287168,1346343553329287168,Tue Jan 05 06:31:31 +0000 2021,6,6,0,1,1,0,@harmonylion1 Now you just sound randomly conspiratorial. Institutions aren’t monolithic actors. You can still pick u...
1346324137409581057,1346324137409581057,Tue Jan 05 05:14:22 +0000 2021,12,136,25,0,0,0,The conclusion to draw from 4 years of post-truth is that the crackpots are occasionally right  people with axes to g...
1346317280653656065,1346317280653656065,Tue Jan 05 04:47:07 +0000 2021,4,51,3,0,0,0,Yikes. We’ll probably never know for sure  but looks like the lab-accident theory is not crackpottery. https://t.co/O...
1346211373332664320,1346211373332664320,Mon Jan 04 21:46:17 +0000 2021,10,43,5,0,0,0,There are no maps for 2021. Use SLAM algorithm to navigate.  https://t.co/jqUhMNNvSn
1346200987753594880,1346200987753594880,Mon Jan 04 21:05:01 +0000 2021,11,21,3,0,0,0,Irrecoverable mistakes don’t turn into failures until they suppress early recognition of someone succeeding where you...
1345995491054473217,1345995491054473217,Mon Jan 04 07:28:27 +0000 2021,5,63,0,0,0,0,Oh hey I hit 40k followers 🧐
1345882589735763968,1345882589735763968,Sun Jan 03 23:59:49 +0000 2021,10,191,14,0,0,0,zugzwangxiety: state of knowing you have to make a move  that it will certainly make your life worse in the short ter...
1345813732048310272,1345813732048310272,Sun Jan 03 19:26:12 +0000 2021,9,76,4,0,0,0,As these things go  the bean-can dad thing is one of the better outrage cycles  suited to the more discerning kind of...
1345773148596146178,1345773148596146178,Sun Jan 03 16:44:56 +0000 2021,25,100,11,0,0,0,Both this thread and the outraged response threads are... something. https://t.co/Dk7nMAmDI3
1345247607669473280,1345247607669473280,Sat Jan 02 05:56:37 +0000 2021,12,23,0,0,0,0,Karate Kid S3 off to a great start. Daniel and Johnny actually make a great buddy-noncop team. Interesting chemistry ...
1345466548496920576,1345466548496920576,Sat Jan 02 20:26:37 +0000 2021,5,139,13,0,0,0,A good definition of spirituality might be: the way in which you’re sensitive to unsystematized realities.
1345398966410625025,1345398966410625025,Sat Jan 02 15:58:04 +0000 2021,29,148,7,0,0,0,Reading my own old writing from 10+ years ago is rarely pleasant. It’s not that the ideas and techniques are worse/em...
1344454191054430208,1344454191054430208,Thu Dec 31 01:23:52 +0000 2020,4,54,1,0,0,0,Finally managed to get into The Expanse on the fourth attempt. Wonder why it took me so many tries. I think because t...
1344414044027981825,1344414044027981825,Wed Dec 30 22:44:20 +0000 2020,41,130,12,0,0,0,If you write fiction  you have to choose names for characters and places even if they are not critical to the story. ...
1572135996342534145,1572135996342534145,Tue Sep 20 08:10:05 +0000 2022,11,27,0,0,0,0,After a personal visit to the local SBI branch and a couple of hours ooga-booga with SMS and email OTPs on janky data...
1343956309654216707,1343956309654216707,Tue Dec 29 16:25:28 +0000 2020,11,56,23,0,0,0,LA is going to be a disaster area by the end of January. This slow-motion train wreck. https://t.co/ciBPl8SiPn
1342569089051500544,1342569089051500544,Fri Dec 25 20:33:09 +0000 2020,5,43,4,0,0,0,I increasingly think of substack as an experiment in progressive taxation. It’s hard to justify ceding 10% except as ...
1571743629584244737,1571743629584244737,Mon Sep 19 06:10:57 +0000 2022,5,141,20,0,0,0,Once you’ve discovered you’re a Good Person™ you no longer have to justify your premises  criticisms  or mission. You...
1340109674276777991,1340109674276777991,Sat Dec 19 01:40:19 +0000 2020,10,77,5,0,0,0,much excite... first shot of Jupiter and Saturn together as they near conjunction on the 22nd.... I hope Tuesday is c...
1341099812687466496,1341099812687466496,Mon Dec 21 19:14:46 +0000 2020,64,305,41,0,0,0,wish there was a way to see financial damage the way you can see maps of forest fires or bomb damage from wars... cov...
1341062830024343553,1341062830024343553,Mon Dec 21 16:47:49 +0000 2020,4,36,0,0,0,0,Just turned on coffee machine without putting a cup under the spout first 😖  Happens every 100-200 cups  so 1-2 times...
1339668398645497856,1339668398645497856,Thu Dec 17 20:26:50 +0000 2020,5,24,3,0,0,0,Book reading is one of the most intentional things I do  as in I usually read to develop a certain aspect of my curre...
1571692252103344128,1571692252103344128,Mon Sep 19 02:46:48 +0000 2022,24,90,4,0,0,0,What do you call a newsletter writer? "Blogger" seems wrong even though the sector is trying to kill/substitute blogs...
1338215386416701441,1338215386416701441,Sun Dec 13 20:13:05 +0000 2020,16,33,3,0,0,0,AI personhood would be nice  but is a sideshow. What we need is data model personhood.   Which is kinda the same as i...
1337436334374309888,1337436334374309888,Fri Dec 11 16:37:25 +0000 2020,9,35,1,0,0,0,The replies are fascinatingly deeply engaged with the topic. There’s no bigger modern religion than personal fitness/...
1336343706194984973,1336343706194984973,Tue Dec 08 16:15:42 +0000 2020,52,69,12,0,0,0,Government beyond neighborhood scale is 90% corner cases. Defaults need low governance. Eg. If everybody drove carefu...
1335785015800557570,1335785015800557570,Mon Dec 07 03:15:40 +0000 2020,16,36,2,0,0,0,Tattooine has Dune sand worms? 🧐  Is this new to the mandalorian?
1330569918371098624,1330569918371098624,Sun Nov 22 17:52:43 +0000 2020,11,38,1,0,0,0,This flippant commitment has proved to be seriously interesting. I need to think it through and take it seriously. ht...
1336084647592128512,1336084647592128512,Mon Dec 07 23:06:17 +0000 2020,20,47,6,0,0,0,you want to move a long heavy table  I want to move a long heavy table  how do we get both wants fulfilled?  some sol...
1335626793370324992,1335626793370324992,Sun Dec 06 16:46:56 +0000 2020,12,47,3,0,0,0,I’d like to see GPT-3 do interpolations. As in  I supply first and last lines of a story  plus maybe a few waypoints ...
1333473709659570176,1333473709659570176,Mon Nov 30 18:11:21 +0000 2020,50,107,13,0,0,0,US history as synecdoche for world history really begins in 1854. Not coincidentally that was peak UK too.  Everythin...
1333291235667107845,1333291235667107845,Mon Nov 30 06:06:16 +0000 2020,4,60,6,0,0,0,Universe owes us a good year soon.
1333207819437260800,1333207819437260800,Mon Nov 30 00:34:48 +0000 2020,10,25,3,0,0,0,There are now fairly detailed reboot models and projections for various industries/organizations (for eg. airlines pr...
1333143547462131714,1333143547462131714,Sun Nov 29 20:19:24 +0000 2020,12,97,8,0,0,0,1. Management by conferences 2. Management by 1:1 meeting 3. Management by walking around  4. Management by slide dec...
1332391683154087937,1332391683154087937,Fri Nov 27 18:31:46 +0000 2020,9,61,8,0,0,0,bibliography management is a dinosaur (bibtex  endnote) designed for dead-tree serialized documents... with online us...
1332100916422402048,1332100916422402048,Thu Nov 26 23:16:22 +0000 2020,7,52,1,0,0,0,Gap between median and outlier payoffs for some activities has a huge range  Making $: making a living vs making bill...
1332064217961095169,1332064217961095169,Thu Nov 26 20:50:32 +0000 2020,31,39,3,0,0,0,You might have heard of Erdos' line that a mathematician is a someone who turns coffee into theorems.  Coffee+pen+pap...
1332043590755782656,1332043590755782656,Thu Nov 26 19:28:34 +0000 2020,7,195,27,0,0,0,262k dead  +2313 yesterday.  If this were actually a price being paid for "freedom" in some real sense  like people t...
1332007001145020421,1332007001145020421,Thu Nov 26 17:03:11 +0000 2020,8,28,1,0,0,0,I read somewhere that in the early Reagan/Thatcher years  business leaders (not just labor) were so used to a regulat...
1331368531275915269,1331368531275915269,Tue Nov 24 22:46:08 +0000 2020,4,110,7,0,0,0,file under "why do I do these things?"  I like this rotated 2x2 format where the quadrants are easy to label but the ...
1571113793606021121,1571113793606021121,Sat Sep 17 12:28:12 +0000 2022,4,31,2,0,0,0,I'd never heard of Adani group until last week. Skyrocketed from nowhere through pandemic and Gautam Adani is now #2 ...
1570744692178046978,1570744692178046978,Fri Sep 16 12:01:32 +0000 2022,15,53,3,0,0,0,They have tofu even in small corner grocery stores in India now. It’s decent extra firm. But the block I just baked a...
1331107486217117696,1331107486217117696,Tue Nov 24 05:28:50 +0000 2020,4,96,7,0,0,0,The people are idiots  but the people who think realizing this makes them smart really dial it up to 11
1330970983138611201,1330970983138611201,Mon Nov 23 20:26:25 +0000 2020,21,80,5,0,0,0,Recently learned that Iain M. Banks always wanted to write scifi but initially had trouble getting his scifi publishe...
1330917074500141057,1330917074500141057,Mon Nov 23 16:52:12 +0000 2020,17,66,2,0,0,0,People really like to have both sides of conversations. You’d think this is a sort of stylized performance element bu...
1330385334786396160,1330385334786396160,Sun Nov 22 05:39:15 +0000 2020,10,60,9,0,0,0,I don’t know how to feel about this 🤔 https://t.co/S6HKdE1eYG
1330303613869158402,1330303613869158402,Sun Nov 22 00:14:32 +0000 2020,5,84,4,0,0,0,Still can’t believe the official Chinese Covid fatalatity statistics of just over 4634. Even if it’s “only” an order ...
1330264008037949441,1330264008037949441,Sat Nov 21 21:37:09 +0000 2020,11,102,10,0,0,0,Fighting as a psychological behavior has almost no relation to fighting as a skill
1330212410448338949,1330212410448338949,Sat Nov 21 18:12:07 +0000 2020,11,68,4,0,0,0,1/6 Sufficiently advanced science is indistinguishable from economics  2/6 Sufficiently institutionalized economics i...
1330197979756630027,1330197979756630027,Sat Nov 21 17:14:46 +0000 2020,4,0,0,1,1,0,@crentsch How could climate modelers incorporate your absorption measurements into macro models? What parameter they ...
1329875894605758464,1329875894605758464,Fri Nov 20 19:54:55 +0000 2020,22,41,7,0,0,0,The Yak Collective @yak_collective has been doing a futures project called Astonishing Stories  led by @SachinB91 and...
1594468686424727553,1594468686424727553,Sun Nov 20 23:12:13 +0000 2022,4,87,0,0,0,0,Okay  going protected tweets…
1594418899587461120,1594418899587461120,Sun Nov 20 19:54:23 +0000 2022,9,98,8,0,0,0,Good thread. Obvious unless woke derangement syndrome is blinding you. For all its elitist faults  bluecheck-nobility...
1329860677096247297,1329860677096247297,Fri Nov 20 18:54:27 +0000 2020,4,12,1,0,0,0,Poll: Have you heard of Dalton’s law and the principle of partial pressure? If so  where/when did you learn it?
1329613755299233792,1329613755299233792,Fri Nov 20 02:33:16 +0000 2020,5,79,9,0,0,0,What Trump is up to is some true 4th world shit. Worse than third world because when first worlds fall  they fall bel...
1329573920463175680,1329573920463175680,Thu Nov 19 23:54:59 +0000 2020,6,56,1,0,0,0,Feeling unreasonably cheerful because I’ve made a tiny start towards starting a personal space program 😎
1328823056916127744,1328823056916127744,Tue Nov 17 22:11:19 +0000 2020,4,63,4,0,0,0,When you don’t solve problems they just go away  which is kinda a nice feature of the universe
1328789670570848258,1328789670570848258,Tue Nov 17 19:58:39 +0000 2020,40,93,2,0,0,0,bluecheck invasion ruining substack a bit 😬
1328733485306036226,1328733485306036226,Tue Nov 17 16:15:24 +0000 2020,4,70,2,0,0,0,Anyone actually enjoy the zoom-conference circuit? I’ve pretty much entirely avoided it. I’ve realized that to the li...
1328583921299283972,1328583921299283972,Tue Nov 17 06:21:05 +0000 2020,17,61,4,0,0,0,There’s an episode of Star Trek: Voyager (S5E1  “Night”) where they’re crossing a vast void with no stars visible bec...
1328572145534898179,1328572145534898179,Tue Nov 17 05:34:17 +0000 2020,4,26,1,0,0,0,I’m getting good enough at spotting very precise tropes now so I spoil tv shows for myself. 😖
1259364922955198464,1259364922955198464,Sun May 10 06:09:30 +0000 2020,4,224,27,0,0,0,Always reinvent the wheel when you can afford to. Otherwis Wheelism people will come at you with tedious demands to c...
1570599113527554049,1570599113527554049,Fri Sep 16 02:23:03 +0000 2022,5,30,2,0,0,0,Neat little refactor by @kneelingbus   Is the proliferation of niches online a case of a slums developing around top-...
1328500343630487552,1328500343630487552,Tue Nov 17 00:48:58 +0000 2020,8,65,0,0,0,0,Ok I’m not starting any more projects. At least not top-level projects. From now on I’m only finishing projects or ki...
1328179352962428928,1328179352962428928,Mon Nov 16 03:33:28 +0000 2020,6,374,53,0,0,0,“It is 2020. 250k are dead from a raging pandemic; a private space company is launching crewed missions NASA can’t. A...
1328115334407065600,1328115334407065600,Sun Nov 15 23:19:05 +0000 2020,6,51,1,0,0,0,brrrcore: the thing that goes brrr  assuming it exists  when you remove deadening constraints  complexity  ornamentat...
1317664269459103744,1317664269459103744,Sun Oct 18 03:10:17 +0000 2020,5,19,1,0,0,0,New meta thread of some of my more interesting prompts   1. Clockless clocks https://t.co/omHBWflUBi
1569953422769799168,1569953422769799168,Wed Sep 14 07:37:18 +0000 2022,13,207,7,0,0,0,First train journey in India in 25y. I’d forgotten how much fun it is to hang out by open doors on moving trains. htt...
1327725870983745537,1327725870983745537,Sat Nov 14 21:31:30 +0000 2020,7,0,0,1,1,0,@Grow_Wiser I think that is very situation dependent  and if help is indeed asked for later  that is a separate event...
1327651359382913024,1327651359382913024,Sat Nov 14 16:35:25 +0000 2020,28,122,9,0,0,0,This is what in the tech-managerial world is usually called the “commoditize your complement” strategy. The farmers i...
1327438160578547713,1327438160578547713,Sat Nov 14 02:28:14 +0000 2020,4,12,1,0,0,0,Life huh https://t.co/gF6BGOQQY9
1327389898848968705,1327389898848968705,Fri Nov 13 23:16:28 +0000 2020,4,24,1,0,0,0,V3. What is possible depends on who you’re willing to leave behind. https://t.co/qySiuqA5kL
1326956826810703872,1326956826810703872,Thu Nov 12 18:35:35 +0000 2020,4,1,0,1,1,0,@doriantaylor @Aelkus 10 cashier jobs at $15/hr replaced by 1 attendant job at $20/hr  0.1 maintenance-guy job at $50...
1326587808002306054,1326587808002306054,Wed Nov 11 18:09:14 +0000 2020,27,91,9,0,0,0,Reluctantly concluding that entire SW US (SoCal  Nevada  AZ... western US sunbelt) has more than its share of grifter...
1326352943566606338,1326352943566606338,Wed Nov 11 02:35:58 +0000 2020,18,227,26,0,0,0,These military/intelligence purges are worrying  Feels like people are way too complacent and keep-calm-and-carry-on ...
1569590408648474627,1569590408648474627,Tue Sep 13 07:34:49 +0000 2022,5,67,7,0,0,0,Human mutuality and entanglement are way undertheorized. Your accessible individual state is an illusion constructed ...
1569538948824993792,1569538948824993792,Tue Sep 13 04:10:20 +0000 2022,6,30,3,0,0,0,Got curious about something: which organism has the lowest water content under normal living conditions? (excluding t...
1569517881192488960,1569517881192488960,Tue Sep 13 02:46:37 +0000 2022,9,29,2,0,0,0,Only time I read paper newspapers now is when I’m in India. First thing that caught my eye was the kerfuffle around s...
1326205087736164353,1326205087736164353,Tue Nov 10 16:48:27 +0000 2020,10,130,9,0,0,0,I’ve noticed a product development ethos creep into writing in the last few years. Essays that are “produced” like a ...
1325938441675157504,1325938441675157504,Mon Nov 09 23:08:53 +0000 2020,23,74,5,0,0,0,We need a “In a world... one man” parody trailer about McConnell.
1325934791414345729,1325934791414345729,Mon Nov 09 22:54:23 +0000 2020,4,4,0,0,0,0,Failed vase print with supports of a pottery stamp https://t.co/IGohASf69b
1325600111502585857,1325600111502585857,Mon Nov 09 00:44:29 +0000 2020,16,105,8,0,0,0,Dunning-Kruger asymmetry. The less confident  more doubtful must always work to understand the ones more sure of them...
1325485672677867520,1325485672677867520,Sun Nov 08 17:09:45 +0000 2020,4,78,8,0,0,0,Hypothesis: The virtual geography of the vote was exactly the reverse of the physical geography. Digital countryside ...
1569355331284922368,1569355331284922368,Mon Sep 12 16:00:42 +0000 2022,5,36,1,0,0,0,kinda sucks that space flight is still basically dangerous... we're so used to air travel being safer than driving we...
1324581069966897155,1324581069966897155,Fri Nov 06 05:15:11 +0000 2020,89,119,8,0,0,0,Where are the tiktok witches when you need them for spiritual counter strikes? https://t.co/6KnUetoIy7
1324840262233849856,1324840262233849856,Fri Nov 06 22:25:07 +0000 2020,4,1,0,1,1,0,@MikeWamungu That may be a bias of yours being involved in dance/music/fashion. In LA/music/Hollywood  being part of ...
1324836724954947584,1324836724954947584,Fri Nov 06 22:11:04 +0000 2020,4,1,0,1,1,0,@MikeWamungu Hmm. Not sure. Running shoulders is not a sign of acceptance. Trump is a prop. A picture with him is not...
1569315193343311872,1569315193343311872,Mon Sep 12 13:21:13 +0000 2022,7,67,2,0,0,0,my parents' lifestyle has such a strong "retired" vibe now they're in their 80s  it's hard to think of more lively ac...
1323779406750314496,1323779406750314496,Wed Nov 04 00:09:39 +0000 2020,230,188,35,0,0,0,And... we’re off. Indiana called for Trump. Doomscrollers  start your engines.
1324499379936395264,1324499379936395264,Thu Nov 05 23:50:34 +0000 2020,5,53,1,0,0,0,There is something about Turkey 🤔  Can’t be an accident that Turkey is the origin of ‘byzantine’ as an adjective  and...
1569226879399501824,1569226879399501824,Mon Sep 12 07:30:17 +0000 2022,10,205,12,0,0,0,Feels like in India you can’t get anything done online without a local permanent mobile number that can receive OTPs....
1323745551758757889,1323745551758757889,Tue Nov 03 21:55:08 +0000 2020,7,135,18,0,0,0,Dunno how I didn’t notice this before... Biden is the clear choice of us mediocre mediocre types. Trump is for those ...
1323665745260154880,1323665745260154880,Tue Nov 03 16:38:00 +0000 2020,4,91,2,0,0,0,Whatever happens  I intend to subject you all to excruciating lessons-learned analysis.
1323412930440781824,1323412930440781824,Mon Nov 02 23:53:25 +0000 2020,26,138,14,0,0,0,Attempts to humanize Trump supporters with sympathetic portrayals (sad story of farmer etc etc) remind me of the desc...
1323042973370650624,1323042973370650624,Sun Nov 01 23:23:20 +0000 2020,4,52,4,0,0,0,Command hooks are eating the world.   It’s the tradwife attack on the built environment https://t.co/KEmRfc8kY1
1322934629351911432,1322934629351911432,Sun Nov 01 16:12:49 +0000 2020,10,97,8,0,0,0,Whatever happens on Tuesday  I think I’m going to be significantly more anarchist in my politics afterwards 🤔  https:...
1310769794665177088,1310769794665177088,Tue Sep 29 02:34:06 +0000 2020,4,27,0,0,0,0,Starting a thread of my most annoying one-liners  selected for smugness and self-satisfaction 😎 https://t.co/b98RLHT1Fv
1322666563107917824,1322666563107917824,Sat Oct 31 22:27:37 +0000 2020,26,65,8,0,0,0,You can comfortably shake hands with anyone between 0.5x to 2x your height  but beyond that  it starts to get tricky....
1569106794584375296,1569106794584375296,Sun Sep 11 23:33:07 +0000 2022,4,12,0,0,0,0,Up since 4am today instead of 3am 😐
1322646576846704641,1322646576846704641,Sat Oct 31 21:08:12 +0000 2020,6,26,1,0,0,0,What’s the right standard of evidence for a claim like this if made by a neutral disinterested party  and what would ...
1322368106266730498,1322368106266730498,Sat Oct 31 02:41:39 +0000 2020,10,112,5,0,0,0,Is it just me or are performance laptops being killed by neglect between Apple and Microsoft? 🤔  Nobody seems to need...
1322421870814134272,1322421870814134272,Sat Oct 31 06:15:18 +0000 2020,5,29,2,0,0,0,What did people do before tv? Watch the boring lives of neighbors? 🤔
1322252694371803136,1322252694371803136,Fri Oct 30 19:03:03 +0000 2020,13,40,3,0,0,0,This looks like a basic hit job on Jeremy 🧐 https://t.co/15N8dibKVh
1322242466850897922,1322242466850897922,Fri Oct 30 18:22:24 +0000 2020,5,2,0,0,0,0,So did 4 polls this morning (still open as of this tweet) related to stuff I’m thinking about. Let’s thread-up the br...
1315139668967526403,1315139668967526403,Sun Oct 11 03:58:25 +0000 2020,15,79,3,0,0,0,Schitt’s Creek is growing on me
1321964169214636032,1321964169214636032,Thu Oct 29 23:56:33 +0000 2020,40,53,7,0,0,0,Leaks and whistleblower accounts of stuff with unclear provenance and a cloud of doubt relating to intelligence agenc...
1321894786761068544,1321894786761068544,Thu Oct 29 19:20:51 +0000 2020,8,41,4,0,0,0,A space program is the rare kind of organization that can have an organic goal of its own. It’s not an abstract tool ...
1321835607845343233,1321835607845343233,Thu Oct 29 15:25:42 +0000 2020,5,36,0,0,0,0,Damn I’ve never been that pumped up about anything https://t.co/HX6jgLAtiO
1591936530196885504,1591936530196885504,Sun Nov 13 23:30:20 +0000 2022,4,43,1,0,0,0,Once there was an extremely altruistic massive young star that dreamed of being the youngest supernova ever  in order...
1591898490028060675,1591898490028060675,Sun Nov 13 20:59:10 +0000 2022,6,134,6,0,0,0,Based on track record  Elon’s engineering intuitions are probably:  A+ on physics/MechE/metallurgy/ops A on ChemE  ma...
1568769969974046721,1568769969974046721,Sun Sep 11 01:14:41 +0000 2022,25,439,57,0,0,0,The more I pay attention to how religious people live  the less I’m able to distinguish it from fandoms+larps
1321649691692396545,1321649691692396545,Thu Oct 29 03:06:56 +0000 2020,4,71,0,0,0,0,Things on my mind  iain m. banks culture world taco bell mexican pizza schitt’s creek ooda loops tucker carlson losin...
1321577984499703815,1321577984499703815,Wed Oct 28 22:21:59 +0000 2020,7,38,1,0,0,0,Jurassic Park but for discontinued commercial fast foods and processed crap.
1319053159579348992,1319053159579348992,Wed Oct 21 23:09:14 +0000 2020,9,52,8,0,0,0,Defining the idea of a “hobby” is surprisingly hard  For example you might think low risk is part of it but many hobb...
1320940797588430849,1320940797588430849,Tue Oct 27 04:10:02 +0000 2020,4,21,0,0,0,0,Feel like I should turn hedgehog for act 2  except I can’t pick one big thing to hedgehog-out over. So many choices. ...
1320461488495054848,1320461488495054848,Sun Oct 25 20:25:26 +0000 2020,12,190,21,0,0,0,Damn  hadn’t read this. This is basically C. S. Lewis 1944 edition of my Gervais principle  but with reco that you as...
1320536495862673409,1320536495862673409,Mon Oct 26 01:23:29 +0000 2020,5,17,0,0,0,0,The word “grow” when applied to non-living things means grow in size  encompassing more atoms.  With embodied living ...
1320180097169592320,1320180097169592320,Sun Oct 25 01:47:17 +0000 2020,4,22,2,0,0,0,In appeals to Dunning-Kruger  people seem to assume that the effect is transient and as you learn more your real conf...
1319872276674736129,1319872276674736129,Sat Oct 24 05:24:07 +0000 2020,5,119,4,0,0,0,Ever notice if you’re woken up suddenly it’s not how long you’ve slept but the sleep cycle stage you were in when wok...
1319819179491381248,1319819179491381248,Sat Oct 24 01:53:08 +0000 2020,24,214,22,0,0,0,long-term thinking makes people unhappy because it almost necessarily means they’re thinking about big problems  the ...
1319743745319817216,1319743745319817216,Fri Oct 23 20:53:23 +0000 2020,4,17,0,0,0,0,Biden and Trump futures seem kinda the same not because there’s a symmetry (there isn’t)  but because both are manife...
1319715229199069185,1319715229199069185,Fri Oct 23 19:00:04 +0000 2020,4,23,1,0,0,0,McConnell's hands remind me of @bruces example of Steve Jobs with his terminal illness as an example of gothic high t...
1318803150657126400,1318803150657126400,Wed Oct 21 06:35:47 +0000 2020,13,64,7,0,0,0,The search phrase “inner work” brings up an entire genre of hustle porn that’s not about startups/entrepreneurship.  ...
1568616249529368582,1568616249529368582,Sat Sep 10 15:03:52 +0000 2022,8,222,12,0,0,0,Every time I visit India  my parents are watching a new Tamil soap that looks exactly the same as the previous one af...
1318669496656093184,1318669496656093184,Tue Oct 20 21:44:42 +0000 2020,9,59,3,0,0,0,Local Man Believes He Has Discovered a New Kind of Pill but Cannot Find an Unused Color
1318659238755934208,1318659238755934208,Tue Oct 20 21:03:56 +0000 2020,5,12,1,0,0,0,There’s an effect where faced with a high-dim reality  you make more progress by removing dimensions from models than...
1318633631095549952,1318633631095549952,Tue Oct 20 19:22:11 +0000 2020,5,33,2,0,0,0,Orwell-pilled: when you can see your former 1984-ish condition  Huxley-pilled: when you can see your former Brave New...
1318580581723090947,1318580581723090947,Tue Oct 20 15:51:23 +0000 2020,8,23,1,0,0,0,Searching on the phrase ‘fireside chat’ reveals a river of depressing banality going on in the world.  https://t.co/R...
1318347960325873664,1318347960325873664,Tue Oct 20 00:27:02 +0000 2020,6,51,5,0,0,0,Serious question  What’s the material difference between institutionalized forms of prayer vs magical incantations an...
1318267035822874624,1318267035822874624,Mon Oct 19 19:05:28 +0000 2020,16,243,19,0,0,0,I do have double standards  and it doesn’t bother me 🤔  One standard for people I think are acting in good faith  one...
1246565978021842944,1246565978021842944,Sat Apr 04 22:31:03 +0000 2020,8,109,20,0,0,0,Pandemic live-reads meta-thread. I have reasons I’m reading these right now and finding them useful for current heads...
1304939108330954753,1304939108330954753,Sun Sep 13 00:25:02 +0000 2020,189,162,19,0,0,0,Next pandemic live-read. Pale Rider  by Laura Spinney  about the Spanish Flu. I'm relentless. https://t.co/nEN5gtNq2R
1318053089178386433,1318053089178386433,Mon Oct 19 04:55:19 +0000 2020,11,155,7,0,0,0,Philosophical interestingness ranking of sci-fi universes (in terms of meaningfulness  complexity  intelligibility......
1568532414926036992,1568532414926036992,Sat Sep 10 09:30:44 +0000 2022,5,23,1,0,0,0,Jet lag gets worse every year 😐
1317930354053849090,1317930354053849090,Sun Oct 18 20:47:37 +0000 2020,18,108,12,0,0,0,Trying to get some stuff straight.   - There are 200 types of common cold viruses.   - 10-40% colds are caused by rhi...
1317660135053946883,1317660135053946883,Sun Oct 18 02:53:51 +0000 2020,14,94,7,0,0,0,critical thinking is so over-rated
1317587832941076483,1317587832941076483,Sat Oct 17 22:06:33 +0000 2020,6,50,1,0,0,0,I like the idea of a barbell for information consumption  but I've never liked the specific barbell that talebians se...
1317294231455559680,1317294231455559680,Sat Oct 17 02:39:53 +0000 2020,4,76,4,0,0,0,Basketball fans: why has 3-point shooting taken over? I’m guessing it’s not that the skill levels went up but that so...
1317240270841278464,1317240270841278464,Fri Oct 16 23:05:28 +0000 2020,6,37,0,0,0,0,“I only write when inspiration strikes. Fortunately it strikes at nine every morning.” — William Faulkner   Inspired ...
1317193254480138240,1317193254480138240,Fri Oct 16 19:58:38 +0000 2020,5,175,11,0,0,0,Your title ≠ Your job ≠ Your work ≠ What you do ≠ Who you are 😖  Kegan’s slippery career slope  1.  I am my title 2. ...
1316985703184687104,1316985703184687104,Fri Oct 16 06:13:54 +0000 2020,4,16,1,0,0,0,I’m slowly sidling into the albedo alteration camp
1316961530945167361,1316961530945167361,Fri Oct 16 04:37:51 +0000 2020,8,13,1,0,0,0,🤔  Now at the useless-shit stage of my day.   Monk would win almost all tournaments except for actual magical cases t...
1316567368198365184,1316567368198365184,Thu Oct 15 02:31:35 +0000 2020,8,20,2,0,0,0,Is there something like a Coase for democratic politics? Firm/market/law/transaction costs/social costs?  Not school ...
1302385904040833024,1302385904040833024,Sat Sep 05 23:19:31 +0000 2020,34,129,5,0,0,0,Finished assembling my clock but it stops after like 5 tick ticks 😖 https://t.co/S6Ul6pJI9U
1316255630462574592,1316255630462574592,Wed Oct 14 05:52:51 +0000 2020,4,88,1,0,0,0,maybe I should start a ribbonfarm subscription box 🤔  box 1:  Unique 3d printed crapject designed and printed by me  ...
1316168198866132992,1316168198866132992,Wed Oct 14 00:05:26 +0000 2020,17,224,23,0,0,0,Prioritization is the communism of attention management 😖  Do or do not. There is no priority.  Once you make a list ...
1316132216292868099,1316132216292868099,Tue Oct 13 21:42:27 +0000 2020,5,35,0,0,0,0,Building a kit clock has given me a real taste for creating life and totally gone to my head. Sometimes I wind it up ...
1316037185468997633,1316037185468997633,Tue Oct 13 15:24:50 +0000 2020,6,27,0,0,0,0,Haven’t been following this but sounds like just as science has Science!™ history now has History!™ to contend with. ...
1568232612103344128,1568232612103344128,Fri Sep 09 13:39:25 +0000 2022,4,104,4,0,0,0,My 80-year-old mom apparently spent part of the pandemic getting back into drawing for the first time since the 50s. ...
1568037799189970947,1568037799189970947,Fri Sep 09 00:45:18 +0000 2022,6,53,2,0,0,0,View from parents’ balcony in Coimbatore vs my balcony in LA. This is basically the difference between India and the ...
1315785832679182336,1315785832679182336,Mon Oct 12 22:46:03 +0000 2020,4,76,6,0,0,0,It's only Monday and this is the bar that's been set for dumbest thing I'll read this week https://t.co/2QZYF5iWQt
1315501854663405568,1315501854663405568,Mon Oct 12 03:57:37 +0000 2020,4,46,7,0,0,0,Accusing opponents of wanting to do what you’ve already done... seems common enough it should already have a name.  P...
1315452817197330432,1315452817197330432,Mon Oct 12 00:42:46 +0000 2020,4,40,1,0,0,0,Spot check. 10 months later. Elite overproduction still going brrr. https://t.co/FUH50DAm9m
1315065905500438528,1315065905500438528,Sat Oct 10 23:05:19 +0000 2020,4,26,2,0,0,0,My snack this afternoon. Doing my bit to keep civilization going. https://t.co/OQjzbsEQI4
1314983875546767362,1314983875546767362,Sat Oct 10 17:39:21 +0000 2020,14,279,20,0,0,0,It really is very hard to care about money past the point it stops being a source of immediate anxiety. People capabl...
1567320947979620352,1567320947979620352,Wed Sep 07 01:16:48 +0000 2022,4,17,1,0,0,0,Anybody hit by blackouts yet? I’m guessing everybody in ca got this ominous alert https://t.co/6NpaI3bnH9
1313980844009119744,1313980844009119744,Wed Oct 07 23:13:40 +0000 2020,6,85,8,0,0,0,People move to places for their best features but move out due to their worst features. How long you stay depends on ...
1313726785759010817,1313726785759010817,Wed Oct 07 06:24:08 +0000 2020,6,13,1,0,0,0,While Penrose is most famous  the other two 2020 Nobel winners  Reinhard Genzel and Andrea Ghez  are equally interest...
1313677696891645953,1313677696891645953,Wed Oct 07 03:09:04 +0000 2020,7,63,2,0,0,0,I’ve never had so many people try to get me to join an app as with clubhouse 🤔  It’s like the app is designed to cata...
1313643054444670977,1313643054444670977,Wed Oct 07 00:51:25 +0000 2020,4,36,2,0,0,0,I’ve never gotten the chunks-in-gravy style alu-gobi (restaurant kind) quite right. I usually make the easier fine-ch...
1313611792715636736,1313611792715636736,Tue Oct 06 22:47:11 +0000 2020,15,70,5,0,0,0,Primal widget: the most powerful piece of technology almost everybody carries almost all the time in a given milieu  ...
1313576849084088321,1313576849084088321,Tue Oct 06 20:28:20 +0000 2020,7,28,1,0,0,0,My first brain either has a hoarding problem or runs a big data strategy (cheaper to store stuff than to figure out w...
1313561518001143808,1313561518001143808,Tue Oct 06 19:27:25 +0000 2020,8,9,1,0,0,0,Are there well known non-frequency-domain compression techniques (lossy or lossless) that exploit information sparsit...
1566936781760606208,1566936781760606208,Mon Sep 05 23:50:15 +0000 2022,4,32,1,0,0,0,Headed to India for a couple of weeks (Coimbatore) tomorrow. First international trip since 2018. Will be transiting ...
1313246720013205504,1313246720013205504,Mon Oct 05 22:36:31 +0000 2020,4,135,24,0,0,0,If you wait for pickaxes to be perfected  the gold rush will be over before you start digging.  If you insist on only...
1313237654931079170,1313237654931079170,Mon Oct 05 22:00:30 +0000 2020,7,29,3,0,0,0,Been thinking that dealing with being a member of the overproduced elite once you recognize that that’s what you are ...
1313214257001979905,1313214257001979905,Mon Oct 05 20:27:31 +0000 2020,4,18,0,0,0,0,Veblen-doer hierarchy  Science is savagery. “Hmm what happens if I eat the apple like the nice snake says?”  Engineer...
1313184643701645312,1313184643701645312,Mon Oct 05 18:29:51 +0000 2020,4,39,3,0,0,0,How would you characterize Muskian futures in ideological terms? (Mars colonization  aggressive climate action  lots ...
1312999254734958594,1312999254734958594,Mon Oct 05 06:13:11 +0000 2020,5,55,2,0,0,0,We live in a world of exhausting social nerdery.  Only a Lost fan could enjoy this reality. Arbitrary social complexi...
1312996012873506816,1312996012873506816,Mon Oct 05 06:00:18 +0000 2020,6,43,1,0,0,0,Everyday I have opinions about fewer and fewer things https://t.co/XoYItihbcN
1312987209629265920,1312987209629265920,Mon Oct 05 05:25:19 +0000 2020,9,15,1,0,0,0,Damn there’s still bits and pieces of colonial detritus strewn about on the world map. “New Caledonia” sounds made up...
1312951896064155648,1312951896064155648,Mon Oct 05 03:05:00 +0000 2020,5,132,4,0,0,0,send examples of elite overproduction
1312606717595676672,1312606717595676672,Sun Oct 04 04:13:23 +0000 2020,7,75,1,0,0,0,Indefinite rewatchability is my revealed top criterion for a TV show to be on my favorites list. Surprisingly  this m...
1312436528073764864,1312436528073764864,Sat Oct 03 16:57:06 +0000 2020,18,80,11,0,0,0,I don’t recall Frankfurt making this point  but bullshit functions as a mechanism to destabilize context. When you ar...
1566487708490379264,1566487708490379264,Sun Sep 04 18:05:48 +0000 2022,4,54,1,0,0,0,Weird day. May be turning the corner out of goblin mode. An important document that I thought was lost turned up  whi...
1312107007583817730,1312107007583817730,Fri Oct 02 19:07:43 +0000 2020,4,196,3,1,1,0,@fortelabs Sorry this is wrong. Every single one of my projects began/begins that way. Also true for many of my frien...
1311814391889756170,1311814391889756170,Thu Oct 01 23:44:58 +0000 2020,10,20,0,0,0,0,Hmm. You could model press conference discourses as a sort of game of taboo. You must answer all questions without us...
1295088861077331968,1295088861077331968,Sun Aug 16 20:03:40 +0000 2020,18,24,2,0,0,0,Most complex superglue surgery in my life. Mending a cracked leg sleeve on a tripod. Had to glue 3 shards (still impe...
1311521104482111493,1311521104482111493,Thu Oct 01 04:19:32 +0000 2020,13,36,4,0,0,0,I once called myself a “business conservative” which used to imply “...and socially liberal” since otherwise you were...
1311431263081824256,1311431263081824256,Wed Sep 30 22:22:32 +0000 2020,19,159,23,0,0,0,There is a certain childishness to wanting leaders to say things  or disambiguate what they said to confirm your wish...
1591888970472132608,1591888970472132608,Sun Nov 13 20:21:21 +0000 2022,4,92,2,0,0,0,Subtle thing: being unsurprised by an outcome is not the same as having predicted the outcome. Not being surprised co...
1566112555407273984,1566112555407273984,Sat Sep 03 17:15:04 +0000 2022,52,82,4,0,0,0,This debate has actual interesting content if you ignore the culture war stakes. With both Foundation and Rings of Po...
1286523087437983744,1286523087437983744,Fri Jul 24 04:46:21 +0000 2020,255,288,32,0,0,0,Next pandemic live read. The Marshall Plan: Dawn of the Cold War by Benn Steil https://t.co/EiruRiu5IG
1311156975602810881,1311156975602810881,Wed Sep 30 04:12:37 +0000 2020,10,133,20,0,0,0,The trick is to not live in a single simulation
1310814244393213954,1310814244393213954,Tue Sep 29 05:30:44 +0000 2020,10,132,11,0,0,0,This was inevitable. It’s already the de facto direction in most companies. Nobody can seriously run an already high-...
1310796110240210949,1310796110240210949,Tue Sep 29 04:18:40 +0000 2020,6,3,0,0,0,0,Huh I seem to have tweeted similar thoughts about Brandon Routh 3 times at 2 years apart: 2015  2017  2019. Something...
1310786309603041282,1310786309603041282,Tue Sep 29 03:39:44 +0000 2020,7,46,2,0,0,0,Feels like I’ve sort of drifted away from Silicon Valley culturally over the last couple of years. 🤔  I still enjoy t...
1310763111272439810,1310763111272439810,Tue Sep 29 02:07:33 +0000 2020,4,19,0,0,0,0,Sarah’s twitter feed is like a insider tvtropes for farming all by itself 😂  Click on any thread and you’ll be sucked...
1310692412537225217,1310692412537225217,Mon Sep 28 21:26:37 +0000 2020,29,122,15,0,0,0,We need a  verb meaning “doing science” in elemental  non-institutional  non-bureaucratic sense. Something like “inve...
1310635395005071360,1310635395005071360,Mon Sep 28 17:40:03 +0000 2020,29,67,5,0,0,0,I can no longer remember what the topline narrative of the NYT was like back in 2014  before the current creeping mix...
1310428547245195266,1310428547245195266,Mon Sep 28 03:58:06 +0000 2020,11,27,0,0,0,0,I have a looooooong way to go but damn this is a worthwhile end-times life mission. I’ll get here eventually. https:/...
1310348468385316864,1310348468385316864,Sun Sep 27 22:39:54 +0000 2020,5,51,3,0,0,0,Interesting to reflect on four years of tragic decline  including decline in the ability to recognize decline.
1310330613119901696,1310330613119901696,Sun Sep 27 21:28:57 +0000 2020,6,35,3,0,0,0,And absolutely nobody is surprised that the presidency is the only source of profit in a sea of red. Lends a whole ne...
1310319190499160065,1310319190499160065,Sun Sep 27 20:43:34 +0000 2020,10,70,7,0,0,0,I’m generally pro-market/capitalist but for different reasons than libertarian idealists who think the market will ma...
1309988191114416128,1309988191114416128,Sat Sep 26 22:48:17 +0000 2020,13,197,35,0,0,0,Observation: psychopaths are often charming/reassuring and can put you at ease in a trusting  vulnerable state.  Hypo...
1310024091554906113,1310024091554906113,Sun Sep 27 01:10:57 +0000 2020,31,72,8,0,0,0,It’s time for a small container standard  one about the size of a car trunk. It needn’t fit in a trunk but median con...
1309997786704703488,1309997786704703488,Sat Sep 26 23:26:25 +0000 2020,5,192,29,0,0,0,The trick is to master the details that allow you to ignore most of the other details
1309735116088815616,1309735116088815616,Sat Sep 26 06:02:40 +0000 2020,6,32,3,0,0,0,Shit. I sometimes forget this shitshow is still unfolding for people in more precarious conditions. https://t.co/pkZ0...
1309700799396683777,1309700799396683777,Sat Sep 26 03:46:18 +0000 2020,9,47,6,0,0,0,Never trust a textualist
1309687429335453697,1309687429335453697,Sat Sep 26 02:53:10 +0000 2020,6,64,4,0,0,0,Just got a bit of a ringside peek at the far-right crazymaking industrial complex  and wow is it crazy. I only saw th...
1309520151977406470,1309520151977406470,Fri Sep 25 15:48:28 +0000 2020,5,48,5,0,0,0,What happened to the VC blogosphere? Seems to have kinda dissolved into the clubhouse conversations  podcasts  and ap...
1309190447374331904,1309190447374331904,Thu Sep 24 17:58:20 +0000 2020,15,220,22,0,0,0,Playing with some of the no-code programmable features of @RoamResearch (pomodoro timer  kanban boards etc) strikes m...
1308931316004663299,1308931316004663299,Thu Sep 24 00:48:39 +0000 2020,4,35,1,0,0,0,Nothing is ever "just" something else.  It's a good joke/insult/mockery template (like the Rick and Morty classic  "t...
1309015751811043331,1309015751811043331,Thu Sep 24 06:24:10 +0000 2020,4,158,2,0,0,0,Getting slowly better at this astrophotography thing. Finally managed to get some Jupiter stripes and a very clear sh...
1565939376474836992,1565939376474836992,Sat Sep 03 05:46:55 +0000 2022,4,36,1,0,0,0,Bah. Pox on snowflake killjoy critics. They’re determined to not enjoy basic  middlebrow fun simply because they don’...
1308883750739116035,1308883750739116035,Wed Sep 23 21:39:38 +0000 2020,5,357,33,0,0,0,One of the advantages of formal education over autodidact is that at some point 10-20 years later you realize you lea...
1308427861506682880,1308427861506682880,Tue Sep 22 15:28:06 +0000 2020,8,12,1,0,0,0,I’ve been trying for years to to adapt the warfare “generations” model to management and I think I finally have the m...
1308281665228169216,1308281665228169216,Tue Sep 22 05:47:10 +0000 2020,7,88,8,0,0,0,Losing just makes people sad and depressed. What really makes people mad is winning but still failing to get what the...
1307835962123194368,1307835962123194368,Mon Sep 21 00:16:06 +0000 2020,5,24,0,0,0,0,Reactjis need better theorizing as a post-verbal media phenomenon. All I can find is lazy listicles like this. https:...
1307846068445478913,1307846068445478913,Mon Sep 21 00:56:15 +0000 2020,9,84,6,0,0,0,If something is worth doing for free  it’s worth doing nerd-out obsessively-compulsively for free.  “Free” implies th...
1307786817517674496,1307786817517674496,Sun Sep 20 21:00:49 +0000 2020,10,53,1,0,0,0,Rewatching Matrix Revolutions. Realizing something has always bothered me. The squid-like machines move like they’re ...
1565920425023979521,1565920425023979521,Sat Sep 03 04:31:37 +0000 2022,4,18,3,0,0,0,If blogs were held to these standards nothing I’ve ever written would ever make it 🤣 https://t.co/2HKn5y4xhA
1565914394206253056,1565914394206253056,Sat Sep 03 04:07:39 +0000 2022,5,25,2,0,0,0,People worry about the wrong AI risks. Somebody should send an AI a Nigerian email scam. https://t.co/WL0u8mBqQa
1307717195019943936,1307717195019943936,Sun Sep 20 16:24:10 +0000 2020,6,6,0,1,1,0,@wesyang Insufficiently containerized
1307568054230872064,1307568054230872064,Sun Sep 20 06:31:32 +0000 2020,11,101,14,0,0,0,The older you are the less time you have  The less time you have the smaller your largest future project  The smaller...
1307517482861617152,1307517482861617152,Sun Sep 20 03:10:35 +0000 2020,6,82,6,0,0,0,Complex systems are sometimes  complex only because the cost of caring about them enough to figure them out is too hi...
1307486898290528257,1307486898290528257,Sun Sep 20 01:09:03 +0000 2020,10,27,2,0,0,0,I wonder why many feel the urge to define a posture and motive  in the Discourse. My one big meta thought is that it’...
1307394459714203648,1307394459714203648,Sat Sep 19 19:01:44 +0000 2020,15,61,14,0,0,0,Reflecting on Marshall Plan  it strikes me that distasteful as it might seem to both sides  Blue America needs to cra...
1307374190291369984,1307374190291369984,Sat Sep 19 17:41:11 +0000 2020,4,111,4,0,0,0,McConnell is unpleasant  but I find it weird that people call him a hypocrite for “shamelessly” flip-flopping on nomi...
1306981300864049153,1306981300864049153,Fri Sep 18 15:39:59 +0000 2020,4,14,0,0,0,0,Is there some sort of commodities index that measures relative volatility of key natural and artificial commodities (...
1565846690489241600,1565846690489241600,Fri Sep 02 23:38:37 +0000 2022,7,21,1,0,0,0,Watching rings of power. Ok so far. Why do Galadriel and Elrond look about the same age? Isn’t she his mother-in-law? 🧐
1306248468059492355,1306248468059492355,Wed Sep 16 15:07:58 +0000 2020,4,2,0,1,1,0,@NickPinkston @letkma @alexkozak @sampenrose Direct energy use is about half the carbon pie chart. The other half is ...
1306242407617294343,1306242407617294343,Wed Sep 16 14:43:53 +0000 2020,4,1,0,1,1,0,@NickPinkston @letkma @alexkozak Yeah it’s not a panacea. Plastic straws and cloth totes are other examples. It’s a m...
1306088113987399682,1306088113987399682,Wed Sep 16 04:30:46 +0000 2020,4,84,9,0,0,0,Starting to notice the sheer number of things that can’t be disassembled without breaking. Is there a design term for...
1305994583692640257,1305994583692640257,Tue Sep 15 22:19:07 +0000 2020,22,47,5,0,0,0,This isn’t exactly a rare sentiment these days  but it’s interesting coming from Nicolas since he’s one of the most a...
1305953459217117184,1305953459217117184,Tue Sep 15 19:35:42 +0000 2020,24,22,2,0,0,0,Suppose you operate at 100 watts basal metabolism  and 50 watts for comfortable work.  You plan to do two 4-hour thin...
1305573930334208000,1305573930334208000,Mon Sep 14 18:27:36 +0000 2020,31,293,25,0,0,0,I've heard of 3 hypothesized "basic drives" for living things: seek pleasure  avoid pain  minimize energy. I don't kn...
1305694041992912896,1305694041992912896,Tue Sep 15 02:24:52 +0000 2020,8,75,12,0,0,0,The virus is the first interesting post-historical supervillain   If we can beat it  history will restart  If not it’...
1565580842612600833,1565580842612600833,Fri Sep 02 06:02:14 +0000 2022,4,7,1,0,0,0,Poll: What percent of the audience of a major mainstream thing like LOTR or MCU would you guess is part of the core f...
1305596610714296320,1305596610714296320,Mon Sep 14 19:57:43 +0000 2020,6,98,17,0,0,0,The social permissioning effects of Trump on frontline psychopaths in federal agencies is far worse than anything he’...
1305363281591246848,1305363281591246848,Mon Sep 14 04:30:33 +0000 2020,19,138,4,0,0,0,This is probably the longest I’ve gone without flying in years... last was early February. A trip every few months ki...
1305224037786775552,1305224037786775552,Sun Sep 13 19:17:15 +0000 2020,4,19,4,0,0,0,Kinda interesting how thinking on the KPI for Covid has evolved:  - Number of positive cases - Fatality rate - Total ...
1305191475760619520,1305191475760619520,Sun Sep 13 17:07:51 +0000 2020,4,2,0,1,1,0,@cjgbest @hamishmckenzie You can't feed one quality article to a million people either :D  Mass media needed advertis...
1305027491568861185,1305027491568861185,Sun Sep 13 06:16:14 +0000 2020,8,92,5,0,0,0,I have no problem with reality falsifying my beliefs but I really don’t like my fiction rotation cache being invalida...
1304979833735139329,1304979833735139329,Sun Sep 13 03:06:52 +0000 2020,5,61,2,0,0,0,still getting media pings about premium mediocre 3 years later...  zero regrets about not doing anything more with th...
1565503538725208064,1565503538725208064,Fri Sep 02 00:55:03 +0000 2022,14,88,11,0,0,0,I know what to think. Stylorealistic like photorealistic. Just as cameras automated photorealistic artistic intention...
1304906921456017414,1304906921456017414,Sat Sep 12 22:17:08 +0000 2020,11,69,2,0,0,0,Groundhog Day is a weirdly effective narrative pattern for TV/movies. I don’t think it works in text media. Watching ...
1304870371003252737,1304870371003252737,Sat Sep 12 19:51:54 +0000 2020,4,25,2,0,0,0,Still trying to make up my mind whether the drift towards artisan  individually hand-crafted essays is a supply-side ...
1304851772373045249,1304851772373045249,Sat Sep 12 18:38:00 +0000 2020,7,47,3,0,0,0,Engineering disciplines in order of DIY hackability from most to least  based on non-knowledge inputs  Software  Kitc...
1304595973159575552,1304595973159575552,Sat Sep 12 01:41:32 +0000 2020,4,15,1,0,0,0,Luck turning around 😎 https://t.co/uP5DNwiEr1
1303847519890239490,1303847519890239490,Thu Sep 10 00:07:27 +0000 2020,14,134,11,0,0,0,“Never seen anything like it” is rapidly climbing my list of top most annoying phrases. Why is your set of “things I’...
1303809179795120128,1303809179795120128,Wed Sep 09 21:35:06 +0000 2020,6,88,6,0,0,0,Half of all agency is just patience
1303391572432621568,1303391572432621568,Tue Sep 08 17:55:41 +0000 2020,9,81,6,0,0,0,All long-term value is built from the follow-through part of short-term habits. Follow-through as in golf swings not ...
1303100934734581761,1303100934734581761,Mon Sep 07 22:40:47 +0000 2020,11,34,1,0,0,0,My threat model  right now (likelihood not severity)  Identity thieves &gt; mass ransomware/malware attacks &gt; Natu...
1565369666662322176,1565369666662322176,Thu Sep 01 16:03:06 +0000 2022,4,172,13,0,0,0,🤔 https://t.co/WWslG4ASSE
1565354885356216321,1565354885356216321,Thu Sep 01 15:04:22 +0000 2022,6,15,2,0,0,0,Concierge prepping services for 10k/y fir thise of your who can afford it 😀 https://t.co/sh8vJJlRfG
1302685398804512768,1302685398804512768,Sun Sep 06 19:09:36 +0000 2020,12,159,19,0,0,0,https://t.co/loJZE0Jgzv
1302645240214335488,1302645240214335488,Sun Sep 06 16:30:01 +0000 2020,4,57,4,0,0,0,The moral economy needs to get off the death-count standard. There are more and worse ways for people to suffer than ...
1302670672519286784,1302670672519286784,Sun Sep 06 18:11:05 +0000 2020,5,44,9,0,0,0,Tech-utopian cycle  Year 1: “I will solve discourse conflicts by empowering people with new knowledge tools”  Year 5:...
1302637406957441024,1302637406957441024,Sun Sep 06 15:58:54 +0000 2020,10,14,2,0,0,0,Hmm I didn’t know Max Weber helped draft the Weimar constitution.   Case that the Weimar analogy is misguided. https:...
1302425726629552128,1302425726629552128,Sun Sep 06 01:57:45 +0000 2020,4,16,0,0,0,0,Part of what I’m doing with my maker shtick rn is sort of recapitulating/larping the scientific revolution starting w...
1302302557142790144,1302302557142790144,Sat Sep 05 17:48:19 +0000 2020,9,21,1,0,0,0,So... meta thread on unit economics. In LA  pre-Covid average rates were like $3/sf so a 1000 sf space would be 3k. I...
1565205278794350592,1565205278794350592,Thu Sep 01 05:09:53 +0000 2022,5,11,1,0,0,0,I’ve got the writer’s yips
1302083532022362112,1302083532022362112,Sat Sep 05 03:18:00 +0000 2020,24,249,27,0,0,0,Doubt-impedance matching. To persuade smart people  you have to start from a posture of genuine doubt that matches th...
1301550720315924480,1301550720315924480,Thu Sep 03 16:00:48 +0000 2020,16,22,3,0,0,0,Lol 118 bannable apps versus Tagore poetry and yoga is... an interesting sort of cultural trade deficit. India basica...
1301428212551933952,1301428212551933952,Thu Sep 03 07:53:59 +0000 2020,7,86,9,1,1,0,@nosilverv His talent is zeroing in on right strategic technical questions very quickly in a wide range of fields  an...
1301388246899765248,1301388246899765248,Thu Sep 03 05:15:11 +0000 2020,7,21,0,0,0,0,First outing with t-ring and adapter for SLR. Somehow couldn't get the focus quite right  but still  basic equipment ...
1301362712534945792,1301362712534945792,Thu Sep 03 03:33:43 +0000 2020,7,13,1,0,0,0,First serious project kicks off. A 60mm f1.33  (fl 800mm) achromatic refractor telescope. Got the objective lens from...
1301327095633567745,1301327095633567745,Thu Sep 03 01:12:11 +0000 2020,4,12,1,0,0,0,I’m going to actually make this I think. Only question is: print colored parts or use stickers?  It’s borderline actu...
1301298029073321985,1301298029073321985,Wed Sep 02 23:16:41 +0000 2020,6,11,2,0,0,0,Ok vase mode crapped out on me. Not sure wtf happened here https://t.co/zwGJ3gZEru
1300990299674562560,1300990299674562560,Wed Sep 02 02:53:53 +0000 2020,13,118,11,0,0,0,I hate everything about this and these people are my mortal enemies now  It was fine when it was just the trads and h...
1300614399640522752,1300614399640522752,Tue Sep 01 02:00:11 +0000 2020,11,27,2,0,0,0,3d printing adventures volume 2. Part 1: door stop. Random model I downloaded was too big for my printer  so I shrank...
1299872378739064835,1299872378739064835,Sun Aug 30 00:51:40 +0000 2020,13,41,3,0,0,0,Karate kid tv show with original characters as adults is surprisingly good
1300205315598610433,1300205315598610433,Sun Aug 30 22:54:38 +0000 2020,28,265,33,0,0,0,I think I’m circling a concept you could call stack survivalism  as opposed to regular fully off-grid survivalism. Wh...
1565008057309880322,1565008057309880322,Wed Aug 31 16:06:11 +0000 2022,8,36,2,0,0,0,Once an era starts feeling like complete “history” you start to see distinctions among things that:   a) were transie...
1300174393385992192,1300174393385992192,Sun Aug 30 20:51:46 +0000 2020,4,22,2,0,0,0,So... I’m not the only one seeing Portland as a sort of last-man larp huh... seen at least 3-4 tweets or threads argu...
1299838007990599680,1299838007990599680,Sat Aug 29 22:35:05 +0000 2020,5,61,3,0,0,0,Success! 3d printed the lost telescope cap cover! With vanity logo too 😎  The tolerance is a little off  so it’s not ...
1299759341763878912,1299759341763878912,Sat Aug 29 17:22:30 +0000 2020,26,41,3,0,0,0,Remember flame tests from high school chemistry? Sodium salts produce yellow  potassium produces purple? https://t.co...
1299177458776698880,1299177458776698880,Fri Aug 28 02:50:18 +0000 2020,6,15,2,0,0,0,A factoid that’s stuck in my mind about color from Xerox days is that humans are very good null detectors (telling if...
1564697858770472962,1564697858770472962,Tue Aug 30 19:33:34 +0000 2022,5,41,3,0,0,0,I remember when we were all excited about morphing  fractal generation  and stereograms in the 90s. New visual fx are...
1564664818254000128,1564664818254000128,Tue Aug 30 17:22:17 +0000 2022,4,0,0,1,1,0,@mtraven @Meaningness Fwiw I think those human-centric terms are equally unsatisfactory because they locate the behav...
1298514001228267521,1298514001228267521,Wed Aug 26 06:53:57 +0000 2020,5,15,0,0,0,0,Goddammit. Second time I’ve dropped something off my balcony while doing some observing  first it was a telescope dus...
1298369825928916992,1298369825928916992,Tue Aug 25 21:21:03 +0000 2020,11,43,3,0,0,0,I’m trying to invent a new room for the home. There hasn’t been one since the garage was repurposed as a workshop by ...
1298311989098291200,1298311989098291200,Tue Aug 25 17:31:14 +0000 2020,62,150,21,0,0,0,In trying to set up a physical workspace for the first time in decades (workbench  instruments  tools...) I'm struck ...
1297710470686576641,1297710470686576641,Mon Aug 24 01:41:01 +0000 2020,13,36,1,0,0,0,Came up with an excellent new use case for @RoamResearch   It’s an excellent way to organize a complex descendant of ...
1298097613422514176,1298097613422514176,Tue Aug 25 03:19:23 +0000 2020,14,31,2,0,0,0,Terminator tour https://t.co/mu2L4inoX5
1564495437339299840,1564495437339299840,Tue Aug 30 06:09:13 +0000 2022,19,52,5,0,0,0,I sometimes think about people who die just before something big happens that changes how everyone living thinks abou...
1233210973793574912,1233210973793574912,Fri Feb 28 02:03:02 +0000 2020,93,229,21,0,0,0,I’ve been reading   Astounding: John W. Campbell  Isaac Asimov  Robert A. Heinlein  L. Ron Hubbard  and the Golden Ag...
1297743621777580034,1297743621777580034,Mon Aug 24 03:52:44 +0000 2020,37,273,35,0,0,0,The longer I spend online  the more true this feels. A big consequence of social atomization is that increasing numbe...
1297739548613435393,1297739548613435393,Mon Aug 24 03:36:33 +0000 2020,4,38,0,1,1,0,@sonyasupposedly Meh. Autodidacts vastly overestimate the originality of their insights. Most insights occur to many ...
1297601241355153408,1297601241355153408,Sun Aug 23 18:26:58 +0000 2020,15,35,1,0,0,0,People were asking for my breakfast burrito recipe. This variant is vegan: scrambled Just Egg  French fries (frozen b...
1297352415977410560,1297352415977410560,Sun Aug 23 01:58:14 +0000 2020,6,29,3,0,0,0,What are the major subcultures within the broader making/repairing stuff metaculture? (art is outside scope though)  ...
1297280695350341633,1297280695350341633,Sat Aug 22 21:13:14 +0000 2020,13,28,1,0,0,0,Printing my first self-designed part 😬  Did it with OnShspe+Cura... haven’t used CAD software since 1996  which was a...
1297305161862242305,1297305161862242305,Sat Aug 22 22:50:28 +0000 2020,6,8,0,0,0,0,3d printing is a world of superstition and old wives' tales. Tricks I read/was recommended for getting stuck-on print...
1297205037991489536,1297205037991489536,Sat Aug 22 16:12:36 +0000 2020,13,168,11,0,0,0,Amazing how much of learning any hobby or diy skill in the US is about learning what to buy and googling and reading ...
1296646930592747521,1296646930592747521,Fri Aug 21 03:14:53 +0000 2020,5,20,2,0,0,0,🤣  My decision-making is Extremely Masculine. https://t.co/OjC9OX6Q4e via @idr_labs
1296601089807007744,1296601089807007744,Fri Aug 21 00:12:44 +0000 2020,5,7,0,0,0,0,Junk pile grows. Scored 4 pieces of 0.5” plywood  about 10”x20”   What can I do with this? I have a hand saw but no o...
1296585659780497409,1296585659780497409,Thu Aug 20 23:11:25 +0000 2020,7,146,19,0,0,0,Everyone knows creation takes longer than destruction  but interestingly maintenance and repair as systematic tendenc...
1296564258394632192,1296564258394632192,Thu Aug 20 21:46:22 +0000 2020,4,20,2,0,0,0,Goddammit. The simulators noticed I’m in a diy/home improvement mood and are sending extra repair jobs my way. Rip su...
1296476740521472000,1296476740521472000,Thu Aug 20 15:58:36 +0000 2020,7,16,4,0,0,0,So... late the other night I saw what seemed like a satellite passing overhead (unblinking point-like dot) and tracke...
1296290225753268226,1296290225753268226,Thu Aug 20 03:37:28 +0000 2020,7,126,31,0,0,0,You’ve heard of predictable accidents  Maybe also Perrow normal accidents: 2 predictable events combining in an unpre...
1296123142427926531,1296123142427926531,Wed Aug 19 16:33:32 +0000 2020,33,221,14,0,0,0,Many people are picking up strong new habits during Covid *despite* themselves  many involving significant skills. My...
1564127813640134657,1564127813640134657,Mon Aug 29 05:48:25 +0000 2022,23,195,21,0,0,0,The average human’s lifetime spans ~6 distinct historical eras today  each 12-15y long. So it’s like living through a...
1295812796664356864,1295812796664356864,Tue Aug 18 20:00:20 +0000 2020,10,15,0,0,0,0,Thinking about desks I've had over the years. I had an actual L-shaped desk for home office for several years (I thin...
1295792276359192576,1295792276359192576,Tue Aug 18 18:38:47 +0000 2020,6,88,4,0,0,0,Anybody else experienced a marked mental shift in the last 6 months  being suddenly more willing to own more stuff? I...
1295782187816476672,1295782187816476672,Tue Aug 18 17:58:42 +0000 2020,10,89,7,0,0,0,Had a bit of an epiphany trying to generalize leadership learning curves across types of leadership contexts. The thi...
1295397813686112256,1295397813686112256,Mon Aug 17 16:31:20 +0000 2020,11,102,12,0,0,0,This is a motivated reading/projection. I think the ease of habit formation when the rules are simpler (“wear masks i...
1295206753533980673,1295206753533980673,Mon Aug 17 03:52:08 +0000 2020,16,60,2,0,0,0,Life themes shortlist I’m considering for next year  1. Instruments and measurement 2. Repairs (kintsugi and non) 3. ...
1564288283290439681,1564288283290439681,Mon Aug 29 16:26:04 +0000 2022,4,5,0,1,1,0,@deepfates That’s the thing… it doesn’t. It’s literally a straight line from earlier wtc bombing  1993. It was not a ...
1295110126274142208,1295110126274142208,Sun Aug 16 21:28:10 +0000 2020,9,66,4,0,0,0,One reason repair/maintenance/DIY home handyman stuff is such a yakshave is that you have to deal with vast amounts o...
1295018141953581059,1295018141953581059,Sun Aug 16 15:22:39 +0000 2020,30,171,24,0,0,0,I used to think the protection racket side of woke was about targeting HR for diversity training grifts.  Now I think...
1294757871863787520,1294757871863787520,Sat Aug 15 22:08:26 +0000 2020,13,110,9,0,0,0,Can’t recall where I saw this (help?) but rideshare drivers typically don’t work longer during surge to maximize reve...
1294671957225402368,1294671957225402368,Sat Aug 15 16:27:03 +0000 2020,4,26,4,0,0,0,The subtext to the social media output of many people is “I coulda been a contender”  Manifests in a dozen different ...
1294505072865419265,1294505072865419265,Sat Aug 15 05:23:54 +0000 2020,18,178,29,0,0,0,Gen X is last generation to have a widespread interest in democracy as a truly interesting idea capable of opening up...
1294487593564794885,1294487593564794885,Sat Aug 15 04:14:27 +0000 2020,11,153,16,0,0,0,Trump’s actions against the USPS I think go beyond voter suppression to stochastic terrorism.
1564054919199346688,1564054919199346688,Mon Aug 29 00:58:46 +0000 2022,9,11,0,0,0,0,Next up Deep Impact (1998)
1294474464248262656,1294474464248262656,Sat Aug 15 03:22:17 +0000 2020,4,117,9,0,0,0,This feels strange to say but the 90s and aughts are going to be forgotten decades in a century. The historical drama...
1293454062214451200,1293454062214451200,Wed Aug 12 07:47:34 +0000 2020,6,28,0,0,0,0,Woohoo saw my first very good Perseid. 2 seconds. Just south of square of Pegasus
1293386996568662022,1293386996568662022,Wed Aug 12 03:21:04 +0000 2020,7,332,107,0,0,0,I can’t believe there’s no countermove to the USPS electoral sabotage 🤔
1293326065033596928,1293326065033596928,Tue Aug 11 23:18:57 +0000 2020,4,13,1,0,0,0,Is there a trick to popping laser cut parts out of these wooden sheets? Trying to assemble this model pendulum clock ...
1293205496518737921,1293205496518737921,Tue Aug 11 15:19:51 +0000 2020,4,7,0,0,0,0,I got a free Tile a couple of years ago and put it on my keys. It’s still got juice left  but the app keeps prompting...
1293065300808568834,1293065300808568834,Tue Aug 11 06:02:46 +0000 2020,4,14,0,0,0,0,Astrophotography attempt today. Neighborhood of Altair of Aquila. With a Canon EOS 10s exposure at ISO 800 (contrast ...
1292869575059451905,1292869575059451905,Mon Aug 10 17:05:01 +0000 2020,19,229,26,0,0,0,Hedging 2020  - Staying healthy - Favors banked in diverse  global social graph - Cash - Retirement  insurance portfo...
1292693004889632771,1292693004889632771,Mon Aug 10 05:23:24 +0000 2020,4,15,1,0,0,0,TIL about ulexite  “tv rock” natural mineral that acts like optic fiber https://t.co/lLByTZvK0K
1564030604240244736,1564030604240244736,Sun Aug 28 23:22:08 +0000 2022,8,30,0,0,0,0,Continuing my 90s binge  rewatching Twister
1292663358919806976,1292663358919806976,Mon Aug 10 03:25:35 +0000 2020,5,37,3,0,0,0,I begin my astrophotography career with this crappy iPhone plus binoculars photo of Jupiter plus moons. Handheld phon...
1292604504999776256,1292604504999776256,Sun Aug 09 23:31:44 +0000 2020,6,19,0,0,0,0,Found my astronomy binoculars’ tripod adapter so my balcony observatory capability just went up a notch (it’s too big...
1292567323140714496,1292567323140714496,Sun Aug 09 21:03:59 +0000 2020,20,81,17,0,0,0,Something I’ve been thinking about. The earliest telescopes after Galileo were often very high f numbers to mitigate ...
1292343711188230145,1292343711188230145,Sun Aug 09 06:15:25 +0000 2020,7,125,9,0,0,0,Just struck me that typing with awkward abbreviations (like ‘what r u doing’) is like a textual pidgin for older peop...
1292298316001099778,1292298316001099778,Sun Aug 09 03:15:02 +0000 2020,10,146,21,0,0,0,This is exactly backwards. Urbanization was driven by desire to escape oppressive togetherness of small town/village ...
1591584622928097280,1591584622928097280,Sun Nov 13 00:11:58 +0000 2022,5,72,10,0,0,0,This is precisely why the outrage is so apoplectic. A threat to the establishment monopoly on a class of scams 😆  If ...
1563763271743590401,1563763271743590401,Sun Aug 28 05:39:51 +0000 2022,6,0,1,1,1,0,@spencemo_c I’m not sure it would be? Articulated arms are very heavy and need high-torque drives or messy hydraulics...
1290757556722216960,1290757556722216960,Tue Aug 04 21:12:37 +0000 2020,5,564,76,0,0,0,WIP https://t.co/8SsGxIjPuw
1290475992092270595,1290475992092270595,Tue Aug 04 02:33:47 +0000 2020,4,39,1,0,0,0,Once more unto the ikea
1290164553183977474,1290164553183977474,Mon Aug 03 05:56:14 +0000 2020,9,44,6,0,0,0,If covid were a new apartment we’d just put stuff we can’t use here in storage for a bit.  Why does everything and ev...
1290025875686060033,1290025875686060033,Sun Aug 02 20:45:10 +0000 2020,31,231,30,0,0,0,In Neal Stephenson’s Diamond Age  one of the near-future cultures is Neo-Victorian  and it is rooted in a mix of iron...
1289589843874312192,1289589843874312192,Sat Aug 01 15:52:32 +0000 2020,17,94,10,0,0,0,Effort shock is detail shock is reality shock. Many things that seem like they’d be really cool to have done turn out...
1563761459233898496,1563761459233898496,Sun Aug 28 05:32:39 +0000 2022,4,19,3,0,0,0,Can we take a smol vacation from the Weirding before doing this Thucydides Trap shit? https://t.co/Gt0ZVYb4bo
1288581900672438273,1288581900672438273,Wed Jul 29 21:07:20 +0000 2020,4,11,3,0,0,0,Saw a couple of Ospreys flying overhead the other day and went on bunnytrail where I learned they were designed in re...
1288567481565474817,1288567481565474817,Wed Jul 29 20:10:02 +0000 2020,4,19,0,0,0,0,All moved into new place modulo some drilling and mounting and Ikea assembly.   Aging in the US can be measured by th...
1288545410642874369,1288545410642874369,Wed Jul 29 18:42:20 +0000 2020,4,46,3,0,0,0,Weird to watch an entirely different subset of tech watchers get all activated and excited by the hearings  and the r...
1288320807001759747,1288320807001759747,Wed Jul 29 03:49:50 +0000 2020,8,19,1,0,0,0,Nice view of Jupiter and moons from balcony (15x70 celestron skymaster binolculars... heavy beast). Saturn is neaby t...
1288144344885555201,1288144344885555201,Tue Jul 28 16:08:39 +0000 2020,7,31,2,0,0,0,Is there some sort of subculture of the maker movement that focuses on building stuff mainly from scavenged and jury-...
1288009157333803008,1288009157333803008,Tue Jul 28 07:11:27 +0000 2020,9,89,2,0,0,0,2FA and password managers are a lousy design solution to password security. Just moves all risks upstream into a Gran...
1286716233417539584,1286716233417539584,Fri Jul 24 17:33:50 +0000 2020,4,110,7,0,0,0,Thought I’ve been pondering. The lower left of the political compass (left libertarian) is unique in not having a cle...
1285449014800814081,1285449014800814081,Tue Jul 21 05:38:22 +0000 2020,6,27,1,0,0,0,I don’t really get tab bloat. I rarely have more than 2-3 tabs open.
1284947480543518720,1284947480543518720,Sun Jul 19 20:25:27 +0000 2020,9,112,11,0,0,0,There is no good word for this  but it’s the opposite of paternalism  where you pretend that obvious naifs desperatel...
1284684717359419394,1284684717359419394,Sun Jul 19 03:01:19 +0000 2020,6,170,17,0,0,0,Subprime text crisis. I’m amused but not impressed by the evolution of GPT.  Once I saw the ways in which it was fail...
1283238238505693184,1283238238505693184,Wed Jul 15 03:13:32 +0000 2020,19,440,46,0,0,0,3 traits I’ve noticed most often in people who get cripplingly invested in culture warring:  - Lack of strong individ...
1278900853332561920,1278900853332561920,Fri Jul 03 03:58:18 +0000 2020,8,32,1,0,0,0,I’ve been watching Supergirl. Probably the most transparently anti-Trump show around. In S4 (starting Oct 18) the sea...
1563218739159453696,1563218739159453696,Fri Aug 26 17:36:05 +0000 2022,14,35,1,0,0,0,Is there a good list of major non-universal taxpayer funded benefits and who gets them?  - various corp subsidies - c...
1563213744108318720,1563213744108318720,Fri Aug 26 17:16:14 +0000 2022,4,54,9,0,0,0,viewed from this perspective  the loan forgiveness is a subprime degree bailout for a social class that's too big to ...
1284018174413832193,1284018174413832193,Fri Jul 17 06:52:43 +0000 2020,7,57,8,0,0,0,Random thought: a communist country is like a curse of resources country except the resources are people. China is th...
1283785844944326656,1283785844944326656,Thu Jul 16 15:29:31 +0000 2020,4,33,3,0,0,0,This is a fascinating portrait of extreme privilege that’s worth reading with the Qatari donations to LA as a salient...
1282914452338208768,1282914452338208768,Tue Jul 14 05:46:55 +0000 2020,10,25,2,0,0,0,Watching Russian Doll. I can tell it’s objectively good and a sort of refined Woody Allen style take on the Groundhog...
1246567982932742144,1246567982932742144,Sat Apr 04 22:39:01 +0000 2020,132,102,14,0,0,0,Next twitter live read for pandemic  Freedom’s Forge  on WW2 industry/economic mobilization recommended by  @jamesgia...
1282759290768392199,1282759290768392199,Mon Jul 13 19:30:22 +0000 2020,12,47,2,0,0,0,If hibernating a small business is turning out to be impossible  there should be a way to do a soft-landing bankruptc...
1282722222818435074,1282722222818435074,Mon Jul 13 17:03:04 +0000 2020,8,53,3,0,0,0,A thing David Allen noted in the original GTD was that clearing the decks (inbox zero  sweep your commitments into cl...
1282696312748568578,1282696312748568578,Mon Jul 13 15:20:06 +0000 2020,5,86,12,0,0,0,Damn. So many newsletter. How will it all end?  A typical New Yorker/Economist grade magazine bundling a variety of w...
1282421618510147584,1282421618510147584,Sun Jul 12 21:08:34 +0000 2020,5,24,0,0,0,0,I may have found the trashiest tv show I can tolerate a full episode of. 90-day fiancé.
1282193892687806465,1282193892687806465,Sun Jul 12 06:03:40 +0000 2020,16,242,37,0,0,0,So... I’ve been trying to find supporting arguments for my intuition that even though death rate is far lower than Sp...
1562984783084343297,1562984783084343297,Fri Aug 26 02:06:25 +0000 2022,5,57,5,0,0,0,Why do they say “attorney at law”?  Can you be an attorney at anything else
1562689557102878721,1562689557102878721,Thu Aug 25 06:33:18 +0000 2022,10,54,4,0,0,0,Wonder what the form factor of productized image generation will be?  I’m betting image engine like search engine  ad...
1562937990598365184,1562937990598365184,Thu Aug 25 23:00:29 +0000 2022,11,29,2,0,0,0,Hmm... I just read the Powell memo... can't identify the part this tweet is referring to. Could only find a line abou...
1282072039868620801,1282072039868620801,Sat Jul 11 21:59:28 +0000 2020,4,17,0,0,0,0,This upcoming apartment move promises to be the worst. Covid precautions plus this apartment is so tiny  very little ...
1282012821090267141,1282012821090267141,Sat Jul 11 18:04:09 +0000 2020,8,199,13,0,0,0,The 3 eigenprofessions are explorer  architect  psychologist.
1282026616885932032,1282026616885932032,Sat Jul 11 18:58:59 +0000 2020,5,56,5,0,0,0,Macabre question I’m pondering right now: is there more killing on rough  lawless frontiers or corrupt and collapsing...
1281992560261513216,1281992560261513216,Sat Jul 11 16:43:39 +0000 2020,6,25,3,0,0,0,I seem to spend half my time refining definitions. Been circling ‘nerve’ and ‘imagination’ in the sense of Clarke’s h...
1281760790760972288,1281760790760972288,Sat Jul 11 01:22:41 +0000 2020,5,22,1,0,0,0,I’m almost more annoyed by the tabloid style in the Roger Stone press release than the act itself. It reads like Trum...
1281431905309609984,1281431905309609984,Fri Jul 10 03:35:48 +0000 2020,11,23,2,0,0,0,Tried to construct a superhero nemesis character as a composite of all people I know of who have made it clear they d...
1281396142920486922,1281396142920486922,Fri Jul 10 01:13:42 +0000 2020,6,50,4,0,0,0,If you’re not curious about history  you’re doomed to be attached to it.
1281376179149103110,1281376179149103110,Thu Jul 09 23:54:22 +0000 2020,8,31,4,0,0,0,This is true but was less so a couple of years ago. At this point I think people silent about the right have either f...
1281249048838631424,1281249048838631424,Thu Jul 09 15:29:12 +0000 2020,16,42,6,0,0,0,Running a deliberate eugenics program is unseemly in 2020  but it’s okay to look the other way and let a virus aimed ...
1281107727008202753,1281107727008202753,Thu Jul 09 06:07:38 +0000 2020,6,117,12,0,0,0,Kinda interesting that a lot of fresh grads are diving straight into free-agenting these days without working at a re...
1281077678787846145,1281077678787846145,Thu Jul 09 04:08:14 +0000 2020,10,71,17,0,0,0,A big takeaway for me from this book was that no matter how bad things got  the commoners found ways to excuse even m...
1281061817054228485,1281061817054228485,Thu Jul 09 03:05:12 +0000 2020,5,37,2,0,0,0,I’m gonna classify people by signature tribal affect. Easier than examining their arguments.  Smirk: conservative Sne...
1280976886080794624,1280976886080794624,Wed Jul 08 21:27:43 +0000 2020,14,24,2,0,0,0,Saw a video I can’t find of a cat missing both front legs playing energetically with a kitten. Kinda amazing how anim...
1280717812982378499,1280717812982378499,Wed Jul 08 04:18:15 +0000 2020,9,2,1,1,1,0,@tomcritchlow https://t.co/iryeZ9U1xk
1280627068691116035,1280627068691116035,Tue Jul 07 22:17:40 +0000 2020,5,220,27,0,0,0,Sometimes I think about how it’s weird that we all have to play a giant weird magical thinking game of “predict the f...
1562856271002316800,1562856271002316800,Thu Aug 25 17:35:46 +0000 2022,19,78,3,0,0,0,random thought... unlike politics/culture topics  high-tech industries are really hard to understand from the outside...
1280621666670788614,1280621666670788614,Tue Jul 07 21:56:12 +0000 2020,5,24,2,0,0,0,When a traditional org gets overwhelmed  people fall behind on email  and do the right thing late enough that it beco...
1280561143031848960,1280561143031848960,Tue Jul 07 17:55:42 +0000 2020,32,78,2,0,0,0,Investing in individual stocks is a weirdly crazy ride. I only do it with play-money levels on the side of bulk of po...
1280579580231737344,1280579580231737344,Tue Jul 07 19:08:58 +0000 2020,19,48,6,0,0,0,This has been on my mind lately. Salvatier's blog post is great  but it's been sinking in for me that everything he s...
1280284350353862656,1280284350353862656,Mon Jul 06 23:35:50 +0000 2020,4,91,5,0,0,0,Hmm if this stuff had happened when I was on an F1 visa I’d probably have quit. Though there’s a good chance I wouldn...
1255170726878834695,1255170726878834695,Tue Apr 28 16:23:15 +0000 2020,119,498,67,0,0,0,Next pandemic live read  Barbara Tuchman  A Distant Mirror  a history of the 14th century through the life of a singl...
1562831630691028994,1562831630691028994,Thu Aug 25 15:57:51 +0000 2022,6,32,6,0,0,0,I’m enjoying @jcenters newsletter on prepping ht @AlmostMedia. Lots of good FEMA data in his latest. DC is the least ...
1279849030407749632,1279849030407749632,Sun Jul 05 18:46:01 +0000 2020,7,22,3,0,0,0,Iterative trial-and-error is not the same as closed-loop feedback. In the former  the error signal is only usable for...
1279828731243061248,1279828731243061248,Sun Jul 05 17:25:22 +0000 2020,4,28,2,0,0,0,A point I think I've been missing. WHO's noble-lying is mainly aimed at institutions not individuals. Anything they s...
1279532354499821568,1279532354499821568,Sat Jul 04 21:47:40 +0000 2020,20,1196,224,0,0,0,The older I get the more it sinks in that 90% of effectiveness is just taking a thing seriously enough. That translat...
1279496059572502528,1279496059572502528,Sat Jul 04 19:23:27 +0000 2020,18,51,9,0,0,0,The side hustle to my side hustle is helping make the social side of side hustles more fun.   So many people seem to ...
1562662762957811712,1562662762957811712,Thu Aug 25 04:46:50 +0000 2022,10,14,1,0,0,0,Rewatching The Day After Tomorrow 😇
1278573815941836801,1278573815941836801,Thu Jul 02 06:18:47 +0000 2020,6,298,52,0,0,0,every few days the horror strikes me: Americans are so wedded to their identities  certainties  and conveniences they...
1278555161930035201,1278555161930035201,Thu Jul 02 05:04:39 +0000 2020,4,71,7,0,0,0,you're all really weird
1277996104915619841,1277996104915619841,Tue Jun 30 16:03:10 +0000 2020,39,1522,409,0,0,0,Grifts are undertheorized  and too often conflated with long cons  scams  frauds and other more blatant soft crimes. ...
1591452652470407170,1591452652470407170,Sat Nov 12 15:27:34 +0000 2022,6,74,6,0,0,0,The next few tweets frankly makes EAs sound like a bunch of not very bright children. https://t.co/EQUp7Rtb3e
1562577815882452993,1562577815882452993,Wed Aug 24 23:09:17 +0000 2022,4,34,4,0,0,0,Samosa attempt after many years. Whole wheat butter crust and baked+air-fried.  One of these days I’ll attempt the re...
1562507236718436358,1562507236718436358,Wed Aug 24 18:28:49 +0000 2022,7,127,13,0,0,0,we might end up becoming a nocturnal + crepuscular species  sleeping through the hot days and working through the sli...
1277760202951897089,1277760202951897089,Tue Jun 30 00:25:46 +0000 2020,40,368,55,0,0,0,Culture war wrangling has unfortunately become a key element in my consulting. It is now the 4th  and youngest manife...
1277631238182854656,1277631238182854656,Mon Jun 29 15:53:19 +0000 2020,10,96,9,0,0,0,Interesting NYT choice to paywall this op-ed 😄. It’s a stop-loss op-ed. I canceled a few months ago after nearly 2-3 ...
1277262959828283392,1277262959828283392,Sun Jun 28 15:29:54 +0000 2020,56,472,79,0,0,0,The word “invest” has 2 distinct meanings in relation to capital:  Invest (1): Spend money to build a capability. Exa...
1276909484992917509,1276909484992917509,Sat Jun 27 16:05:19 +0000 2020,5,48,5,0,0,0,Once you decide on an action  try giving up the goal and materially unnecessary assumptions and check if action gut-f...
1276539053446332417,1276539053446332417,Fri Jun 26 15:33:21 +0000 2020,13,92,8,0,0,0,Any job you could lose over a tweet like this is probably not worth having. I’d expect more critical context in an es...
1276409278069268481,1276409278069268481,Fri Jun 26 06:57:41 +0000 2020,14,129,16,0,0,0,This is  like what  Normal #17 right?  Each new normal seems to last about a couple of weeks now. The first few laste...
1274855069054193664,1274855069054193664,Mon Jun 22 00:01:48 +0000 2020,4,32,0,0,0,0,California lifestyle costs go brrrr 😖  Material lifestyle apples to apples LA is about 20% more expensive than Seattl...
1274753801883234304,1274753801883234304,Sun Jun 21 17:19:24 +0000 2020,6,38,2,0,0,0,If you‘re working to a plan and it’s not about bringing something new into the world  by definition you’re living in ...
1274573418768130049,1274573418768130049,Sun Jun 21 05:22:38 +0000 2020,8,132,12,0,0,0,In general interesting things happen when you get one thing really  really right. Everything else that seems importan...
1274427539134406657,1274427539134406657,Sat Jun 20 19:42:57 +0000 2020,4,128,14,0,0,0,I like studying strategy the same way I like watching apocalyptic movies. You don’t actually want to be in a situatio...
1562320149780185088,1562320149780185088,Wed Aug 24 06:05:24 +0000 2022,8,55,6,0,0,0,😬 really need to replace biological life with robots asap  Nature us just an endless horror movie https://t.co/ptbDpv...
1273293309809586179,1273293309809586179,Wed Jun 17 16:35:56 +0000 2020,7,3,1,1,1,0,@kneelingbus I think the blindness I see is a functional fixedness. The presumption that there’s no alternative path ...
1273286787129958405,1273286787129958405,Wed Jun 17 16:10:01 +0000 2020,4,58,9,0,0,0,We are a social species  yet attempts to codify social behavior leads to bad politics (progressivism and traditionali...
1273281939357732870,1273281939357732870,Wed Jun 17 15:50:45 +0000 2020,4,13,1,1,1,0,@kneelingbus et tu drew
1272311441920454658,1272311441920454658,Sun Jun 14 23:34:20 +0000 2020,8,38,3,0,0,0,Gotta say  though I stan mansions that I’ll never have  modern well-appointed high-rise apartments with floor-level a...
1272186524369424385,1272186524369424385,Sun Jun 14 15:17:58 +0000 2020,19,619,72,0,0,0,Stuff you learned and forgot feels like rent paid. You lived in it for a while but are now left with no equity in it....
1271880961286828032,1271880961286828032,Sat Jun 13 19:03:46 +0000 2020,7,115,8,0,0,0,There are only like a handful of good reasons for high-density living  1. Energy efficiency 2. Social/dating life for...
1271533496016629760,1271533496016629760,Fri Jun 12 20:03:04 +0000 2020,4,36,4,0,0,0,Fundamental Theorem of Robosociology  “Life is too hard” ≡ “Rewards of life are not worth the effort of living”  Cost...
1271094035281702913,1271094035281702913,Thu Jun 11 14:56:48 +0000 2020,16,2,0,1,1,0,@arlynculwick Interesting counter but no. I would not describe my position as moderate realism. I’m merely moderately...
1270880386243911681,1270880386243911681,Thu Jun 11 00:47:50 +0000 2020,19,93,12,0,0,0,This is the sort of idea that can be a) dangerous in the hands of the ignorant  b) even more dangerous in the hands o...
1270466732633645056,1270466732633645056,Tue Jun 09 21:24:07 +0000 2020,4,87,7,0,0,0,All big history is revisionist history. If you’re tracing a legible narrative throughline through more than 100 years...
1270439569788297216,1270439569788297216,Tue Jun 09 19:36:11 +0000 2020,4,46,3,0,0,0,Has there been any significant study of what you might call “architectural recoding” where buildings are repurposed i...
1270221870873235456,1270221870873235456,Tue Jun 09 05:11:08 +0000 2020,9,14,1,0,0,0,Hmm. Lemme see if I can have a gif conversation with myself. https://t.co/vbJFr6aiI7
1270157933062483968,1270157933062483968,Tue Jun 09 00:57:04 +0000 2020,4,51,3,0,0,0,Thinking for yourself is necessarily a mercenary tendency. The only way you can do it while adopting a mercenary post...
1269893530337472514,1269893530337472514,Mon Jun 08 07:26:25 +0000 2020,4,53,1,0,0,0,Ever notice how closed worlds in fiction tend to also be moving worlds? Spaceships  ships (treasure)  train (snowpier...
1562141541157654529,1562141541157654529,Tue Aug 23 18:15:41 +0000 2022,16,196,28,0,0,0,every disease of intellectualism is reducible to unwillingness to live in real time  most often people want to live s...
1269763229787369473,1269763229787369473,Sun Jun 07 22:48:39 +0000 2020,4,77,5,0,0,0,European Middle Ages 500-1500 are about 3x more packed with future-shaping potential per year/per square mile than an...
1269657013010575361,1269657013010575361,Sun Jun 07 15:46:35 +0000 2020,14,193,26,0,0,0,Kinda curious how “capitalism” as an ideal only exists in the heads of people opposed to it. The term points to a ser...
1269714275456610304,1269714275456610304,Sun Jun 07 19:34:08 +0000 2020,15,217,35,0,0,0,We live in a time with a growing phenomenological  object-level (or as I prefer to call it  log-level) bias. Patience...
1269364571224961024,1269364571224961024,Sat Jun 06 20:24:32 +0000 2020,7,64,7,0,0,0,Finding housing that works for you is now as complex as founding a startup. Lifestyle-resources fit. Own or rent  exi...
1269300821142847490,1269300821142847490,Sat Jun 06 16:11:12 +0000 2020,5,69,8,0,0,0,There’s a ton of interesting assumptions buried in here https://t.co/BmFAbdCTRG
1269157898128551936,1269157898128551936,Sat Jun 06 06:43:17 +0000 2020,4,49,4,0,0,0,Good one-word epitaphs:  1. glub 2. brrrr 3. verily  maybe I should make a will and instruct that one of these  selec...
1268787040264392704,1268787040264392704,Fri Jun 05 06:09:37 +0000 2020,5,68,6,0,0,0,What’s the alternative to policing? 🤔
1268751374713368576,1268751374713368576,Fri Jun 05 03:47:54 +0000 2020,4,43,3,0,0,0,Hunt for 22nd apartment in 23 years begins now. 8 cities  7 states  small biz moved states 3 times.  Not my fault. I’...
1268573357294759936,1268573357294759936,Thu Jun 04 16:00:31 +0000 2020,4,37,8,0,0,0,Interesting. Rent default domino effect. https://t.co/twwgIn7xCl
1268409761751396356,1268409761751396356,Thu Jun 04 05:10:27 +0000 2020,10,99,25,0,0,0,Anatole France quote that’s been on my mind a lot lately: “The law  in its majestic equality  forbids the rich as wel...
1561946397829578752,1561946397829578752,Tue Aug 23 05:20:15 +0000 2022,4,54,1,0,0,0,How are some people mad all the time?
1268325159745675264,1268325159745675264,Wed Jun 03 23:34:17 +0000 2020,6,12,2,0,0,0,How is causing someone's death by your own stupidity charged? Involuntary manslaughter? Negligent homicide?
1268248049333067776,1268248049333067776,Wed Jun 03 18:27:52 +0000 2020,5,40,3,0,0,0,So... snark aside  is there a name for this behavior? Mostly seen in amateur psychologists and bad professional ones?...
1268040981552627712,1268040981552627712,Wed Jun 03 04:45:03 +0000 2020,6,24,1,0,0,0,What tv shows have people been watching lately?
1267988674077028352,1267988674077028352,Wed Jun 03 01:17:12 +0000 2020,11,127,15,0,0,0,A question that has been repeatedly coming up for me lately is: when should you act to prevent something failing when...
1267940553204760576,1267940553204760576,Tue Jun 02 22:05:59 +0000 2020,30,81,24,0,0,0,So... thinking more about this mall-ninja white house syndrome in the context of American gun culture overall... some...
1267915370658009088,1267915370658009088,Tue Jun 02 20:25:55 +0000 2020,7,67,15,0,0,0,Just realized the Trump WH is kinda full of mall ninjas giving professional soldiers navy-seal copypasta grade "order...
1267890616941215745,1267890616941215745,Tue Jun 02 18:47:34 +0000 2020,14,159,28,0,0,0,The best theory I've seen of problems with policing is the overuse of policing as a governance mechanism: "don't solv...
1267482515582750722,1267482515582750722,Mon Jun 01 15:45:55 +0000 2020,33,66,8,0,0,0,I think I have "equity head"... all my finance/economics instincts  are built around a default condition of equity &g...
1267334573194489856,1267334573194489856,Mon Jun 01 05:58:02 +0000 2020,7,97,5,0,0,0,Funny things you notice when you write for a long time. Reading motives for essays are cyclical.   Ten years ago peop...
1267315054451408896,1267315054451408896,Mon Jun 01 04:40:29 +0000 2020,17,36,7,0,0,0,Been thinking a lot about the API as a metaphor and the peace above vs the war below (both Covid and protests/riots/l...
1267300501986570241,1267300501986570241,Mon Jun 01 03:42:39 +0000 2020,5,86,3,0,0,0,New rick and morty already paid off.   “The point is not to rule the universe  the point is to be left alone by whoev...
1267212562719899649,1267212562719899649,Sun May 31 21:53:13 +0000 2020,11,85,4,0,0,0,TV news is bending over backwards  both Fox and rest  to distinguish and totally separate protesters and looters. It’...
1267209316605419520,1267209316605419520,Sun May 31 21:40:19 +0000 2020,4,40,3,0,0,0,Why are shoe stores popular looting targets?
1267177973527896064,1267177973527896064,Sun May 31 19:35:46 +0000 2020,7,91,13,0,0,0,Fake bets on diversity look like effusive praise and superlatives of people who don’t appear to have done anything sp...
1266960595393277954,1266960595393277954,Sun May 31 05:11:59 +0000 2020,5,6,0,0,0,0,Looters were running by for like 10 minutes till cops showed up and chased and arrested 6-7 of them that I could see ...
1266885967677284355,1266885967677284355,Sun May 31 00:15:26 +0000 2020,4,39,4,0,0,0,There’s a weird tragedy of commons potential with willing-to-get-violent protests as a political action mode. Two kin...
1266806260642443264,1266806260642443264,Sat May 30 18:58:43 +0000 2020,5,12,2,0,0,0,Did a little tour of the DTLA destruction. Our block had a vandalized/looted Paris Baguette How do you eat pastries w...
1266245149689962499,1266245149689962499,Fri May 29 05:49:04 +0000 2020,12,120,14,0,0,0,There’s a persistent community of taste emerging around sensemaking of noisy social media around developing events. I...
1266104435958140929,1266104435958140929,Thu May 28 20:29:55 +0000 2020,5,197,10,0,0,0,If anyone is still gets me and @visakanv confused  these tweet maps say it all 🤣  Guess which one is me and which one...
1266090985718607872,1266090985718607872,Thu May 28 19:36:28 +0000 2020,5,8,0,1,1,0,@tomcritchlow @AGWilsonn @ollybot_browne whoa... here's mine https://t.co/VcIns73fzC
1561850766909796353,1561850766909796353,Mon Aug 22 23:00:15 +0000 2022,6,16,1,0,0,0,Is there an antonym for homunculus? Or an obvious way to construct it in Latin?
1265755491969298432,1265755491969298432,Wed May 27 21:23:20 +0000 2020,6,39,2,0,0,0,Finally figured out why idling and wasting time is so hard in pandemic time. When you goof off and procrastinate for ...
1264718654224007168,1264718654224007168,Mon May 25 00:43:19 +0000 2020,4,61,3,0,0,0,Prediction: superhero movies/comics will become unpopular and go through something of a recession/winter due to covid...
1264222365434605569,1264222365434605569,Sat May 23 15:51:14 +0000 2020,8,31,2,0,0,0,Reasoning about risk and progress is in the discourse is really sloppy  even among smart people who have been deployi...
1264029822461685760,1264029822461685760,Sat May 23 03:06:08 +0000 2020,9,145,18,0,0,0,Doubling down on narrative rationality. I buy into the most compelling story I can find at any given time and navigat...
1263484529005608960,1263484529005608960,Thu May 21 14:59:20 +0000 2020,15,45,4,0,0,0,Bouncy house rentier capitalist not having a good time here. I guess if you’re gonna be a rentier you should do it at...
1262996043383271424,1262996043383271424,Wed May 20 06:38:16 +0000 2020,5,48,4,0,0,0,My relationship with money gets odder and odder every year.
1262617939578023959,1262617939578023959,Tue May 19 05:35:49 +0000 2020,11,28,1,0,0,0,Watching the new Seinfeld special. He’s not even trying to be contemporary. It’s a 90s throwback set. Comes off as tr...
1261761799176642561,1261761799176642561,Sat May 16 20:53:49 +0000 2020,25,218,36,0,0,0,No matter what the challenge or environment  I've found that basically the only way to tackle it in a generative way ...
1561479794457333760,1561479794457333760,Sun Aug 21 22:26:08 +0000 2022,4,9,1,0,0,0,Holmes: “Data data data  I cannot make bricks without clay”  Which version of the delivery do you prefer?  Jeremy Bre...
1261720708083662848,1261720708083662848,Sat May 16 18:10:33 +0000 2020,5,88,1,0,0,0,anyone else have this weird productivity thing where when a project gets to say 90% done (for real  not joke)  there'...
1260812837254881280,1260812837254881280,Thu May 14 06:02:59 +0000 2020,4,29,0,0,0,0,I have spent 3 years hovering on the edge of Wikipedia notability 😎 https://t.co/lyw4mPHSRW
1259920039114756096,1259920039114756096,Mon May 11 18:55:20 +0000 2020,6,10,2,0,0,0,I'm going to set a pandemic proof goal for 2030  and test it against scenarios for both end-of-the-world and V-shaped...
1259883671923769344,1259883671923769344,Mon May 11 16:30:49 +0000 2020,5,25,1,0,0,0,As far as beefy book titles go  sowell's "The Vision of the Anointed: Self-congratulation as the basis of social poli...
1259263359578300418,1259263359578300418,Sat May 09 23:25:55 +0000 2020,18,1071,187,0,0,0,Weird how people are letting their guard down. My guard level is steadily trending higher. Risk seems to be increasin...
1258605136697425920,1258605136697425920,Fri May 08 03:50:22 +0000 2020,4,15,3,0,0,0,meritocracy vs shipocracy 🤔
1258409564153634816,1258409564153634816,Thu May 07 14:53:14 +0000 2020,20,32,6,0,0,0,Kinda interesting how “President” in business began to suggest weaker levels of executive authority a few decades ago...
1258244985297620993,1258244985297620993,Thu May 07 03:59:16 +0000 2020,12,154,28,0,0,0,I’m kinda sick of the news media trying to manage expectations or even perceptions. Beyond a baseline of not inducing...
1257830092861931521,1257830092861931521,Wed May 06 00:30:38 +0000 2020,9,47,3,0,0,0,Surprisingly hard to make meaning through work when everyone is home literally+psychologically. Otoh it’s hard to mak...
1561421194556948480,1561421194556948480,Sun Aug 21 18:33:17 +0000 2022,4,5,1,0,0,0,Poll: What kind of pet person are you  even if you don’t have pets right now?
1256739322780241921,1256739322780241921,Sun May 03 00:16:18 +0000 2020,21,392,85,0,0,0,Very large quantities of concentrated capital can bend truth rays and warp epistimology and ontology. There is a fina...
1256471467711008768,1256471467711008768,Sat May 02 06:31:56 +0000 2020,8,158,25,0,0,0,Good time to be a futurist. Since all old futures have been trashed there’s demand for building up a whole new set of...
1256068731882450944,1256068731882450944,Fri May 01 03:51:36 +0000 2020,33,248,78,0,0,0,Macabre thing about covid is that the same demographics are at highest risk whether you open up slowly or quickly — t...
1254984043071860737,1254984043071860737,Tue Apr 28 04:01:27 +0000 2020,18,132,27,0,0,0,I’ve had this nagging sense that something is not even wrong about the views (single-use weltenschauungs?) being appl...
1255657944017858560,1255657944017858560,Thu Apr 30 00:39:17 +0000 2020,6,57,5,0,0,0,Seldon checklist  1. Does your writing span at least 3000 BC to 3000 AD?  2. Can you explain why chaos wouldn’t make ...
1255515586198732804,1255515586198732804,Wed Apr 29 15:13:36 +0000 2020,13,157,22,0,0,0,The scarcest resource is real  engaged synchronous meeting time  whether irl  video or audio. When you want people to...
1255377615172616195,1255377615172616195,Wed Apr 29 06:05:21 +0000 2020,10,117,17,0,0,0,Just reflecting on how pandemic has completely cornered attention far beyond anything I’ve seen. Beyond fall of wall ...
1254775397389987840,1254775397389987840,Mon Apr 27 14:12:21 +0000 2020,8,40,8,0,0,0,trolley problem:   - only 1 track - 1% of people are on track  samaritans racing to free them - 99% in trolley - leve...
1254200390104449024,1254200390104449024,Sun Apr 26 00:07:29 +0000 2020,4,37,8,0,0,0,Social-media based projects suffer a version of the free-rider problem that I call the front-rider problem. You’ll ge...
1253571840997330945,1253571840997330945,Fri Apr 24 06:29:51 +0000 2020,5,72,6,0,0,0,This is probably evil of me but I must say I’m starting to really appreciate the dark humor being woven into the plot...
1253156930320654336,1253156930320654336,Thu Apr 23 03:01:09 +0000 2020,6,22,3,0,0,0,Watching new Bosch  Feels weird to watch new show in non-distanced settings  If this thing goes permanent  huge cache...
1253488462499418112,1253488462499418112,Fri Apr 24 00:58:32 +0000 2020,6,15,0,0,0,0,After a first very rough planning sketch of the view from my balcony  for a possible panoramic detailed drawing  I’ve...
1253447253244604416,1253447253244604416,Thu Apr 23 22:14:47 +0000 2020,7,191,20,0,0,0,Depression is like pollution. The optimal amount is not zero.
1253392500930142208,1253392500930142208,Thu Apr 23 18:37:13 +0000 2020,4,94,20,0,0,0,There are 4 scenarios with sufficient weight of likelihood to be worth planning for I think:  1. Hardened neoliberali...
1253140153385676800,1253140153385676800,Thu Apr 23 01:54:29 +0000 2020,6,62,7,0,0,0,This is too hard to model out in any detail  but I suspect 1/3 - 1/2 of people going back to work/school every day wi...
1252831305546395649,1252831305546395649,Wed Apr 22 05:27:14 +0000 2020,5,128,9,0,0,0,People who sometimes pick up on things others miss or get to much later. What I have so far:  1. Laypeople reading te...
1252767353441411073,1252767353441411073,Wed Apr 22 01:13:07 +0000 2020,12,17,3,0,0,0,Big societal responses to big challenges are sui generis. You can and should learn from similar big events in history...
1252659297982373888,1252659297982373888,Tue Apr 21 18:03:44 +0000 2020,12,56,14,0,0,0,This excerpt from Science of Discworld 3  from a chapter titled “A lack of sergeants” somehow resonates in light of @...
1252469483093934081,1252469483093934081,Tue Apr 21 05:29:29 +0000 2020,4,74,7,0,0,0,Weird that people don’t often draw the obvious lesson from the canary in the coal mine idea: use people who are natur...
1252448117972037634,1252448117972037634,Tue Apr 21 04:04:35 +0000 2020,10,54,2,0,0,0,I’m now at the google-voodoo-dolls stage of hating my neighbor with the loud music. Getting close to wishing Covid on...
1252378797782921218,1252378797782921218,Mon Apr 20 23:29:08 +0000 2020,13,218,27,0,0,0,Fact checking is a worse-than-useless approach to counter programming bullshit. Brandolini bullshit assymmetry princi...
1252106809004847104,1252106809004847104,Mon Apr 20 05:28:20 +0000 2020,4,20,4,0,0,0,Spherical cow model assuming everyone is honest and had steady income before this.  Everybody just issues bonds to ge...
1252051732433039360,1252051732433039360,Mon Apr 20 01:49:29 +0000 2020,9,144,25,0,0,0,The earth is a ball of solid rock with a molten core ~6 500km in diameter  with a thin  layer of air of about 10km st...
1252034874615099392,1252034874615099392,Mon Apr 20 00:42:30 +0000 2020,5,121,8,0,0,0,SARS was 2002-04  and GWB became a pandemic nerd in 2005. He deserves credit for responding meaningfully to a near-mi...
1560058462028984321,1560058462028984321,Thu Aug 18 00:18:16 +0000 2022,6,7,0,0,0,0,does anyone know the origin of the term "admiring the problem"? Google returns a lot of search results but I can't tr...
1560318771490828288,1560318771490828288,Thu Aug 18 17:32:39 +0000 2022,7,9,0,1,1,0,Even if you could structure incentives right (upside commissions  equity) often certain risks just make certain parts...
1252019813951533056,1252019813951533056,Sun Apr 19 23:42:39 +0000 2020,9,49,6,0,0,0,Trump just launched a super-belligerent defensive attack on a CBS reporter who made the mistake of asking an openly h...
1251549429183598599,1251549429183598599,Sat Apr 18 16:33:31 +0000 2020,5,54,7,0,0,0,Thought: they are perhaps not being irrationally optimistic when it comes to their specific share of the economic dam...
1251354592245198848,1251354592245198848,Sat Apr 18 03:39:18 +0000 2020,9,143,32,0,0,0,Small business owners whose lives have been permanently upended are going to be a whole new political faction around ...
1251337744984403969,1251337744984403969,Sat Apr 18 02:32:21 +0000 2020,5,27,2,0,0,0,It’s weird. I’m kinda flexible on civil liberties generally  and fine with lighter forms of surveillance capitalism  ...
1251316990263742472,1251316990263742472,Sat Apr 18 01:09:53 +0000 2020,12,60,8,0,0,0,I take ONE day off to finish some serious writing and come back to find Mad King Trump the Unready instigating the pe...
1560285165015879686,1560285165015879686,Thu Aug 18 15:19:06 +0000 2022,13,136,3,0,0,0,The best words we have for working on whatever you want seem to be “funemployment” and “mini-retirement”which are ter...
1250813315627880448,1250813315627880448,Thu Apr 16 15:48:28 +0000 2020,8,37,5,0,0,0,Everything I predict happens  but unpredictably faster than I think it will  even if I take acceleration into account...
1250675547849424897,1250675547849424897,Thu Apr 16 06:41:01 +0000 2020,12,22,2,0,0,0,I think I have my tactical ducks in a row now  but still missing the coup d’oeil.   The problem with a virus as an ad...
1250607954178371595,1250607954178371595,Thu Apr 16 02:12:26 +0000 2020,5,192,20,0,0,0,I don’t think “pent-up demand” is a thing. You’re not going to go to Starbucks 3x until you catch up on missed coffee...
1250585300297904129,1250585300297904129,Thu Apr 16 00:42:24 +0000 2020,4,12,0,0,0,0,A single crow has been mobbing and harassing some sort of hawk all by itself most of today outside my balcony. It’s h...
1250477981501251585,1250477981501251585,Wed Apr 15 17:35:58 +0000 2020,7,56,2,0,0,0,My own information supply chain state:  Reading:  Books: I know what to read News/essays: 10% signal: noise Tweets: p...
1250474682844758016,1250474682844758016,Wed Apr 15 17:22:51 +0000 2020,4,19,1,0,0,0,I wrote a post in 2016 titled "human-complete problems" (ref to terms like NP-complete  Turing-complete  AI-complete)...
1250460466377183233,1250460466377183233,Wed Apr 15 16:26:22 +0000 2020,12,82,6,0,0,0,There’s no way you’re going to contribute meaningfully right now with less than 80h weeks. The sheer noise level is h...
1250257670520496128,1250257670520496128,Wed Apr 15 03:00:31 +0000 2020,28,64,4,0,0,0,Mob minds could do with some psychological distancing.
1250230029419601920,1250230029419601920,Wed Apr 15 01:10:41 +0000 2020,5,30,2,0,0,0,Bernie’s failures modulo DNC shennanigans  is really a failure of his movement rather than a personal failure of lead...
1250189614897229826,1250189614897229826,Tue Apr 14 22:30:06 +0000 2020,7,21,5,0,0,0,Governors slap trump Trump slaps WHO  This would be funny if it weren’t such a disgusting performance going on live r...
1249951129284128768,1249951129284128768,Tue Apr 14 06:42:26 +0000 2020,8,55,4,0,0,0,Every time someone interesting checks your work out for a bit  decides you’re not worth their time  and moves on  you...
1249926099795988480,1249926099795988480,Tue Apr 14 05:02:59 +0000 2020,15,129,33,0,0,0,The future never arrives with the aesthetics of anybody who’s been actually preparing for it even if it’s a functiona...
1249913645376524289,1249913645376524289,Tue Apr 14 04:13:29 +0000 2020,8,233,16,0,0,0,I’m a bit like Bender. I can only do 1 thing in a day  big or small. So an easy meeting that takes an hour uses up my...
1249883634263179264,1249883634263179264,Tue Apr 14 02:14:14 +0000 2020,6,51,7,0,0,0,In a good absurdist comedy all the characters are typically awful people.  Examples: Alice in Wonderland  Hitchhikers...
1249868311757639681,1249868311757639681,Tue Apr 14 01:13:21 +0000 2020,8,52,9,0,0,0,There’s people who seem to feel humiliated by having to reveal that they learned something they. Ie they feel humilia...
1249788545406926849,1249788545406926849,Mon Apr 13 19:56:23 +0000 2020,7,83,20,0,0,0,Any business that takes its re-opening cues from this council rather it’s own all-stakeholder internal risk assessmen...
1249767584947290112,1249767584947290112,Mon Apr 13 18:33:06 +0000 2020,10,54,2,0,0,0,Realizing money is just another broken supply chain with no particular special properties. Just a lot more people int...
1249753249281785856,1249753249281785856,Mon Apr 13 17:36:08 +0000 2020,7,44,7,0,0,0,I wish a solid leader would emerge as the open-early-but-smartly case. We now have a dangerously unbalanced public co...
1249723249883148290,1249723249883148290,Mon Apr 13 15:36:56 +0000 2020,7,26,4,0,0,0,Thinking about what attack surface the virus exploited  strikes me it is the individualism-collectivism false dichoto...
1560139726270521345,1560139726270521345,Thu Aug 18 05:41:11 +0000 2022,8,11,1,0,0,0,Ark mansion 🤔 Mansion ark 🤔🤔
1560098472618930177,1560098472618930177,Thu Aug 18 02:57:15 +0000 2022,4,46,5,0,0,0,A surging flood floats all arks
1249414614644711424,1249414614644711424,Sun Apr 12 19:10:31 +0000 2020,18,136,15,0,0,0,The first time you learn a few thinking skills that can generate and sustain trains of thought indefinitely  it’s lik...
1249380932152258560,1249380932152258560,Sun Apr 12 16:56:41 +0000 2020,21,48,11,0,0,0,Tired: the last mile Wired: the last yard Wireless: last-yard NFC contact tracing
1249207817522819072,1249207817522819072,Sun Apr 12 05:28:47 +0000 2020,8,24,2,0,0,0,Spent half an hour in oculus quest but it’s definitely lonely there. Reminds me of pre-internet PC use in the 80s. On...
1249047324652752896,1249047324652752896,Sat Apr 11 18:51:03 +0000 2020,13,155,33,0,0,0,There’s something unseemly about a society where a lot of people have to rely on charity to survive and there is an u...
1559932912027389952,1559932912027389952,Wed Aug 17 15:59:23 +0000 2022,21,82,4,0,0,0,Spite is an extraordinarily powerful drive  despite being nearly as unpleasant to the holder as to the target. I susp...
1248995598897831936,1248995598897831936,Sat Apr 11 15:25:30 +0000 2020,6,56,2,0,0,0,When call wait times are in the hours and your phone support staff are working shorter hours  making customers call t...
1248844476774100992,1248844476774100992,Sat Apr 11 05:25:00 +0000 2020,7,84,17,0,0,0,1st order: healthcare surge  supply chain disruption 2nd order: economic slump  demand collapse 3rd order: large infr...
1248670069690781696,1248670069690781696,Fri Apr 10 17:51:58 +0000 2020,8,8,1,1,1,0,@s_r_constantin I suspect almost all the failures can be attributed to funding cuts over the years rather than incomp...
1248114685087375360,1248114685087375360,Thu Apr 09 05:05:04 +0000 2020,21,85,20,0,0,0,Taking nominal fatality estimates as true  the naive per capita fatality rates  without adjusting for time or reporti...
1248089266825003010,1248089266825003010,Thu Apr 09 03:24:04 +0000 2020,9,20,1,0,0,0,My latest art of gig newsletter got me thinking about a general point of relevance beyond the gig economy. Inequality...
1247742416339140611,1247742416339140611,Wed Apr 08 04:25:48 +0000 2020,28,49,12,0,0,0,Kinda interesting that the century of American globalization and the century of Chinese globalization both have a pan...
1247710828234760199,1247710828234760199,Wed Apr 08 02:20:17 +0000 2020,6,36,2,0,0,0,These are not problems  they are definitions https://t.co/JZpA4z0Ns6
1247684886393049088,1247684886393049088,Wed Apr 08 00:37:12 +0000 2020,5,34,1,0,0,0,I now possess 2 cloth masks  a black one for when I’m in mad max mode  and a colorful pattern one with a filter pocke...
1247375660244320258,1247375660244320258,Tue Apr 07 04:08:27 +0000 2020,5,39,5,0,0,0,What if a totally toxic dank meme forced media distancing?🤔  Min 6 minutes between tweets  likes. Max 2 retweets per ...
1247033637301702656,1247033637301702656,Mon Apr 06 05:29:22 +0000 2020,15,338,88,0,0,0,It’s depressing to watch Trump transparently set up chloroquine as his winning move for November. It’s a free option ...
1246938023767375872,1246938023767375872,Sun Apr 05 23:09:26 +0000 2020,7,80,3,0,0,0,Tiger King is awful. These people are awful.
1559781407597088769,1559781407597088769,Wed Aug 17 05:57:21 +0000 2022,15,57,11,0,0,0,Sometimes you get random reminders that despite the recent prominence of a stridently illiberal streak  India has als...
1246845613313945600,1246845613313945600,Sun Apr 05 17:02:14 +0000 2020,14,201,39,0,0,0,Weirdest subplot I’m tracking: failing hospital economics. This is something that can only happen in the US because t...
1246588572976607232,1246588572976607232,Sun Apr 05 00:00:50 +0000 2020,5,83,22,0,0,0,The business side of the story went from feel-good schmaltz to unbridled dank vulture capitalism at warp speed. It sa...
1234714328994988035,1234714328994988035,Tue Mar 03 05:36:50 +0000 2020,81,64,7,0,0,0,Next up in my twitter live reads: The Starship and the Canoe by Kenneth Brower  on physicist Freeman Dyson and his hi...
1246288637878104064,1246288637878104064,Sat Apr 04 04:09:00 +0000 2020,13,399,82,0,0,0,Biggest thing I’ve learned in the last 2 months: the basic currency of civilized life is time in a crisis  and it is ...
1245943610303901696,1245943610303901696,Fri Apr 03 05:17:59 +0000 2020,12,199,25,0,0,0,I think I’m failing to understand something basic. What exactly is the endgame with this social distancing strategy? ...
1245428494735007744,1245428494735007744,Wed Apr 01 19:11:06 +0000 2020,6,17,2,0,0,0,So  @niftynei and I decided to start a youtube channel/podcast. Bit of a backstory... https://t.co/bYDMTMcEq2
1245205821903925248,1245205821903925248,Wed Apr 01 04:26:17 +0000 2020,7,311,26,0,0,0,The sadness of all this starting to hit. Not just the immediate tragedy but the sense of the relatively happier world...
1245158012769185798,1245158012769185798,Wed Apr 01 01:16:18 +0000 2020,15,45,5,0,0,0,Went for first walk in the neighborhood in 3 weeks (last couple of outings have been in the car)  Really bleak  like ...
1559622663798067201,1559622663798067201,Tue Aug 16 19:26:34 +0000 2022,5,42,1,0,0,0,moving on to the print proof stage of the art of gig book project... it's been 11y since I last did this  and I'd for...
1559595458317541376,1559595458317541376,Tue Aug 16 17:38:27 +0000 2022,5,4,0,1,1,0,@tweetsbenedict @Meaningness @volatrader @slatestarcodex Again  that's *one* possible experience  I think one of the ...
1245095851778691073,1245095851778691073,Tue Mar 31 21:09:18 +0000 2020,4,4,0,1,1,0,@rob_knight @magnameter @micahstubbs But that’s the point: you don’t “pay it back” in dollars  you pay it back in ter...
1244815009252687873,1244815009252687873,Tue Mar 31 02:33:20 +0000 2020,5,15,1,0,0,0,The US actually has the most ICU beds/100 000 by a wide margin. Why are Turkey and Lebanon at 2 and 3? Wonder 9f defi...
1240863772085858304,1240863772085858304,Fri Mar 20 04:52:32 +0000 2020,4,25,3,0,0,0,Backwards-only time travel stories are bullshit. It’s just reactionary nostalgia porn with superfluous sci-fi syntact...
1244474322908925953,1244474322908925953,Mon Mar 30 03:59:34 +0000 2020,4,7,1,0,0,0,Tried to brainstorm 100 secular shifts  spanning the gamut from high confidence serious opinions to shitposts for lul...
1244454990376103936,1244454990376103936,Mon Mar 30 02:42:45 +0000 2020,13,214,26,0,0,0,Secular shifts:  Maskchic Fat households Dedensification 2x WHM 0.5x business travel Virus-limited economics Last-mil...
1244101836753129473,1244101836753129473,Sun Mar 29 03:19:26 +0000 2020,9,405,73,0,0,0,I’m guessing 10 more weeks before we see the first signs of economy reboot.  This is going to get really brutal. I’m ...
1559586439133769728,1559586439133769728,Tue Aug 16 17:02:37 +0000 2022,5,3,0,1,1,0,@tweetsbenedict @Meaningness @volatrader @slatestarcodex I'll defer to people who've observed the community more clos...
1551450396253569025,1551450396253569025,Mon Jul 25 06:12:53 +0000 2022,9,45,1,0,0,0,Reading Terra Ignota by Ada Palmer  which a lot of people recommended
1243960975054655488,1243960975054655488,Sat Mar 28 17:59:42 +0000 2020,4,21,5,0,0,0,One of my favorite topics is how to ask the right questions in complex situations  and my favorite thing to illustrat...
1243772839343190017,1243772839343190017,Sat Mar 28 05:32:07 +0000 2020,4,82,2,0,0,0,Total fatality rate = covid19 fatality rate + economic distress death rate - reduced pollution life savings rate  Int...
1243913374070493184,1243913374070493184,Sat Mar 28 14:50:33 +0000 2020,11,28,3,0,0,0,Thinking of the “Old McDonald had a Farm” nursery rhyme  Also “for want of a nail the kingdom was lost”  Complex syst...
1559304934364876801,1559304934364876801,Mon Aug 15 22:24:01 +0000 2022,7,118,8,0,0,0,solving a personal problem with money is so much easier than solving it any other way...
1243047416124674048,1243047416124674048,Thu Mar 26 05:29:33 +0000 2020,4,1047,180,0,0,0,Tech is getting insufficient credit for the current situation response.  This entire social distancing protocol made ...
1243029188325421057,1243029188325421057,Thu Mar 26 04:17:07 +0000 2020,13,55,9,0,0,0,The inadequacy of fiscal mechanisms for dealing with global disasters is mind boggling  On the one hand  this 2T deal...
1243020021221052417,1243020021221052417,Thu Mar 26 03:40:41 +0000 2020,5,42,5,0,0,0,I think there’s a big story on the non-financial economy. What are you doing that’s keeping the economy spinning with...
1198701245747220481,1198701245747220481,Sun Nov 24 20:33:42 +0000 2019,13,42,4,0,0,0,In the last year I think I stopped thinking of myself as a writer (always a very uncomfortable fit for me... it’s alw...
1242526305591021568,1242526305591021568,Tue Mar 24 18:58:50 +0000 2020,4,89,17,0,0,0,Linear time:  Short term: 1 week - 1 quarter Medium term: 1 quarter - 1 year Long term: 1 year - 5 years Eternity: &g...
1242493597594746881,1242493597594746881,Tue Mar 24 16:48:52 +0000 2020,6,37,5,0,0,0,addressable content blocks are the new something something   pity it’s still too hard to make a global address-space ...
1242467095524212743,1242467095524212743,Tue Mar 24 15:03:34 +0000 2020,4,29,10,0,0,0,Here’s a modest proposal for a bottom-up QE: system where *everybody* (humans  human collectives  corporations  gover...
1241824137061912577,1241824137061912577,Sun Mar 22 20:28:40 +0000 2020,4,46,5,0,0,0,Music fans: headphones please  when you’re in auditory shared spaces like the balconies of a building or apartments w...
1241604691668025344,1241604691668025344,Sun Mar 22 05:56:41 +0000 2020,8,271,39,0,0,0,Shaming people for getting it wrong and then quietly changing their positions is not a great idea. People who happene...
1590769727890427906,1590769727890427906,Thu Nov 10 18:13:52 +0000 2022,4,196,19,0,0,0,Though it will be an unpleasant extension of crypto winter for a lot of us  FTX should not be bailed out. Do not repr...
1558870438393982977,1558870438393982977,Sun Aug 14 17:37:29 +0000 2022,48,469,72,0,0,0,The LOTR movies are now 18-21y old. Entire generation born after them is headed for college 🤯  Watched the first part...
1241523953446813696,1241523953446813696,Sun Mar 22 00:35:51 +0000 2020,4,56,5,0,0,0,Gavin Newsom is now down to literally lecturing young people directly about “time to grow up” and stop partying on be...
1241440652354699265,1241440652354699265,Sat Mar 21 19:04:51 +0000 2020,6,38,5,0,0,0,Here’s @EpsilonTheory arguing we’re in for a brutal and long recovery even though the narrative and metagame have con...
1241375432798121985,1241375432798121985,Sat Mar 21 14:45:41 +0000 2020,7,21,11,0,0,0,How did the pandemic response capability go bankrupt? Slowly at first  then all at once. This is CA but I imagine sam...
1240876191512285184,1240876191512285184,Fri Mar 20 05:41:53 +0000 2020,11,247,39,0,0,0,When you see the matrix glitching like crazy  with senators doing insider trading  a stealth bidding war for ventilat...
1240425576143314944,1240425576143314944,Wed Mar 18 23:51:18 +0000 2020,10,50,8,0,0,0,Politics isn’t interested in the virus  but the virus is interested in politics
1240382999855656960,1240382999855656960,Wed Mar 18 21:02:07 +0000 2020,4,49,2,0,0,0,Gross domestic product has a whole new meaning. Domestic output is going to grow dramatically  but be mostly unseen i...
1240078427845058561,1240078427845058561,Wed Mar 18 00:51:51 +0000 2020,4,27,3,0,0,0,Stage 0: Amateur-hour bravado armchair quarterback FUD. Corona-BIRGing and dissing of experts.  Stage 1: Well-intenti...
1239803365959151616,1239803365959151616,Tue Mar 17 06:38:51 +0000 2020,4,14,0,0,0,0,Hmm  strikes me that I replayed The Room 1-3 series because now after several years because it has an escape room the...
1239787498617729025,1239787498617729025,Tue Mar 17 05:35:48 +0000 2020,4,19,1,0,0,0,Galaxy brain take: minimize the area between the curve and the capacity line
1239290709066174464,1239290709066174464,Sun Mar 15 20:41:44 +0000 2020,4,19,1,0,0,0,This social distancing protocol is very brute force. If you had time to design say a 5-level distancing protocol like...
1238512535784943616,1238512535784943616,Fri Mar 13 17:09:33 +0000 2020,37,342,65,0,0,0,A modern economy as best as I can grok it:  Money used to buy stuff: $100 Money used to buy money: $200 Money used to...
1238337912791388160,1238337912791388160,Fri Mar 13 05:35:40 +0000 2020,4,40,0,0,0,0,This sort of shit has happened way too often in my life. Like once every 7-10 years. I could do with a couple of sere...
1238205671759179776,1238205671759179776,Thu Mar 12 20:50:11 +0000 2020,5,127,17,0,0,0,I'm feeling curiously blase about the crash itself  though my interpretation is that it is NOT just the pandemic  but...
1237892765175803905,1237892765175803905,Thu Mar 12 00:06:48 +0000 2020,4,136,13,0,0,0,Covid19 response scorecard so far afaict  China: C+ Korea  Taiwan  HK  Singapore: A- Germany  France: B- Italy: D Ira...
1237848117304684544,1237848117304684544,Wed Mar 11 21:09:23 +0000 2020,5,34,5,0,0,0,Amara’s law for tech forecasts seems to get inverted for social forecasts.   Regular (tech): overestimating change in...
1237830193047146496,1237830193047146496,Wed Mar 11 19:58:10 +0000 2020,6,72,16,0,0,0,Any large old org with a significant fraction of senior management above 60 should be running succession planning dri...
1237807343972134912,1237807343972134912,Wed Mar 11 18:27:22 +0000 2020,9,9,0,0,0,0,Post-pandemic before/after speculative prediction/forecasting thread. Will try to capture ideas that occur to me in a...
1237447840688832512,1237447840688832512,Tue Mar 10 18:38:50 +0000 2020,21,88,7,0,0,0,Gonna start a #viruslog thread and limit my virus tweeting to it as much as possible. Looks like we're in this for th...
1558837088589557760,1558837088589557760,Sun Aug 14 15:24:58 +0000 2022,5,15,0,0,0,0,Neat https://t.co/Z89y64BUGq
1237469641422733312,1237469641422733312,Tue Mar 10 20:05:28 +0000 2020,18,50,7,0,0,0,I'm trying to look out for structural/organizational lessons that go beyond the basics like avoiding large gatherings...
1556445244668792833,1556445244668792833,Mon Aug 08 01:00:38 +0000 2022,22,886,105,0,0,0,I think there’s an actual conspiracy afoot to get people to quit working from home and get back to the office  The in...
1558307502923493377,1558307502923493377,Sat Aug 13 04:20:35 +0000 2022,16,32,1,0,0,0,Bought a block of 100 isbns because @jdbb convinced me the publishing industry databases treat you as a “big boy” sel...
1236761992859226112,1236761992859226112,Sun Mar 08 21:13:31 +0000 2020,4,24,2,0,0,0,Done well  I think online-first is soon going to be way better. Just as digital text done right gets way better (hype...
1236334109636456448,1236334109636456448,Sat Mar 07 16:53:16 +0000 2020,5,6,1,1,1,0,@s_r_constantin I think you’re talking about is a slightly narrower concept: altruistic seriousness about things that...
1235796122972479489,1235796122972479489,Fri Mar 06 05:15:30 +0000 2020,12,96,6,0,0,0,Feels like I’m missing an important angle on virus. Sense of a major blindspot.  Hmm. Public health  economy  institu...
1235435797131583488,1235435797131583488,Thu Mar 05 05:23:41 +0000 2020,7,90,12,0,0,0,When this is all over  the question will be how to beef up things that collapsed under the stress. There will be call...
1235366128521789440,1235366128521789440,Thu Mar 05 00:46:51 +0000 2020,4,4,0,0,0,0,Ranking dangers of X in roles as i) elected leaders or as ii) unaccountable senior aides to mentally/physically decli...
1235282076393299968,1235282076393299968,Wed Mar 04 19:12:52 +0000 2020,13,1,0,0,0,0,Trying to come up with an even simpler non-realistic toy example based on the classic Russian roulette example everyb...
1234555199307407365,1234555199307407365,Mon Mar 02 19:04:31 +0000 2020,19,34,7,0,0,0,1/ Been thinking about non-ergodicity and path dependency due to provocations from @doriantaylor and @TaylorPearsonMe...
1234939753415368705,1234939753415368705,Tue Mar 03 20:32:35 +0000 2020,5,41,1,0,0,0,A weird writing challenge is that my audience is aging much more slowly than I am. When I started ribbonfarm in 2007 ...
1234946372899500033,1234946372899500033,Tue Mar 03 20:58:54 +0000 2020,4,22,3,0,0,0,the cozynomics challenge... how do you provision and service a stay-at-home economy built around social distancing no...
1557976493258510338,1557976493258510338,Fri Aug 12 06:25:16 +0000 2022,9,128,10,0,0,0,There’s really no such thing as plain time-rich anymore. You’re either money rich  smarts rich  or spiraling to destr...
1234516646787633152,1234516646787633152,Mon Mar 02 16:31:19 +0000 2020,7,86,13,0,0,0,The viral pandemic-and-recession is kinda an apt end to a decade defined by best/worst of virality as a dynamic. The ...
1234266233123401729,1234266233123401729,Sun Mar 01 23:56:16 +0000 2020,7,14,0,0,0,0,Live-tweeting my reading of this book about golden age sci fi (~1930s-50s) here  which strikes me as very similar to ...
1233894917061038081,1233894917061038081,Sat Feb 29 23:20:47 +0000 2020,6,131,16,0,0,0,Sometimes it seems like people need reminding that being practical does not require being an asshole.  You can close ...
1557766522306568192,1557766522306568192,Thu Aug 11 16:30:55 +0000 2022,5,18,0,0,0,0,Spoke too soon. Spilled breakfast batter and had to remake. Beware wordleology. It’s good divination but still unreli...
1233633781585567745,1233633781585567745,Sat Feb 29 06:03:07 +0000 2020,5,11,0,0,0,0,Paywall amnesia: when you’ve been running a free slack for years 😎
1233587423189164032,1233587423189164032,Sat Feb 29 02:58:55 +0000 2020,4,45,5,0,0,0,Sci-fi idea. A world where it’s normal to ask people about their inner journey in life but rude to ask about outer.
1233494288455131138,1233494288455131138,Fri Feb 28 20:48:50 +0000 2020,31,20,2,0,0,0,My estimates the min cost of writing ordinary long form nonfiction well at various lengths in the US (not special stu...
1232814604318756864,1232814604318756864,Wed Feb 26 23:48:00 +0000 2020,4,20,0,0,0,0,I have a sort of weird narrative memory blindness with respect to my breaking smart writing. I have 141 newsletter is...
1232752482406649856,1232752482406649856,Wed Feb 26 19:41:09 +0000 2020,7,19,3,0,0,0,Last year in my closing remarks at refactor camp  I said 2019 should probably be the last one in that format and it s...
1232737311055441922,1232737311055441922,Wed Feb 26 18:40:52 +0000 2020,4,23,5,0,0,0,In my head rn:  Ribbonfarm: NASA/NSF Breaking Smart: DARPA+Silicon Valley Art of Gig: NIH+NEA Project Mansion (codena...
1232713412762750977,1232713412762750977,Wed Feb 26 17:05:54 +0000 2020,8,114,8,0,0,0,Has anyone ever tried to construct cluster maps of essential reads at the cores of all canons together? Ie instead of...
1232140841965080576,1232140841965080576,Tue Feb 25 03:10:43 +0000 2020,7,36,3,0,0,0,This is something like a roundup of a lot of inside-baseball thinking. Mostly of interest to serious online writers/p...
1232032478958800896,1232032478958800896,Mon Feb 24 20:00:07 +0000 2020,9,18,0,0,0,0,Hosting costs up 45% YOY  and Amazon affiliate income down 26% YOY means ribbonfarm is  for the first time in its ove...
1590748750120882178,1590748750120882178,Thu Nov 10 16:50:31 +0000 2022,7,22,3,0,0,0,Flounce un-strategies I see so far  1.  Using cosmetically similar thing as defeatured substitute and accepting degra...
1231833861568385024,1231833861568385024,Mon Feb 24 06:50:53 +0000 2020,7,81,9,0,0,0,A thought I’ve been mulling is that if an alien species wanted to insert artifacts into earth technology now it would...
1231811285630644224,1231811285630644224,Mon Feb 24 05:21:11 +0000 2020,6,30,1,0,0,0,A world of vaguely socialist Asimovian caves-of-steel post-scarcity city states connected by cheap  slow  green trans...
1231675430165336064,1231675430165336064,Sun Feb 23 20:21:20 +0000 2020,6,11,0,0,0,0,Poll: What is the highest price at which you’d buy 40h (1 full work week) of my time *right now*  (trying to estimate...
1231725788002566144,1231725788002566144,Sun Feb 23 23:41:26 +0000 2020,11,33,2,0,0,0,Thought: For an individual  labor supply curve is not monotonic up and to the right  it’s a U-shape. If you have mini...
1231666560156102656,1231666560156102656,Sun Feb 23 19:46:05 +0000 2020,8,12,2,0,0,0,Doing NPV calculations on time investments seems wrong. Should you spend $5000 now for 7 years of $1000/y cash flow  ...
1231648802492174336,1231648802492174336,Sun Feb 23 18:35:32 +0000 2020,4,9,0,0,0,0,Interesting  I hadn’t heard of wattpad. Sounds like substack for serialized fiction except you don’t charge subscript...
1231486929637560321,1231486929637560321,Sun Feb 23 07:52:18 +0000 2020,5,28,3,0,0,0,The Bernie story feels kinda like matrix sequel. The shock value of the original (Trump) shattering of normalcy is go...
1231474210544816128,1231474210544816128,Sun Feb 23 07:01:46 +0000 2020,6,69,6,0,0,0,Kinda fascinating that a virus is the biggest story in 2020for me personally  way ahead of Sanders vs Democratic Part...
1230745541589401605,1230745541589401605,Fri Feb 21 06:46:17 +0000 2020,15,18,2,0,0,0,Speaking of escapism  Buck Rogers  who launched modern space fiction first appeared in 1929 at the start of the Great...
1230704037948870656,1230704037948870656,Fri Feb 21 04:01:22 +0000 2020,5,17,0,0,0,0,Do doctors still order rest cures at the seaside or taking the waters at mineral hot springs?  Seems so relaxing
1230630945092325376,1230630945092325376,Thu Feb 20 23:10:55 +0000 2020,26,73,13,0,0,0,My own initial reaction to gpt2 helps me understand why pre-modern tribes reacted to being filmed and shown the foota...
1230560742442590208,1230560742442590208,Thu Feb 20 18:31:58 +0000 2020,7,14,2,0,0,0,Stripe capital loan terms are interesting. I'm being offered up to 10k at fixed fees that seem to be just short of 10...
1230326989711532034,1230326989711532034,Thu Feb 20 03:03:07 +0000 2020,4,86,8,0,0,0,Basically modern developed high-tech societies are so complex that if somebody like Warren (serious  thinks  listens)...
1230294689745489920,1230294689745489920,Thu Feb 20 00:54:46 +0000 2020,4,17,2,0,0,0,This ideology needs a name. I’m going with Fully Turked* Luxury Space** Authoritarian-Mansionism  * Automation not fe...
1229927776729174018,1229927776729174018,Wed Feb 19 00:36:47 +0000 2020,9,129,6,0,0,0,When I get my mansion  there will be rooms for a live-in staff of note-takers  editors  programmers  artists etc. A f...
1230182790882181122,1230182790882181122,Wed Feb 19 17:30:07 +0000 2020,26,37,5,0,0,0,Shifting from quality as a yield fraction of quantity (the high-grading intrinsic approach to quality) to quality as ...
1229617666014380032,1229617666014380032,Tue Feb 18 04:04:31 +0000 2020,4,24,5,0,0,0,Young people today can’t even imagine the horror that was the world before Sony invented civilization by inventing th...
1557196069301149696,1557196069301149696,Wed Aug 10 02:44:08 +0000 2022,5,20,1,0,0,0,“Eval Apple” on a Palantir looking orb… AI predicts Apple is getting into crystal balls soon. Lambda signifies allian...
1229604153803997185,1229604153803997185,Tue Feb 18 03:10:49 +0000 2020,4,21,0,0,0,0,Neighbor who prompted this is at it again 😡  Then: went over and complained politely and he turned it down for a few ...
1229511122543202304,1229511122543202304,Mon Feb 17 21:01:09 +0000 2020,7,89,8,0,0,0,Interesting that there aren’t true tech think tanks where you could go work on speculative things. Chiices are: acade...
1229306802531028992,1229306802531028992,Mon Feb 17 07:29:15 +0000 2020,24,77,11,0,0,0,It is obvious that all religion is escapism but it’s not so obvious that all escapism is religion  religion: belief i...
1228746600714911745,1228746600714911745,Sat Feb 15 18:23:13 +0000 2020,5,12,2,0,0,0,I’m gonna call my 3 threads in the last 24h or so my Valentine’s Day 2020 trilogy: Dignitynomics  Theory of Constrain...
1228732368040521728,1228732368040521728,Sat Feb 15 17:26:39 +0000 2020,14,133,19,0,0,0,There’s orders of magnitude more information freely available to everybody today  to inform even the most trivial dec...
1228531707931815937,1228531707931815937,Sat Feb 15 04:09:18 +0000 2020,25,198,55,0,0,0,My lifestyle could reasonably be called stochastic semi-retirement  trading money for time in a very unpredictable wa...
1228449050967433217,1228449050967433217,Fri Feb 14 22:40:51 +0000 2020,41,44,9,0,0,0,When you "pull yourself together" you pull yourself together to approximate a consensus definition of human. For eg. ...
1228434711359311872,1228434711359311872,Fri Feb 14 21:43:53 +0000 2020,16,17,4,0,0,0,"Spend time" is metaphorically coherent  but "make time" is used in an incomplete way. We use the phrase to mean zero...
1228419892841332736,1228419892841332736,Fri Feb 14 20:45:00 +0000 2020,4,22,0,0,0,0,Every theme I kinda half-ass blogged about in 1-2 posts 8-12 years ago now seems to be the topic of some really well-...
1228169198196555776,1228169198196555776,Fri Feb 14 04:08:49 +0000 2020,5,21,2,0,0,0,YouTube is now my biggest blindspot ahead of podcasts. Can’t stand any of the examples in this thread. https://t.co/c...
1228108909484769280,1228108909484769280,Fri Feb 14 00:09:15 +0000 2020,32,31,9,0,0,0,Been thinking a lot about animal trials in medieval europe and how we've not just reversed the idea of animal crimina...
1228093520897949696,1228093520897949696,Thu Feb 13 23:08:06 +0000 2020,13,95,14,0,0,0,you've heard of conway's law (product structure mirrors org structure)... ever wonder where the chicken-egg loop star...
1227828075573870592,1227828075573870592,Thu Feb 13 05:33:19 +0000 2020,11,92,8,0,0,0,A real idea for a vita activa philosophy course is taking shape in my head  - domestic cozy - strategic mediocrity - ...
1227401269498671104,1227401269498671104,Wed Feb 12 01:17:21 +0000 2020,22,114,3,0,0,0,I’m clearly on to something here. Almost ratio’d.  I may have discovered the vent in the hustleporn Death Star 😮 http...
1227777245432840192,1227777245432840192,Thu Feb 13 02:11:20 +0000 2020,4,41,2,0,0,0,The tiresome and tiring thing about gig economy is that the only way to level up is to invent a new level  and past l...
1557094005212471299,1557094005212471299,Tue Aug 09 19:58:34 +0000 2022,5,522,62,0,0,0,One good thing pre-modern societies did better than us is take luck a lot more seriously. The content of superstition...
1557087266379481088,1557087266379481088,Tue Aug 09 19:31:48 +0000 2022,6,50,2,0,0,0,7 stages of existential disorientation   1. FUD freeze 2. Going Brrr 3. Random Acts of Creativity 4. Anaerobic capabi...
1227384307615854592,1227384307615854592,Wed Feb 12 00:09:57 +0000 2020,7,12,3,0,0,0,Interesting that there isn't a social media product with DMs as first class citizens. Messengers don't count since th...
1227331336500862976,1227331336500862976,Tue Feb 11 20:39:27 +0000 2020,9,37,1,0,0,0,10 years ago I had vague ambitions of starting some sort of think tank type org to house my long-term research intere...
1227290309467365376,1227290309467365376,Tue Feb 11 17:56:26 +0000 2020,10,51,6,0,0,0,Institution building is really a young person’s game  but older people have most of the metis needed to avoid the tho...
1227111015185186816,1227111015185186816,Tue Feb 11 06:03:59 +0000 2020,4,96,6,0,0,0,young people are acting way too thoughtful and enlightened lately and making me feel like an uncivilized barbarian wtf
1226388443694948355,1226388443694948355,Sun Feb 09 06:12:44 +0000 2020,37,110,20,0,0,0,Since WW2  the story of humanity has increasingly been the story of the top 100 or so charismatic big cities. The one...
1226278248650170368,1226278248650170368,Sat Feb 08 22:54:52 +0000 2020,4,47,0,0,0,0,Why is everyone suddenly talking about trauma? https://t.co/oFKiDRRFU6
1226980988217176065,1226980988217176065,Mon Feb 10 21:27:18 +0000 2020,6,5,0,0,0,0,Hmm looks like trads need their own John Muir type arguing for "trad national parks" 🤔  IUCT: International Union of ...
1226945498700865537,1226945498700865537,Mon Feb 10 19:06:17 +0000 2020,7,27,2,0,0,0,I have domestic competition in the meme coining game. My wife called this winter “the great sickening”.  Even without...
1226624283650088961,1226624283650088961,Sun Feb 09 21:49:53 +0000 2020,6,112,12,0,0,0,This was roughly the popular premium mediocre life script  1993-2015  Be the chosen one If you can’t be chosen one wo...
1226382240956866560,1226382240956866560,Sun Feb 09 05:48:05 +0000 2020,10,132,8,0,0,0,“Where to live next year” decision is turning out to be NP-hard.  Wife and I are gleefully vetoing each other’s ideas...
1226190334222163968,1226190334222163968,Sat Feb 08 17:05:31 +0000 2020,5,28,6,0,0,0,Very interesting. Especially the kidnapping and “I know what you did” things. There’s a movie to be made out of this ...
1225972600729288704,1225972600729288704,Sat Feb 08 02:40:20 +0000 2020,7,24,1,0,0,0,Meatspace is dehomogenizing
1225107682555617282,1225107682555617282,Wed Feb 05 17:23:27 +0000 2020,4,32,2,0,0,0,Alt title: timepass   I doubt anyone else will get this joke 🤣 https://t.co/mKgFMhGok5
1557029849818009601,1557029849818009601,Tue Aug 09 15:43:39 +0000 2022,4,2,0,1,1,0,@fstflofscholars @hondanhon @scrivenix I was mostly being flippant tbh  but it worries me when a theory-practice divi...
1556880762523095042,1556880762523095042,Tue Aug 09 05:51:13 +0000 2022,4,1,0,1,1,0,@fstflofscholars @hondanhon @scrivenix I was mechE undergrad and we had to design/build a few things. Aero undergrads...
1225129894100623360,1225129894100623360,Wed Feb 05 18:51:43 +0000 2020,5,4,0,0,0,0,sci fashion future priors:  beige onesies: 30% apocalyptic henleys 30% trash couture: 20% technical athleisure: 10% o...
1224862448630370304,1224862448630370304,Wed Feb 05 01:08:59 +0000 2020,8,11,1,0,0,0,I have entered the GPT-2 era  thanks to @thepbateman1! Here's a thread with some samples
1224094667408457730,1224094667408457730,Sun Feb 02 22:18:05 +0000 2020,4,19,1,0,0,0,A book by a friend is like a tourist spot in your own country or city. Short-term tourists are more likely to go ther...
1223840532373241857,1223840532373241857,Sun Feb 02 05:28:15 +0000 2020,15,69,8,0,0,0,There is something like a common knowledge game but with silences. Like  not all silences mean the same thing. When a...
1222387171924959233,1222387171924959233,Wed Jan 29 05:13:07 +0000 2020,5,198,17,0,0,0,Top 10 ways to get unstuck  10. Set a goal 9. Meditate  focus  sob or something 8. Learn a skill 7. Learn a lorem ips...
1222345120411832328,1222345120411832328,Wed Jan 29 02:26:01 +0000 2020,4,67,6,0,0,0,Schelling points are fascinating. They magically create something from nothing and direction without leadership. All ...
1222313951649656833,1222313951649656833,Wed Jan 29 00:22:10 +0000 2020,4,93,7,0,0,0,Email is bloody relentless. Now that spam is mostly beaten  it’s 90% automated quasi-junk (as in could be super impor...
1222308644668067841,1222308644668067841,Wed Jan 29 00:01:04 +0000 2020,4,7,0,1,1,0,@gravity_levity @literalbanana @Meaningness It means bureaucrats are usually wrong and whatever non-ministry-approved...
1222057968788619264,1222057968788619264,Tue Jan 28 07:24:59 +0000 2020,10,40,1,0,0,0,No longer have much hankering to travel unless it is in decently luxurious and convenient ways  even though I’ve only...
1590607352247771136,1590607352247771136,Thu Nov 10 07:28:39 +0000 2022,4,58,5,0,0,0,If you click on a bluecheck now it shows whether they paid for blue or are notable. The confused double check (blue+g...
1556797169687875584,1556797169687875584,Tue Aug 09 00:19:03 +0000 2022,10,33,1,0,0,0,So I was doing some analysis on patterns in my gigwork  and realized I'm usually selling an alt to default-mode leade...
1221968465193365505,1221968465193365505,Tue Jan 28 01:29:19 +0000 2020,20,84,7,0,0,0,The 4 modern castes  from bottom to top  The uninsured stricken People on Plan B-Z People on Plan A People who don’t ...
1221906780344578049,1221906780344578049,Mon Jan 27 21:24:13 +0000 2020,4,18,3,0,0,0,An evolution that would be really good for the gig economy would be the evolution of decent risk-pooling models. The ...
1218048129536118785,1218048129536118785,Fri Jan 17 05:51:18 +0000 2020,12,14,1,0,0,0,One of my best tweets https://t.co/2lH2oqQj5K
1221584556848902144,1221584556848902144,Mon Jan 27 00:03:48 +0000 2020,7,71,4,0,0,0,People who are fully dependent on trusted others for critical needs (like a non-earning spouse or a parent or a grown...
1221314733334097921,1221314733334097921,Sun Jan 26 06:11:38 +0000 2020,7,70,13,0,0,0,Be the externality you wish to see in the world
1221496954221260801,1221496954221260801,Sun Jan 26 18:15:42 +0000 2020,12,239,44,0,0,0,A good way to go wrong in a complex system is “focus on the basics”  There are no basics. There’s only intertwingled ...
1221465605896671232,1221465605896671232,Sun Jan 26 16:11:08 +0000 2020,4,16,1,0,0,0,I need a Cunning Plan  First year in like a decade that I’ve felt like I needed one. The blithe spirit approach looks...
1210998527792300032,1210998527792300032,Sat Dec 28 18:58:42 +0000 2019,11,69,5,0,0,0,I will admit I hate doing handyman shit now. Used to be proud to be able to do basic stuff as a teenager but jeez it’...
1220845714730651648,1220845714730651648,Fri Jan 24 23:07:55 +0000 2020,10,418,51,0,0,0,Oh whoa  Clayton Christensen died?  Damn. Probably the single most important business thinker of the last century. I'...
1220842388916068353,1220842388916068353,Fri Jan 24 22:54:42 +0000 2020,4,12,2,0,0,0,This thread of videos from Refactor Camp 2019  on "escaping reality" is now complete. There are 18 excellent talks. T...
1220135221913251841,1220135221913251841,Thu Jan 23 00:04:40 +0000 2020,4,20,1,0,0,0,Wonder what conclusions can be drawn from morphology diffs in @MenanderSoter graphs (Menander graphs? 🤔) For eg here ...
1199391391803043840,1199391391803043840,Tue Nov 26 18:16:06 +0000 2019,55,214,11,0,0,0,Ok starting to kick the tires on @RoamResearch ... this is going to be my starting point. https://t.co/TO3WVsBisI
1219513520108105729,1219513520108105729,Tue Jan 21 06:54:15 +0000 2020,4,77,9,0,0,0,When you get near 100% confident in a belief  you internalize it  which means it sinks into the unconscious. To hold ...
1219360118875119616,1219360118875119616,Mon Jan 20 20:44:41 +0000 2020,13,74,7,0,0,0,My IoB post has attracted the most ever comments along the lines of "why is this so long  tldr &lt;favorite compressi...
1218726054405128192,1218726054405128192,Sun Jan 19 02:45:08 +0000 2020,9,17,2,0,0,0,Watching Godzilla: King of Monsters (2019). It is fascinatingly bad and stupid. I’m always intrigued by why bad entri...
1218401471001026560,1218401471001026560,Sat Jan 18 05:15:22 +0000 2020,4,28,1,0,0,0,I don’t normally like self-referential Hollywood movies but Once Upon a Time in Hollywood is very good. Unlike other ...
1217685918217203717,1217685918217203717,Thu Jan 16 05:52:01 +0000 2020,6,7,1,0,0,0,Well  caught up with the rest of the well state of the union. MMXX felt like an important one. I don’t always read th...
1217664726794043392,1217664726794043392,Thu Jan 16 04:27:48 +0000 2020,13,12,1,0,0,0,“This is the first year when Bill strikes me as an old-fashioned figure   a Boomer outwitted by events  trending towa...
1217308534737498112,1217308534737498112,Wed Jan 15 04:52:25 +0000 2020,11,23,2,0,0,0,Reading @bruces annual thing made me realize why I had an instinctive aversion to letter dot wiki. The mannered faux-...
1217323609179348993,1217323609179348993,Wed Jan 15 05:52:19 +0000 2020,4,11,2,0,0,0,YES! suck it subculties. https://t.co/pztHIAst2W
1217153866447212544,1217153866447212544,Tue Jan 14 18:37:50 +0000 2020,6,5,0,1,1,0,@bhudgeons @josephkelly @TaylorPearsonMe Tagging the right Joe Edelman @edelwax this time and untagging the wrong one...
1216878714387959808,1216878714387959808,Tue Jan 14 00:24:28 +0000 2020,12,16,1,0,0,0,Epistemic status: searching for truthiness
1216800623321997314,1216800623321997314,Mon Jan 13 19:14:10 +0000 2020,4,35,2,0,0,0,Not a good sign that I can actually parse this tweet https://t.co/Fx2JTJq51O
1556416776300163072,1556416776300163072,Sun Aug 07 23:07:30 +0000 2022,20,20,3,0,0,0,Let’s do a 10 minute AMA. Haven’t done one in a while.
1216555632955809792,1216555632955809792,Mon Jan 13 03:00:40 +0000 2020,4,2,0,0,0,0,Started watching Dollface. Surprisingly funny despite a pretty conventional pre-weirding sitcom structure.
1216454083411767296,1216454083411767296,Sun Jan 12 20:17:08 +0000 2020,7,46,2,0,0,0,Running a think tank seems like way too much work  but I could probably run like a think mug 🤔
1216439913618395136,1216439913618395136,Sun Jan 12 19:20:50 +0000 2020,5,12,1,0,0,0,In  Bill Janeway’s theory of VC  startups need more cash and control during uncertainty (run fat in bad times). For i...
1216428968213016576,1216428968213016576,Sun Jan 12 18:37:20 +0000 2020,4,91,2,0,0,0,Is there a concept like antihormesis where steady  accumulating responses to stressors with insufficient recovery mak...
1216395183375306753,1216395183375306753,Sun Jan 12 16:23:05 +0000 2020,6,22,1,1,1,0,@visakanv @QiaochuYuan The thing is  the original (feminine spirituality/goddess stuff) exists largely as an essentia...
1216259957592453120,1216259957592453120,Sun Jan 12 07:25:45 +0000 2020,7,58,12,0,0,0,Modernity breaks the correlation between individual strength and collective well-being. The fates of societies often ...
1216219960248340480,1216219960248340480,Sun Jan 12 04:46:49 +0000 2020,5,89,5,0,0,0,What is the most trivial event that would drain your resilience and make you go “life sucks and universe hates me”?  ...
1216198125611671553,1216198125611671553,Sun Jan 12 03:20:03 +0000 2020,4,12,0,0,0,0,The culture war is over. Mission accomplished. https://t.co/7GmyO1KLQl
1216048849380184064,1216048849380184064,Sat Jan 11 17:26:53 +0000 2020,6,403,27,0,0,0,15-25: mostly learn generically from generic famous books  25-32: mostly learn from introspection and weird/obscure b...
1215764445139333120,1215764445139333120,Fri Jan 10 22:36:46 +0000 2020,6,193,13,0,0,0,Aesthetocracy  Yep. We’re headed there.  Pick your favorite colors  sounds  textures  smells  and flavors carefully. ...
1215402885724246017,1215402885724246017,Thu Jan 09 22:40:03 +0000 2020,5,15,0,0,0,0,What accounts for differences in how excited people get about things?
1215127433126395904,1215127433126395904,Thu Jan 09 04:25:30 +0000 2020,4,292,26,0,0,0,It’s really depressing how important it is to every person to be seen  no matter how obscure and unimportant  and how...
1556176785322086401,1556176785322086401,Sun Aug 07 07:13:52 +0000 2022,31,60,6,0,0,0,Just hit me that explainer journalism is the one genre of modern pre-Weirding media that survived the Great Weirding ...
1215094573535334400,1215094573535334400,Thu Jan 09 02:14:56 +0000 2020,9,50,3,0,0,0,I’ve noticed my writing style has changed in the last few years in a very specific way: I seem to have unconsciously/...
1215086087795642369,1215086087795642369,Thu Jan 09 01:41:13 +0000 2020,4,3,0,1,1,0,@nils_gilman Because convergence is actually easier for irresponsible idiots perhaps? False consensus is easier than ...
1215030958761447424,1215030958761447424,Wed Jan 08 22:02:09 +0000 2020,4,7,0,0,0,0,the think tank/institutional investor/policy influence world is really very much like the brick-and-mortar version of...
1214390489048182784,1214390489048182784,Tue Jan 07 03:37:09 +0000 2020,5,47,3,0,0,0,Oh shit it just hit me that Robocop is basically a fairly straightforward update to Frankenstein.
1213626867246194688,1213626867246194688,Sun Jan 05 01:02:47 +0000 2020,4,79,12,0,0,0,Hmm. Fuck you money is a real thing huh? https://t.co/MU1qCwnu49 https://t.co/I53kmx0IOt
1556167373782061062,1556167373782061062,Sun Aug 07 06:36:28 +0000 2022,4,20,0,0,0,0,I think I entirely missed the rise of “grindset”  It’s a very sharp rise… was there a specific origin?  Also  I’ve be...
1213298016561463296,1213298016561463296,Sat Jan 04 03:16:03 +0000 2020,13,48,4,0,0,0,I used to do a lot of big drives in my 20s and early 30s. A different world. Different headspace. Must have logged at...
1213268392666267649,1213268392666267649,Sat Jan 04 01:18:20 +0000 2020,8,20,1,0,0,0,Bodies are bureaucracies. TPS reports all the way down.
1212926584081960960,1212926584081960960,Fri Jan 03 02:40:07 +0000 2020,4,18,0,0,0,0,Baby yoda deserves all the attention it is getting
1212485367741333504,1212485367741333504,Wed Jan 01 21:26:53 +0000 2020,16,45,10,0,0,0,Social scaling is generally understood in terms of the number of people in a coordination regime  so a way to get 120...
1212459209742155776,1212459209742155776,Wed Jan 01 19:42:56 +0000 2020,8,247,23,0,0,0,If you’re under 35 try consider replacing all resolutions with equivalent make-more-money resolutions.  Examples:  Ex...
1212217109486297089,1212217109486297089,Wed Jan 01 03:40:55 +0000 2020,5,17,1,0,0,0,Ok really enjoyed Mandalorian Ep. 4 in the same way I enjoyed Rogue One. A tiny subplot element in the movies (in thi...
1212189282800001024,1212189282800001024,Wed Jan 01 01:50:21 +0000 2020,13,29,1,0,0,0,Gonna do a different decade review: look back on Amazon orders and share 1 thing per year.   2009: I bought an hourgl...
1212139784539271168,1212139784539271168,Tue Dec 31 22:33:39 +0000 2019,5,27,3,0,0,0,Time dilation/contraction perceptions are at least 2d  where first dimension is event stream and second dimension is ...
1555984610823061506,1555984610823061506,Sat Aug 06 18:30:14 +0000 2022,6,20,2,0,0,0,Wanted to understand what “sampling” is and found this YouTube series demonstrating it. Very interesting.  Can someon...
1211760165772378112,1211760165772378112,Mon Dec 30 21:25:11 +0000 2019,5,46,5,0,0,0,Recommended: American Factory on Netflix. Documentary about Fuyao glass in Dayton  OH. Created a bunch of jobs but se...
1211726082933526528,1211726082933526528,Mon Dec 30 19:09:45 +0000 2019,4,8,1,0,0,0,YES! https://t.co/mHh26l3Igk
1203752363053350912,1203752363053350912,Sun Dec 08 19:05:02 +0000 2019,11,24,1,0,0,0,@Conaw @RoamResearch One of the things you're going to run into is people wanting to separate out projects. Currently...
1211401394353098752,1211401394353098752,Sun Dec 29 21:39:33 +0000 2019,25,257,10,0,0,0,Is it just me or are we experiencing a slightly exhausting glut of people reading and summarizing huge volumes of boo...
1211487530110996481,1211487530110996481,Mon Dec 30 03:21:50 +0000 2019,5,49,3,0,0,0,Things I was doing in 2009 that I no longer do  — ftp — telnet (now: ssh) — feature phone (briefly had the blackberry...
1555746739352584195,1555746739352584195,Sat Aug 06 02:45:01 +0000 2022,4,7,3,0,0,0,Smallest orbital rocket JAXA SS-520. Just 10m  can launch a 4kg cubesat.  https://t.co/kcfPTJpsNO
1211415894695350272,1211415894695350272,Sun Dec 29 22:37:10 +0000 2019,4,123,9,0,0,0,Non-normies without adequate creative outlets are ticking time bombs  kinda like normies without adequate status perf...
1211086727437148160,1211086727437148160,Sun Dec 29 00:49:11 +0000 2019,16,73,20,0,0,0,A couple of weeks ago I did some psychohistorical reflecting about the next decade  and decided it should be called t...
1210993678937808896,1210993678937808896,Sat Dec 28 18:39:26 +0000 2019,5,14,1,0,0,0,Changed a car headlight bulb. 5 minute annoying task I’ve done twice before in my life. This time doing it at the pea...
1555719876416720896,1555719876416720896,Sat Aug 06 00:58:17 +0000 2022,5,11,2,0,0,0,Poll: How many parties have you been to this year (&gt;4 people  not linked to a work event or a wedding/family gathe...
1210255202923638784,1210255202923638784,Thu Dec 26 17:45:00 +0000 2019,27,47,7,0,0,0,Entmoot principle: debate should be conducted at the slowest possible rate (including constraints arising from needin...
1555374050548953089,1555374050548953089,Fri Aug 05 02:04:05 +0000 2022,4,19,5,0,0,0,Recent events got me reflecting on stuff I’d forgotten… Closest I ever got to actually working in the aerospace indus...
1209945963609018368,1209945963609018368,Wed Dec 25 21:16:12 +0000 2019,5,61,2,0,0,0,Going boneless in conversation is weirdly sustainable unlike the silent treatment or conscious passive aggression. So...
1209560727502983169,1209560727502983169,Tue Dec 24 19:45:24 +0000 2019,4,10,1,0,0,0,Relative quality/importance of ideas aside  Heidegger is really annoying in exactly the way I suspect I am to many re...
1209543830585741312,1209543830585741312,Tue Dec 24 18:38:16 +0000 2019,17,25,5,0,0,0,1/ Short thread on "big picture" visualization metaphors and why I've become increasingly interested in mazes thanks ...
1555073271082545152,1555073271082545152,Thu Aug 04 06:08:54 +0000 2022,8,34,2,0,0,0,Neom twitter is endlessly fascinating. It’s like a platonic version of a Rorschach test.
1209193043754008576,1209193043754008576,Mon Dec 23 19:24:22 +0000 2019,16,64,9,0,0,0,0/ It is FESTIVUS. Let the airing of grievances begin. Here is my Festivus pole. You may QT this to share your own gr...
1208834920308588544,1208834920308588544,Sun Dec 22 19:41:18 +0000 2019,4,1,0,1,1,0,@eriktorenberg @TaylorPearsonMe my point with the entanglement thesis is that there isn't a there there with what you...
1555019771069968385,1555019771069968385,Thu Aug 04 02:36:18 +0000 2022,10,15,5,0,0,0,Poll:  In 2022 with regards to your general performance at life  what have you been trying to do?
1555001908053438465,1555001908053438465,Thu Aug 04 01:25:20 +0000 2022,6,25,0,0,0,0,Mansion project gradually being downgraded 😐  🤞(market boom + real estate crash) | (lottery)   🍀🧲💫
1208478973983723520,1208478973983723520,Sat Dec 21 20:06:54 +0000 2019,7,89,6,0,0,0,I'm no longer a blogger. I've been upgraded to hyperwriter by the authorial elevation events of 2020 like blogchainin...
1208450898050969602,1208450898050969602,Sat Dec 21 18:15:20 +0000 2019,17,34,5,0,0,0,So tldr on "supremacy" thing: yarvin backchannel-baited aaronson into overreacting to some aspirational overreach by ...
1208473060900143104,1208473060900143104,Sat Dec 21 19:43:24 +0000 2019,6,4,0,1,1,0,@eriktorenberg the point is that neither woke nor antiwoke is actually capable of eating the world  unlike software o...
1208225824232525826,1208225824232525826,Sat Dec 21 03:20:58 +0000 2019,5,22,1,0,0,0,Anyone want to design a threadapalooza t-shirt and put it up on cafepress or something? Go for it. My only request is...
1208216777701781504,1208216777701781504,Sat Dec 21 02:45:02 +0000 2019,4,20,1,0,0,0,My whole life in a way has been about arbitraging power imbalances among 3 forces: crowds  charismatic BDFL type lead...
1208199381016432642,1208199381016432642,Sat Dec 21 01:35:54 +0000 2019,17,173,34,0,0,0,The mark of a born bureaucrat is figuring out how to do something before figuring out the details of the what  and ne...
1205983999274840064,1205983999274840064,Sat Dec 14 22:52:46 +0000 2019,102,630,120,0,0,0,Thread of opinion threads (some are doing 1 per like  others are just going straight for a target number)
1208161634172035072,1208161634172035072,Fri Dec 20 23:05:54 +0000 2019,4,21,2,0,0,0,Turns out that Threadapalooza  though largely an unmotivated accident  ended up provoking some interesting thoughts r...
1554702892916887552,1554702892916887552,Wed Aug 03 05:37:09 +0000 2022,7,63,2,0,0,0,I barely ever see culture war content anymore despite being very online. I must be doing something right in my random...
1205320897495625729,1205320897495625729,Fri Dec 13 02:57:50 +0000 2019,102,311,24,0,0,0,Candid political opinions thread. One per like. Limit 100.
1207761459272278017,1207761459272278017,Thu Dec 19 20:35:45 +0000 2019,16,76,6,0,0,0,I think the Great Weirding has finally hit the tech stack. Everything I'm seeing happening to the consumer web experi...
1207366500366962688,1207366500366962688,Wed Dec 18 18:26:20 +0000 2019,5,40,5,0,0,0,First visualization of Threadapalooza 2019 by @theartlav 😃https://t.co/oBQu9lRpZ3
1205357296714280962,1205357296714280962,Fri Dec 13 05:22:28 +0000 2019,4,252,23,0,0,0,Everyone should do a one-opinion-per-like personal challenge (make it 2 or 3 if you have too few followers). Live-fir...
1554555667247030272,1554555667247030272,Tue Aug 02 19:52:07 +0000 2022,5,26,1,0,0,0,Life getting exhaustingly glitchy again
1554539789265010694,1554539789265010694,Tue Aug 02 18:49:02 +0000 2022,4,24,0,0,0,0,I think I've only been through LaGuardia once in like 1999 and it was definitely a dump then.   This kind of public a...
1590452854317514752,1590452854317514752,Wed Nov 09 21:14:44 +0000 2022,20,596,68,0,0,0,The larger the pile of money the dumber it is  If you have only $10 it is probably really smart money because you’re ...
1554253355400122368,1554253355400122368,Mon Aug 01 23:50:51 +0000 2022,33,189,19,0,0,0,If you take space exploration and anything to do with preventing or lowering suffering (eg stopping climate change or...
1205906755445653504,1205906755445653504,Sat Dec 14 17:45:49 +0000 2019,12,28,5,0,0,0,Writers read their contemporaries working on similar things much less that readers interested in the same subject  an...
1205586748723458048,1205586748723458048,Fri Dec 13 20:34:14 +0000 2019,4,34,2,0,0,0,My favorite folk explanation of general relativity (due to J. A. Wheeler I think) is: people think if all matter disa...
1205389105296576512,1205389105296576512,Fri Dec 13 07:28:52 +0000 2019,13,79,17,0,0,0,Nobody votes *for* anything anymore  only against. It’s a bit like politics has entered the equivalent of the zero-lo...
1205174065364750336,1205174065364750336,Thu Dec 12 17:14:22 +0000 2019,9,69,5,0,0,0,“Good health is merely the slowest possible rate at which one can die.” — unknown  “Good markets are merely the slowe...
1205008336250232838,1205008336250232838,Thu Dec 12 06:15:49 +0000 2019,5,69,7,0,0,0,I like Star Trek a lot but it’s like the worst prediction of the future of automation possible. All the clueless midd...
1204884591598686208,1204884591598686208,Wed Dec 11 22:04:06 +0000 2019,19,15,4,0,0,0,I feel like I should do a thread on this  but first I need a better name for our mode of production than "internet re...
1204882530328907776,1204882530328907776,Wed Dec 11 21:55:55 +0000 2019,4,16,1,0,0,0,Strikes me that Greta Thurnberg is a living version of Fearless Girl statue. With everything that implies 🤔  Our publ...
1204607652543655936,1204607652543655936,Wed Dec 11 03:43:39 +0000 2019,5,41,0,0,0,0,Hey @lunchclubai looks like you're emailing my gmail contacts with invites to join without permission. Not okay. I'm ...
1203384374386806784,1203384374386806784,Sat Dec 07 18:42:47 +0000 2019,6,15,3,0,0,0,I think the two situations in which "customer obsession" is a meaningful corporate value are:  a) life or death matte...
1203052322906984448,1203052322906984448,Fri Dec 06 20:43:20 +0000 2019,6,6,0,0,0,0,A couple of years ago I learned about offtake agreements from a chemical industry gig and now I think of my book proj...
1203050127021109248,1203050127021109248,Fri Dec 06 20:34:36 +0000 2019,4,8,1,0,0,0,Came up with a rather uncomfortable analogy between getting help for mental health issues and startup investing:  Fri...
1203009847928639488,1203009847928639488,Fri Dec 06 17:54:33 +0000 2019,7,31,6,0,0,0,One of the annoying things about my current research on temporality is that there are several big fat books everybody...
1202998248606035968,1202998248606035968,Fri Dec 06 17:08:27 +0000 2019,4,60,8,0,0,0,If you work for a company that’s harvesting a market in terminal decline rather than pioneering  growing  or sustaini...
1554191157722169344,1554191157722169344,Mon Aug 01 19:43:42 +0000 2022,4,13,0,1,1,0,@s_r_constantin @QiaochuYuan I suspect on the part of the SJW grifter crowd  it’s actually a power grab. So long as t...
1201322810628423681,1201322810628423681,Mon Dec 02 02:10:52 +0000 2019,4,245,35,0,0,0,Most people are not lazy enough. The kind of relentlessly effortful living conservatives love to preach is unnatural ...
1201300770890506240,1201300770890506240,Mon Dec 02 00:43:17 +0000 2019,7,151,23,0,0,0,I accept all excuses  but I especially recommend “I have no dreams” if you want my sympathy.   Complaints about life ...
1201236513750519808,1201236513750519808,Sun Dec 01 20:27:57 +0000 2019,24,40,6,0,0,0,Horrifying phrase I heard recently: enterprization of consumption.  Far too true unfortunately.
1201196767523434496,1201196767523434496,Sun Dec 01 17:50:01 +0000 2019,6,16,2,0,0,0,Randomized universal basic nobility RUBN. Every year 1% of land with titles is handed out by lottery to random people...
1201181736383602688,1201181736383602688,Sun Dec 01 16:50:17 +0000 2019,7,19,1,0,0,0,TIL insiders call the British monarchy the Firm https://t.co/8Z0AwCGVDA
1201041971273293824,1201041971273293824,Sun Dec 01 07:34:54 +0000 2019,4,36,3,0,0,0,These 3 articles I read today were helpful in triangulating a coherent life philosophy that is exactly the opposite o...
1200857184021516289,1200857184021516289,Sat Nov 30 19:20:38 +0000 2019,5,15,0,0,0,0,Does the twitter api give us enough control to write our own feed algorithm?  And is Latest Tweets really latest twee...
1200284271144947713,1200284271144947713,Fri Nov 29 05:24:05 +0000 2019,5,38,1,0,0,0,|￣￣￣￣￣￣￣￣￣￣￣ | | Why yes  I’m a member of| | the educated  elite              | | professional class!              | ...
1553603907183468544,1553603907183468544,Sun Jul 31 04:50:10 +0000 2022,4,29,0,0,0,0,Working class local cultural pride (around local street food  Cheers type bars  local “characters”  sports teams…) is...
1200101161128185856,1200101161128185856,Thu Nov 28 17:16:28 +0000 2019,5,67,7,0,0,0,How would you reimagine blogs around graph databases as the foundation?   (Roam  Notion  Gatsby all seem to have blog...
1199859148172562432,1199859148172562432,Thu Nov 28 01:14:47 +0000 2019,14,18,2,0,0,0,Had a little thought. We tend to characterize ideologies in internal (“subjective”) or external (“objective”) terms  ...
1199836531931795456,1199836531931795456,Wed Nov 27 23:44:55 +0000 2019,8,23,4,0,0,0,Some meta-commentary on why this article is important. It kills the wishful belief that 2-of-3 coalitions are still p...
1199814043743088640,1199814043743088640,Wed Nov 27 22:15:34 +0000 2019,24,134,33,0,0,0,This (excellent) article doing the rounds is basically the wonky economics version of the premium mediocre argument h...
1199805643617492992,1199805643617492992,Wed Nov 27 21:42:11 +0000 2019,5,3,0,1,1,0,@tomcritchlow @iChris unfortunately  all this is technically way beyond me to set up on an experimental basis so I'd ...
1199217002948096001,1199217002948096001,Tue Nov 26 06:43:08 +0000 2019,4,37,0,0,0,0,Monument Valley is a totally exquisite game  hit @danielfschmidt   A bit like 99 rockets. It’s like exploring a work ...
1158850885042110464,1158850885042110464,Tue Aug 06 21:22:36 +0000 2019,12,77,15,0,0,0,Events in the past few years (from global to personal) have me thinking that the only way the aggravations of life on...
1199032441056292864,1199032441056292864,Mon Nov 25 18:29:45 +0000 2019,13,52,7,0,0,0,When a movement tries to claim an overly broad label for a very narrow position (like "accelerationism"  "design thin...
1553562172269084673,1553562172269084673,Sun Jul 31 02:04:20 +0000 2022,6,77,3,0,0,0,Current global fertility rate is 2.48. Replacement level is 2.1. If it drops to say 1.8  every woman will have to bui...
1199011042182881287,1199011042182881287,Mon Nov 25 17:04:43 +0000 2019,4,1,0,1,1,0,@niftynei Not really. I worked on drone and autonomous robotics for years and literally nobody I met on the civilian ...
1198273081875353604,1198273081875353604,Sat Nov 23 16:12:20 +0000 2019,9,81,7,0,0,0,Came up with a model I call the need/want/ignore social psychology model.   The world has 3 kinds of people in relati...
1196688685715968001,1196688685715968001,Tue Nov 19 07:16:30 +0000 2019,11,130,13,0,0,0,Maintenance is not just boring  it is metaboring  Boring is when you change the channel because a dull show on  Metab...
1196486078028402688,1196486078028402688,Mon Nov 18 17:51:25 +0000 2019,11,22,3,0,0,0,There is a growing genre of tech writing that studiously pretends that a sort of ironic apathy towards technological ...
1195937380210921472,1195937380210921472,Sun Nov 17 05:31:05 +0000 2019,32,94,13,0,0,0,Thinking about my thread this morning on why independent research is hard  and what it would take to make it possible...
1195789557465153536,1195789557465153536,Sat Nov 16 19:43:41 +0000 2019,34,280,50,0,0,0,I was briefly calling myself an independent researcher: somebody who self-funds spec R&amp;D on their own ideas. In t...
1553485672672964608,1553485672672964608,Sat Jul 30 21:00:21 +0000 2022,6,31,3,0,0,0,Nerding out over arcology lately has me thinking about arks as in Noah. “Arkology” seems to be the name of an album  ...
1195416430843293697,1195416430843293697,Fri Nov 15 19:01:01 +0000 2019,5,64,11,0,0,0,Anyone know of good refs about both reading and writing good briefs  within institutions like the CIA or other places...
1195378395871232001,1195378395871232001,Fri Nov 15 16:29:53 +0000 2019,4,18,2,0,0,0,The only hardware work I do regularly is cooking. Hardware generally has a higher  more complex Minimal Satisfying Pr...
1194844288233791488,1194844288233791488,Thu Nov 14 05:07:32 +0000 2019,6,115,5,0,0,0,Asking people what they do should count as a microaggression.
1186848444939325440,1186848444939325440,Wed Oct 23 03:34:54 +0000 2019,7,23,1,0,0,0,I have acquired a fancy Moncler vest under mysterious circumstances.  Wife thinks I can’t wear it unless I turn VC. I...
1193988126508605440,1193988126508605440,Mon Nov 11 20:25:27 +0000 2019,4,78,8,0,0,0,Macro thinkers tend to assume there are 3 basic ways to solve problems: institutions  markets  and organized military...
1193925116012314627,1193925116012314627,Mon Nov 11 16:15:04 +0000 2019,50,96,18,0,0,0,sigh this is going to be the inequality election
1193614633090707456,1193614633090707456,Sun Nov 10 19:41:19 +0000 2019,17,742,98,0,0,0,Trying out various oks for feel  ok boomer ok nazi ok wokie  ok centrist ok millennial ok techie ok incel ok chad  da...
1553418220819738625,1553418220819738625,Sat Jul 30 16:32:19 +0000 2022,5,4,0,1,1,0,@fstflofscholars This interest in study as opposed to shallow curiosity or drive-by interest is I think a big part of...
1553406750006554625,1553406750006554625,Sat Jul 30 15:46:44 +0000 2022,4,6,1,1,1,0,@fstflofscholars Interested in almost everything including fortunately almost all school subjects. Outside of syllabu...
1193203785423654912,1193203785423654912,Sat Nov 09 16:28:45 +0000 2019,13,131,20,0,0,0,Can you imagine a civilization that knows how to build rockets and spacecraft and has mastered orbital mechanics  but...
1192695749043113984,1192695749043113984,Fri Nov 08 06:50:00 +0000 2019,5,119,10,0,0,0,I think Tyler misreads this. While he’s right that Boomers are viewed as a force of nature  ‘Ok Boomer’ signals agenc...
1192524260209643520,1192524260209643520,Thu Nov 07 19:28:34 +0000 2019,18,61,3,0,0,0,A good hack to find interesting ideas to work on is to start with a word that seems to pick out an important concept ...
1192475886957682694,1192475886957682694,Thu Nov 07 16:16:21 +0000 2019,4,8,0,0,0,0,What are the earliest examples of what we’d recognize as postmodern irony in the wild? (ie not academic theorizing  b...
1191484439966076928,1191484439966076928,Mon Nov 04 22:36:41 +0000 2019,5,27,0,0,0,0,This is probably something I shouldn't admit  since it devalues my archives  but I have this vague sense of conscious...
1191245371210551296,1191245371210551296,Mon Nov 04 06:46:43 +0000 2019,7,80,7,0,0,0,Long-termism is a kind of minimalism. The longer the planning horizon beyond a point  the fewer assumptions you can t...
1190679653146451968,1190679653146451968,Sat Nov 02 17:18:45 +0000 2019,6,11,1,0,0,0,I invented a statistics watch. Somebody make an Apple Watch app for this. Can be set to coin or dice  with i.i.d  ARM...
1190405108548304896,1190405108548304896,Fri Nov 01 23:07:49 +0000 2019,4,52,6,0,0,0,Learning about founder of theosophy  Helena Blavatsky. She seems like a totally hilarious mix of troll  scam artist  ...
1545966494156107787,1545966494156107787,Sun Jul 10 03:01:49 +0000 2022,8,94,3,0,0,0,Found a nice 5 foot cardboard tube. What should I do with it? https://t.co/zXdQp2hdXo
1552681994693197824,1552681994693197824,Thu Jul 28 15:46:49 +0000 2022,9,98,12,0,0,0,The teachable newsletter is increasingly indistinguishable from prosperity gospel 😐  The “creator economy” has acquir...
1190353782816698369,1190353782816698369,Fri Nov 01 19:43:52 +0000 2019,9,9,1,1,1,0,Temporal collisions also reveal history. The reason most ancient cultures used lunar or lunisolar calendars is that i...
1189933213549858816,1189933213549858816,Thu Oct 31 15:52:40 +0000 2019,11,55,10,0,0,0,Here’s a thought.   When human agency increases  andceverybody becomes say 10% more superhuman  the expanded agency i...
1189758542359621632,1189758542359621632,Thu Oct 31 04:18:35 +0000 2019,10,36,4,0,0,0,What do you call belief states underlying this kind of kayfabe larping? It’s clearly not literal  or ordinary irony. ...
1189705839449452545,1189705839449452545,Thu Oct 31 00:49:10 +0000 2019,4,19,1,0,0,0,Once again hanging out at SJC waiting to head home. I haven’t been north of Palo Alto on Bay Area trips in 2.5 years....
1552516660233351168,1552516660233351168,Thu Jul 28 04:49:50 +0000 2022,10,4,1,0,0,0,This latest Orville plot is so mechanical you can see the joints
1188889240307818496,1188889240307818496,Mon Oct 28 18:44:18 +0000 2019,5,17,1,0,0,0,Not many responses. But most strategies I see are at one end of a barbell: either dive into fray to fight battles tha...
1188187274455896064,1188187274455896064,Sat Oct 26 20:14:56 +0000 2019,18,93,8,0,0,0,After napping on it  I have a theory of what ails capitalism: it is not Darwinian enough.  The “selfish” motive in Ad...
1187883958861582336,1187883958861582336,Sat Oct 26 00:09:40 +0000 2019,12,20,6,0,0,0,Question for people who have written a book (qua book  not blog compilations etc):   What was your book  and what opp...
1187814008591540224,1187814008591540224,Fri Oct 25 19:31:42 +0000 2019,4,14,1,1,1,0,@fortelabs Look at digital native things. Authoring a consciously crafted warren of interlinked threads like @visakan...
1187787891784601600,1187787891784601600,Fri Oct 25 17:47:56 +0000 2019,15,11,3,0,0,0,I want to connect this thread on political philosophy of free will to cultural consumption choices that seem “necessa...
1187771232059396096,1187771232059396096,Fri Oct 25 16:41:44 +0000 2019,5,19,0,0,0,0,The Like a Psychopath meme is very log-level  that’s why I like it I think
1187751885790302208,1187751885790302208,Fri Oct 25 15:24:51 +0000 2019,9,27,1,0,0,0,Thinking about the rule of totalitarianism "Everything not forbidden is compulsory." (T. H. White) which Gell-Mann po...
1552313120286158849,1552313120286158849,Wed Jul 27 15:21:03 +0000 2022,6,23,2,0,0,0,This makes me think of prompt engineering as inverse of algorithmic click-baiting. We finally get a shot at revenge o...
1186021988373975040,1186021988373975040,Sun Oct 20 20:50:51 +0000 2019,6,16,3,0,0,0,Wild idea. Imagine all nation states and governing entities right down to city level go away  and all movement is gov...
1186014605102862336,1186014605102862336,Sun Oct 20 20:21:31 +0000 2019,10,37,11,0,0,0,To first order  the degree to which your humanity is acknowledged by societal consensus is almost perfectly modeled b...
1186011194340937728,1186011194340937728,Sun Oct 20 20:07:58 +0000 2019,6,7,0,0,0,0,I'm blanking on a word to describe the unraveling of personhood you see in some homeless people in the grips of some ...
1186005001744707584,1186005001744707584,Sun Oct 20 19:43:21 +0000 2019,5,31,3,0,0,0,When I compare my experience on teachable and substack to say youtube  twitter and facebook  it strikes me that "crea...
1184693415486734336,1184693415486734336,Thu Oct 17 04:51:35 +0000 2019,11,29,4,0,0,0,Thought experiment: UX zombie  All knowledge is embodied in visual-tactile UIs like Bret Victor stuff  All math/ logi...
1551812470754291712,1551812470754291712,Tue Jul 26 06:11:38 +0000 2022,4,53,4,0,0,0,Screw mansions I want my own arcology https://t.co/hbnP4tnRUl
1551741927560687616,1551741927560687616,Tue Jul 26 01:31:20 +0000 2022,9,123,16,0,0,0,Ok despite my strongest MbS instincts this line city is bad ass. Like a stalled snowpiercer. Or sandpiercer in this c...
1183900801791475712,1183900801791475712,Tue Oct 15 00:22:01 +0000 2019,8,65,14,0,0,0,Shit  just realized why the turn in the Syrian conflict seems so uncannily familiar. It rhymes very strongly with the...
1551678211158708225,1551678211158708225,Mon Jul 25 21:18:08 +0000 2022,5,62,4,0,0,0,2 volume Art of Gig finally getting close to done. Draft covers — an Art of War homage  in mixed classical Asian pain...
1183485440118026240,1183485440118026240,Sun Oct 13 20:51:31 +0000 2019,4,15,1,0,0,0,Human understanding of the universe grows at a fairly slow rate  even with exponentially growing production of raw kn...
1183437518638682112,1183437518638682112,Sun Oct 13 17:41:06 +0000 2019,10,58,5,0,0,0,Empirically people don’t really seem to grow much after 40. Maybe 1 in 10 will adopt a truly different mindset. Maybe...
1183101697926651905,1183101697926651905,Sat Oct 12 19:26:40 +0000 2019,4,14,0,0,0,0,Several people have shared  this kind of feedback. Otoh  for quite many  Tempo is the only thing I've written that th...
1183074277261578240,1183074277261578240,Sat Oct 12 17:37:42 +0000 2019,4,31,6,0,0,0,All you rationality mavens  with/without prefixes (vanilla  bounded-  biased-  post-  meta-)...   Has anyone ever pro...
1182543531048669184,1182543531048669184,Fri Oct 11 06:28:43 +0000 2019,5,115,8,0,0,0,Holy crap just realized the 10th anniversary of the Gervais Principle was last week (posted Oct 7  2009)  For those w...
1182534907383312385,1182534907383312385,Fri Oct 11 05:54:27 +0000 2019,4,20,1,0,0,0,Realizing it wasn’t just USA network. SyFy also had a few middlebrow innocence shows during the same period.  Eureka ...
1182509144454000640,1182509144454000640,Fri Oct 11 04:12:04 +0000 2019,19,54,15,0,0,0,Portals vs flags is a good lens for breaking down fun-banter twitter vs beef-only missionary derp twitter. I’m 100% p...
1551321902014091264,1551321902014091264,Sun Jul 24 21:42:18 +0000 2022,6,37,5,0,0,0,Leveling up = discovering a stable new unit behavior at next level  which means driving some new infrastructure liter...
1182079241736736768,1182079241736736768,Wed Oct 09 23:43:47 +0000 2019,5,37,5,0,0,0,This Alison Gopnik Ted talk on how babies think is great. Her book The Philosophical Baby  has been on my to-read pil...
1181773449401778177,1181773449401778177,Wed Oct 09 03:28:41 +0000 2019,18,54,11,0,0,0,The combination of zero-sum impulses and VUCA (volatility  uncertainty  complexity  ambiguity) is deadly. Playing non...
1181583033893212161,1181583033893212161,Tue Oct 08 14:52:02 +0000 2019,4,10,2,0,0,0,What would failure-rate adjusted valuations of startups look like?   VC-firm-level returns are meaningful  but it’s w...
1551317767684427776,1551317767684427776,Sun Jul 24 21:25:52 +0000 2022,4,49,4,0,0,0,The main risk of consciously setting out to do creative work https://t.co/avaCwM065p
1181423111901573122,1181423111901573122,Tue Oct 08 04:16:34 +0000 2019,10,33,2,0,0,0,Cancelation is an interesting antithesis idea to fuck-you money. You could measure the strength of cancel culture by ...
1180644090674733056,1180644090674733056,Sun Oct 06 00:41:01 +0000 2019,5,92,23,0,0,0,On Twitter   “Epistemic status: Spitballing” is implied  Is that so hard people
1180585351963766796,1180585351963766796,Sat Oct 05 20:47:36 +0000 2019,4,59,8,0,0,0,We don’t talk enough about billionaires as a class  with anthropological patterns and stuff. Though they get tons of ...
1180566426853076992,1180566426853076992,Sat Oct 05 19:32:24 +0000 2019,4,20,2,0,0,0,I first tweeted this in 2015 as a sarcastic dig at tribalist types. Then I think I did a QT thread (which I can't fin...
1551270625095716864,1551270625095716864,Sun Jul 24 18:18:32 +0000 2022,4,40,0,0,0,0,New foxes-with-glasses sockses https://t.co/sQCHTBLrr5
1180561572374052864,1180561572374052864,Sat Oct 05 19:13:07 +0000 2019,9,272,52,0,0,0,It's funny how people think a post-apocalyptic landscape will be relatively flat socioeconomically. At most they thin...
1180534344936329216,1180534344936329216,Sat Oct 05 17:24:55 +0000 2019,5,6,0,0,0,0,Investing seems like a domain where charisma is particularly misleading. If you ranked billionaires in 2 ways  by how...
1180256540093108226,1180256540093108226,Fri Oct 04 23:01:01 +0000 2019,5,82,6,0,0,0,Institutions are biography compressors. When somebody asks for my story in a context where I have to actually answer ...
1180222895466795008,1180222895466795008,Fri Oct 04 20:47:20 +0000 2019,6,34,2,0,0,0,I don't necessarily like any of the conclusions that warren is reaching  but I like that she actually appears to be t...
1180145035594985472,1180145035594985472,Fri Oct 04 15:37:57 +0000 2019,10,43,7,0,0,0,“Great weirding” is my only from-the-future meme because it’s gained some currency even though I’ve never actually ex...
1179977624635895808,1179977624635895808,Fri Oct 04 04:32:43 +0000 2019,20,33,2,0,0,0,Looking for that Hangover 3 scene where they’re planning the break-in around a model of the target house and  Alan sa...
1179647092098076672,1179647092098076672,Thu Oct 03 06:39:18 +0000 2019,4,23,3,0,0,0,There’s a behaviorist/nurture side to the tabula rasa error. The assumption that if you don’t quite know what you are...
1179572627452547073,1179572627452547073,Thu Oct 03 01:43:24 +0000 2019,5,125,8,0,0,0,Let’s play a game. No idea whether I’ll be good at this.  Tell me age  marital status  and what you TYPICALLY do duri...
1179601956555251712,1179601956555251712,Thu Oct 03 03:39:57 +0000 2019,5,11,2,0,0,0,This is a good game to try on your feed if you want to copy the prompt. Lemme share some learnings from having answer...
1179541700848390144,1179541700848390144,Wed Oct 02 23:40:30 +0000 2019,9,22,1,0,0,0,A lot of my experience of embracing change reduces to embracing new proportions and priority orders for old things ra...
1179518653122793472,1179518653122793472,Wed Oct 02 22:08:55 +0000 2019,7,19,2,0,0,0,The great weakness of all reactionary ideologies is that there are more admissible solutions to the (often accurate) ...
1179512339000774657,1179512339000774657,Wed Oct 02 21:43:50 +0000 2019,4,3,0,0,0,0,Simpler: are reified collective constructs like "community"  "public" and "collective intention" real in a PKD sense?...
1179500375453257728,1179500375453257728,Wed Oct 02 20:56:18 +0000 2019,11,4,1,0,0,0,Ontology problem. Can "interinstitutionality" (by analogy to "intersubjectivity") be considered the same as "public"?
1179501493684064256,1179501493684064256,Wed Oct 02 21:00:44 +0000 2019,7,2,0,1,1,0,@DrSepah @RobertGreene That's a good analogy and an instructive example of why that thinking is wrong. Victoria's sec...
1179492629639098368,1179492629639098368,Wed Oct 02 20:25:31 +0000 2019,4,5,0,1,1,0,@DrSepah @RobertGreene "positive and abundant" messaging brands are not brands at all  they're defensive marketing po...
1550904502089224192,1550904502089224192,Sat Jul 23 18:03:42 +0000 2022,8,21,3,0,0,0,2x2 of learning types I was making turned out to be isomorphic to bartle test with x axis flipped and unexpected iden...
1179272591619629058,1179272591619629058,Wed Oct 02 05:51:10 +0000 2019,19,70,15,0,0,0,When you spend enough time in a given scene  and get to know the major players  they start to become predictable. You...
1178354828184997888,1178354828184997888,Sun Sep 29 17:04:18 +0000 2019,10,73,12,0,0,0,The trick to repeated self-disruption is to start on evenings and weekends. Once you’ve got momentum  start sneaking ...
1550618462552150016,1550618462552150016,Fri Jul 22 23:07:05 +0000 2022,9,39,7,0,0,0,Good read by @TPolymerist on the plastic waste discourse. Something about this topic brings out the most disingenuous...
1177464906871754755,1177464906871754755,Fri Sep 27 06:08:04 +0000 2019,6,35,1,0,0,0,If I had to explain myself as a figurative “very small shell script” it would be: a bot that tries to stay adjacent t...
1177446823365005313,1177446823365005313,Fri Sep 27 04:56:13 +0000 2019,6,51,4,0,0,0,A test of whether you’re wasting time on social media. Take whatever ennobling activity you think you could be doing ...
1177401125177184256,1177401125177184256,Fri Sep 27 01:54:37 +0000 2019,12,26,5,0,0,0,Hmm. I’ve been thinking Sputh Park is the only show that managed to maintain orientation through the Great Weirding  ...
1177392427142791168,1177392427142791168,Fri Sep 27 01:20:04 +0000 2019,5,11,0,0,0,0,I wonder to what extent domestic cozy is an artifact of rent being too high compared to other stuff you can buy. The ...
1177269034624020480,1177269034624020480,Thu Sep 26 17:09:45 +0000 2019,10,20,3,0,0,0,Doh  in hindsight obvious insight that I shoulda seen years ago. Disruption is to "get inside the adversary's OODA lo...
1176710201337974784,1176710201337974784,Wed Sep 25 04:09:08 +0000 2019,9,118,13,0,0,0,Aging is like scaling. You have to re-solve every significant life problem every 10 years.  Very annoying.
1550611681624985601,1550611681624985601,Fri Jul 22 22:40:08 +0000 2022,6,16,2,0,0,0,I don’t have strong feelings about this tbh  but the LA times and CNN also went with the hit-tv-show framing. Not an ...
1176688503419068417,1176688503419068417,Wed Sep 25 02:42:55 +0000 2019,5,21,2,0,0,0,It’s easy to say “increase tempo!”   But man is it hard to actually do without superlinear increase in energy input. ...
1175999844101439488,1175999844101439488,Mon Sep 23 05:06:26 +0000 2019,16,90,8,0,0,0,Here’s a spectrum of “memory” genres  1. Autobiography 2. Family history 3. Personal memoir 4. Subcultural history 5....
1175977384631136256,1175977384631136256,Mon Sep 23 03:37:11 +0000 2019,5,149,15,0,0,0,Many people complain they no can longer read longer things like long essays or books  Something similar is happening ...
1175555353418719232,1175555353418719232,Sat Sep 21 23:40:11 +0000 2019,4,156,12,0,0,0,Have you ever set/pursued real life goals? Not joke ones or fakes you make up for a workshop exercise.   I haven’t. I...
1175539300785475584,1175539300785475584,Sat Sep 21 22:36:24 +0000 2019,6,18,1,0,0,0,Do you have any “1 person twitter” relationships  where you’re not in a work/personal relationship  and not even deep...
1175505672084971520,1175505672084971520,Sat Sep 21 20:22:46 +0000 2019,6,4,1,0,0,0,Simplest pseudomath metaphor for subjective time experience I can come up with is “discrete quotient space defined ov...
1550513962218795010,1550513962218795010,Fri Jul 22 16:11:50 +0000 2022,12,11,3,0,0,0,This thing on blockchain as a “hardness” technology is interesting https://t.co/GfaKbe6VhE
1137899039926603776,1137899039926603776,Mon Jun 10 01:47:26 +0000 2019,5,29,1,0,0,0,Money is a zero-sum motivator. If you want $100  and make a plan to earn it  but then find a $20 bill  you’ll probabl...
1175207332139028480,1175207332139028480,Sat Sep 21 00:37:16 +0000 2019,7,10,2,0,0,0,A basic difference between science and engineering is that confirmation bias is a feature rather than a bug. When a p...
1175138767276933120,1175138767276933120,Fri Sep 20 20:04:49 +0000 2019,8,21,2,0,0,0,Some readers on https://t.co/XaFPQ8Nfza mastodon flagged an interesting but difficult UI problem with my blogchains f...
1175091736718131200,1175091736718131200,Fri Sep 20 16:57:56 +0000 2019,9,22,5,0,0,0,Quantum deontological ethics: Being okay with the wrong people doing the right thing for the wrong reasons  largely b...
1175077624764174336,1175077624764174336,Fri Sep 20 16:01:52 +0000 2019,8,15,1,0,0,0,I appreciate the energy of the climate strike  especially on the youthful end  even though it interferes almost as mu...
1174512094642786304,1174512094642786304,Thu Sep 19 02:34:39 +0000 2019,10,36,10,0,0,0,Q: What’s the difference between ontology and taxonomy  A: Ontology is the study of how to kill jokes about taxonomy
1174459207652786176,1174459207652786176,Wed Sep 18 23:04:30 +0000 2019,5,12,1,0,0,0,Resisting pious preaching about admitting when you are wrong or being willing to change your mind when presented with...
1174387234713194496,1174387234713194496,Wed Sep 18 18:18:30 +0000 2019,4,6,2,1,1,0,@wesyang https://t.co/ILFsvpBU6F
1174192057763684354,1174192057763684354,Wed Sep 18 05:22:56 +0000 2019,4,28,7,0,0,0,The time travel aspect of TV is under-appreciated. Especially watching bits of old variety shows. You get a weird sen...
1173994800372051969,1173994800372051969,Tue Sep 17 16:19:06 +0000 2019,12,67,7,0,0,0,If you classify western philosophers by what they led with  I think it is:  Epistemology-first: Spinoza  Descartes  H...
1173667992598499329,1173667992598499329,Mon Sep 16 18:40:29 +0000 2019,8,43,1,0,0,0,The @meaningness model of how meaning fell apart (choiceless --&gt; systematic --&gt;  countercultural --&gt; subcult...
1173486544096657408,1173486544096657408,Mon Sep 16 06:39:29 +0000 2019,4,26,4,0,0,0,Reading things written by noted visionaries of long-past eras is kinda depressing. Here is M. Visveswaraiya writing a...
1173446004965703680,1173446004965703680,Mon Sep 16 03:58:23 +0000 2019,4,27,4,0,0,0,I find I’m generally suspicious of people who write primarily for lots of new media sites/blogs  with no strong perso...
1173378640496611329,1173378640496611329,Sun Sep 15 23:30:42 +0000 2019,4,78,5,0,0,0,Just randomly got sucked into rich-lifestyles YouTube for 15 minutes. Dubai  Hollywood  etc. The juxtaposition of imm...
1173034484771373056,1173034484771373056,Sun Sep 15 00:43:09 +0000 2019,12,53,1,0,0,0,I suspect I don’t have significant thoughts about children because my own memories show no real sharp transition or e...
1590191988565237761,1590191988565237761,Wed Nov 09 03:58:09 +0000 2022,5,24,1,0,0,0,Looked in on portfolio to check on $tsla post musk’s 19.5m sale. Brutal but am still up 10x from when I bought in. Am...
1549953832209092609,1549953832209092609,Thu Jul 21 03:06:05 +0000 2022,7,108,8,0,0,0,Can generosity of spirit be taught? If so how?  As in  looking for the best in people  giving them the benefit of dou...
1172761435291750401,1172761435291750401,Sat Sep 14 06:38:09 +0000 2019,9,32,2,0,0,0,Postrat kids like to talk about “object level” but I don’t really grok that. But I like “log level” as preferred abst...
1172740570394939392,1172740570394939392,Sat Sep 14 05:15:15 +0000 2019,6,11,1,0,0,0,A widely accepted model of collapse (Tainter) is that societies collapse when they get “too complex” in some sense. B...
1172347960161497088,1172347960161497088,Fri Sep 13 03:15:09 +0000 2019,5,26,4,0,0,0,I’ve been fascinated by log-level views of worlds for decades (built logging views of multiagent system simulations m...
1172341311375958016,1172341311375958016,Fri Sep 13 02:48:44 +0000 2019,4,22,1,0,0,0,Not many activities allow you to drop out from under civilized life and provide a sort of clinging-to-the-undercarria...
1172315696522395649,1172315696522395649,Fri Sep 13 01:06:57 +0000 2019,10,31,2,0,0,0,Semantic satiation (“a psychological phenomenon in which repetition causes a word or phrase to temporarily lose meani...
1172307783468716033,1172307783468716033,Fri Sep 13 00:35:30 +0000 2019,4,38,6,0,0,0,Good poetry does the opposite of “poetic” things to me  Good poetry: uses words to rip away verbal lenses and direct ...
1172162625519513600,1172162625519513600,Thu Sep 12 14:58:42 +0000 2019,22,28,10,0,0,0,Lots of theories about all sorts of topics today exist in two purist forms: a “classical” universal absolutism  and a...
1549999343205199873,1549999343205199873,Thu Jul 21 06:06:55 +0000 2022,6,78,2,0,0,0,Mildly pissed after reading a story advertised as “science fiction” that literally had no fictional science premise t...
1171806478987956224,1171806478987956224,Wed Sep 11 15:23:30 +0000 2019,4,15,3,0,0,0,What do you call a startup that never grows up? A Peter Pan startup?  A lifestyle business is one kind of Peter Pan s...
1171645466292957184,1171645466292957184,Wed Sep 11 04:43:41 +0000 2019,5,22,1,0,0,0,There’s this hypothesis in social justice psychology that in an oppressive relationship the oppressed cannot find lib...
1171465812957261824,1171465812957261824,Tue Sep 10 16:49:49 +0000 2019,5,2,0,1,1,0,@ghuubear Depends on the scope  doesn't it? If our belief set consists of 1 belief like "all traffic offenders should...
1549923944370618369,1549923944370618369,Thu Jul 21 01:07:19 +0000 2022,5,10,3,0,0,0,Junkspace is Goodspace™
1549782700235509760,1549782700235509760,Wed Jul 20 15:46:03 +0000 2022,5,49,7,0,0,0,Poll: What’s your default solution to the “meaning crisis”?
1171161505116516352,1171161505116516352,Mon Sep 09 20:40:36 +0000 2019,15,22,3,0,0,0,By my secret formula  the optimal amount of work time for me to spend in culture-war beefing is about 12%. Strikes th...
1171136553969545218,1171136553969545218,Mon Sep 09 19:01:27 +0000 2019,4,68,4,0,0,0,Only 3 kinds of people appear to be left in Woke:  1. Psychopaths trying to take control of/harvest dying Blue instit...
1170844857088110593,1170844857088110593,Sun Sep 08 23:42:21 +0000 2019,7,20,2,0,0,0,I'm rarely a centrist on anything  but almost always a pacifist and don't-cause-pain type. Fighting/beefing exhausts ...
1170826587530395649,1170826587530395649,Sun Sep 08 22:29:46 +0000 2019,11,43,13,0,0,0,Just as there is "science envy" in parts of liberal arts/humanities leading to pseudo-scientific superstructures on t...
1170809411461242881,1170809411461242881,Sun Sep 08 21:21:30 +0000 2019,12,79,11,0,0,0,I suspect we’re about to see a zeitgeist-level design ethos swing from “ideas worth spreading” (TED  media lab etc) t...
1170806240722604032,1170806240722604032,Sun Sep 08 21:08:54 +0000 2019,4,13,0,0,0,0,Just realized why I’m randomly spitballing about unsexy jankiness issues in everyday products (obvious missing featur...
1170795580278226944,1170795580278226944,Sun Sep 08 20:26:33 +0000 2019,4,4,0,0,0,0,There’s a class of obvious monitoring or automation features for cheap devices that don’t exist probably because the ...
1170761312814522368,1170761312814522368,Sun Sep 08 18:10:23 +0000 2019,6,2,0,1,1,0,@pwang @eli_schiff @tobyshorin @hewhocutsdown Disagree. There is no zero sum relationship between individual responsi...
1170422886730850304,1170422886730850304,Sat Sep 07 19:45:36 +0000 2019,7,63,11,0,0,0,Genuine question: what exactly are the major contributions of MIT media lab? I will admit my priors might be unfair y...
1170404759380971520,1170404759380971520,Sat Sep 07 18:33:34 +0000 2019,4,10,1,0,0,0,In a multitemporal world  you can often detect beats (as in acoustics) when the internal clocks of two subcultures ar...
1170378395215003648,1170378395215003648,Sat Sep 07 16:48:48 +0000 2019,11,59,5,0,0,0,Laissez-faire was planned  planning was not — Polyani  Flexworking was planned  9-5 was not — me  When you look at th...
1170211404692869120,1170211404692869120,Sat Sep 07 05:45:15 +0000 2019,8,64,9,0,0,0,The Internet kinda made information collection hobbies obsolete. Before there was Wikipedia and tvtropes  there were ...
1170185523303858177,1170185523303858177,Sat Sep 07 04:02:24 +0000 2019,12,33,4,0,0,0,In general the 90s are an oddly forgotten decade. The internet and dotcom booms were so exciting and sucked so much a...
1170061421968625664,1170061421968625664,Fri Sep 06 19:49:16 +0000 2019,11,36,6,0,0,0,Striking contrast between the sober  understated "bureaucratic heroism" vibe of the ISRO mission control livestream v...
1169819562734280704,1169819562734280704,Fri Sep 06 03:48:12 +0000 2019,5,18,0,0,0,0,What makes a subject or information source easy to overindex on?  I suspect it is being at the edge of legibility. A ...
1169448988304502784,1169448988304502784,Thu Sep 05 03:15:40 +0000 2019,4,94,25,0,0,0,I recently learned a rule of thumb: a day in the ICU translates to a week in recovery.  The west has been in the ICU ...
1169113431821078528,1169113431821078528,Wed Sep 04 05:02:17 +0000 2019,16,114,18,0,0,0,Money can’t buy happiness but it sure as hell can create room for it
1169012329767419904,1169012329767419904,Tue Sep 03 22:20:33 +0000 2019,4,17,0,0,0,0,Have you noticed that though people complain of digital distraction  almost all of it is environmental/organic. It ha...
1549474261667958784,1549474261667958784,Tue Jul 19 19:20:26 +0000 2022,12,22,1,0,0,0,Is this anything? 🤔  Trying to do some “complex” analysis of regimes of programming. @karpathy software 2.0 maps to 2...
1168616891566288896,1168616891566288896,Mon Sep 02 20:09:13 +0000 2019,16,121,14,0,0,0,In math  when you go from 3 to 4 dimensions  there is a sharp switch from visual geometric intuitions to symbol-rewri...
1168610928868245504,1168610928868245504,Mon Sep 02 19:45:31 +0000 2019,8,26,6,0,0,0,says a lot about the overhyping of AI and stuff that cut and paste and screenshots remains the most basic way to extr...
1167897376876421120,1167897376876421120,Sat Aug 31 20:30:07 +0000 2019,6,41,2,0,0,0,One of the most useful effects of nerding out over Myers-Briggs or Enneagram is that it gives you a structure to easi...
1167875764387119104,1167875764387119104,Sat Aug 31 19:04:14 +0000 2019,16,39,6,0,0,0,I’m genuinely surprised by the number of religious people who read me. While I’m not a militant atheist like Dawkins ...
1167864779580424197,1167864779580424197,Sat Aug 31 18:20:35 +0000 2019,4,6,0,1,1,0,@chaosprime This critique generalizes even more I think. It’s basically determinists who either willfully or obliviou...
1167635851565649920,1167635851565649920,Sat Aug 31 03:10:55 +0000 2019,7,7,1,0,0,0,A concept I just made up: cultural history oxbow lakes
1549461157370417153,1549461157370417153,Tue Jul 19 18:28:22 +0000 2022,8,52,3,0,0,0,The “casual vs formal” sartorial metaphor explains everything 🤯  bloggers vs book writers improv storytellers vs deep...
1167538906725638146,1167538906725638146,Fri Aug 30 20:45:41 +0000 2019,9,35,1,0,0,0,I’m being slowly sucked into the podcasting world in a way I only quarter-intended. It’s a bit like Twitter. The barr...
1549429643760898048,1549429643760898048,Tue Jul 19 16:23:08 +0000 2022,25,18,2,0,0,0,Last week  I worked on an ebook with Vellum. First I’ve worked in a proper document creation tool other than LaTeX  w...
1166862402786213888,1166862402786213888,Wed Aug 28 23:57:30 +0000 2019,15,37,6,0,0,0,The world makes it easy for you to believe in your own specialness  but incredibly hard for you to truly discover you...
1166847425086017536,1166847425086017536,Wed Aug 28 22:57:59 +0000 2019,5,1,0,1,1,0,@nils_gilman @BCAppelbaum @BrankoMilan Maybe we can just fork it off as a different discipline we call Mannerist Hist...
1166809429783662592,1166809429783662592,Wed Aug 28 20:27:00 +0000 2019,17,13,1,0,0,0,Ribbonfarm is evolving through the equivalent of Star Trek in the 80s... blogchains are like the first 6 movies 1979-...
1166477635725086722,1166477635725086722,Tue Aug 27 22:28:35 +0000 2019,5,8,0,0,0,0,An annoying thing about picking words to use for things is that major uses that came before are often inconsistent. F...
1166401350566940672,1166401350566940672,Tue Aug 27 17:25:27 +0000 2019,7,25,1,0,0,0,Gesellschaft reputation works very differently from Gemeinschaft reputation  but in both cases  there is an extreme p...
1166137988121653249,1166137988121653249,Mon Aug 26 23:58:56 +0000 2019,7,31,7,0,0,0,“Cancelled” as an euphemism for modern social death reminds me of “delete” and “upgrade compulsary” language of the c...
1549261984800989184,1549261984800989184,Tue Jul 19 05:16:55 +0000 2022,10,935,93,0,0,0,Increasingly feels that AIs will never consistently pass any philosophically reasonable test of intelligence. But as ...
1549277315091144710,1549277315091144710,Tue Jul 19 06:17:50 +0000 2022,6,88,12,0,0,0,‘“Identity” is the new junk food for the dispossessed  globalization’s fodder for the disenfranchised.’ — Rem Koolhaa...
1165733455461670912,1165733455461670912,Sun Aug 25 21:11:28 +0000 2019,4,37,3,0,0,0,As a postdoc 15 years ago  I learned I was a mediocre researcher  worse-than-mediocre teacher  and better-than-medioc...
1165710714159284225,1165710714159284225,Sun Aug 25 19:41:06 +0000 2019,5,26,2,0,0,0,When I was a green young researacher in grad school  my instincts for lit searches were terrible. I'd look up 100 pap...
1165698134380429313,1165698134380429313,Sun Aug 25 18:51:07 +0000 2019,9,37,3,0,0,0,I've used index cards on and off as an alternative to large-form-factor brainstorming tools like whiteboards. I've la...
1165364213461614595,1165364213461614595,Sat Aug 24 20:44:14 +0000 2019,7,53,9,0,0,0,A temptation of subcultural intellectualism is wanting to adopt to esoteric takes for roughly same reason you might w...
1165347632161492992,1165347632161492992,Sat Aug 24 19:38:21 +0000 2019,10,52,7,0,0,0,The last 3 years have led me to a deep philosophical acceptance of Milton Friedman’s principle that effective politic...
1165321689049092098,1165321689049092098,Sat Aug 24 17:55:15 +0000 2019,22,97,27,0,0,0,When you look at international business history  it is clear that symmetric tit-for-tat is a dumb way to operate. Eve...
1165126460358578178,1165126460358578178,Sat Aug 24 04:59:29 +0000 2019,8,37,4,0,0,0,Wonder how CEOs of F100 like being “hereby ordered” to do things.   Even as proud owner of a mere great American sing...
1164938566125813760,1164938566125813760,Fri Aug 23 16:32:52 +0000 2019,15,51,7,0,0,0,The matriarchy is almost upon us  The weird thing though is that it’s increasingly clear it will be a trad matriarchy...
1163486856870187008,1163486856870187008,Mon Aug 19 16:24:17 +0000 2019,8,27,2,0,0,0,The near-universal popularity of tax-deferred retirement plans (free growth for retail investors  less churn for corp...
1163222210489671682,1163222210489671682,Sun Aug 18 22:52:41 +0000 2019,8,48,5,0,0,0,Trying to brainstorm self-xxxx adjectives for people. Help me out. So far:  Self-important Self-serving Self-dealing ...
1163151612304482305,1163151612304482305,Sun Aug 18 18:12:09 +0000 2019,4,4,1,1,1,0,@Rahul_Ramc I’d be wary if such definitions. There’s creating connections in various ways: metaphor  logic  aesthetic...
1163145686101049344,1163145686101049344,Sun Aug 18 17:48:36 +0000 2019,5,6,1,1,1,0,@Rahul_Ramc @nrose @david_perell Most of the ones I have in mind are technical unfortunately. Think of analogies and ...
1546985098146238465,1546985098146238465,Tue Jul 12 22:29:23 +0000 2022,11,33,1,0,0,0,Why has there never been a successful solution to problem of holding a beverage and snack in one hand while eating/dr...
1548907139485368321,1548907139485368321,Mon Jul 18 05:46:54 +0000 2022,9,31,6,0,0,0,Finally figured it out it: Reason Rem Koolhaas’ famous Junkspace essay reads so weird is because it’s like watching a...
1548900184544776192,1548900184544776192,Mon Jul 18 05:19:15 +0000 2022,4,21,2,0,0,0,🧐 this is just weird https://t.co/m5QpESbj2d
1162593887442968576,1162593887442968576,Sat Aug 17 05:15:57 +0000 2019,4,17,0,0,0,0,From Lewis Carroll’s preface to Sylvia and Bruno  an awkwardly surreal book I first read as a teenager which neverthe...
1161800553753505792,1161800553753505792,Thu Aug 15 00:43:31 +0000 2019,4,67,0,0,0,0,Every year I get more and more impressed by just how radically humane a technology TV is.   If you think it saves you...
1161772699561029632,1161772699561029632,Wed Aug 14 22:52:50 +0000 2019,12,26,1,0,0,0,One aspect of serendipity/zemblanity is luck returns on decisions.   There is compounding good/bad-luck returns on go...
1161749521862254592,1161749521862254592,Wed Aug 14 21:20:44 +0000 2019,4,33,0,0,0,0,Archetype of the year: People defined by hatred for those who fail to overcome/escape tough situations they did.   “T...
1161719715682668545,1161719715682668545,Wed Aug 14 19:22:18 +0000 2019,9,11,0,0,0,0,I’m gonna define “surreal” as “underflowing with life”  Flow containers that signal more elan vital capacity than is ...
1548756461341122561,1548756461341122561,Sun Jul 17 19:48:09 +0000 2022,5,80,2,0,0,0,How do embedded programmers ever get anything done? Every little thing feels like learning about an entire planetary ...
1161127888441102336,1161127888441102336,Tue Aug 13 04:10:35 +0000 2019,20,41,1,0,0,0,I never had much of a problem with virtue signaling per se.  Normal human behavior and people who seem upset by it se...
1161144853159280640,1161144853159280640,Tue Aug 13 05:18:00 +0000 2019,5,13,0,0,0,0,You know what part of old media *does* still sorta work and embodies the essence of progressivism without virtue sign...
1161112086304317442,1161112086304317442,Tue Aug 13 03:07:48 +0000 2019,12,55,0,0,0,0,This is exactly backwards and a concept of traditional media snobs (not to mention moral hazard of recommending media...
1160712050122694656,1160712050122694656,Mon Aug 12 00:38:12 +0000 2019,9,25,1,0,0,0,True story. When I first learned about core dumps in unix like 25y ago  the idea fascinated me so much  I started ous...
1160706064666353665,1160706064666353665,Mon Aug 12 00:14:25 +0000 2019,5,18,0,0,0,0,I think my fundamental problem with my Twitter use is that it’s not as shitposty as I’d like. I get tempted repeatedl...
1160608101759799297,1160608101759799297,Sun Aug 11 17:45:09 +0000 2019,27,107,0,0,0,0,A ladder of assertions about abilities of your rival X  1. X can’t do it 2. X can do it  but not as well as us 3. X c...
1160596453858762752,1160596453858762752,Sun Aug 11 16:58:52 +0000 2019,4,1,0,1,1,0,@nils_gilman You’re overstating my case. The glove unlike the pen is a metaphor for cosmetic roles.  Just because a d...
1160580672173436928,1160580672173436928,Sun Aug 11 15:56:09 +0000 2019,8,4,0,1,1,0,@nils_gilman I don’t think it will evolve this way. This is open-loop extrapolation and people are already starting t...
1160286885278707712,1160286885278707712,Sat Aug 10 20:28:45 +0000 2019,23,69,0,0,0,0,“Willing to be misunderstood” is a social exit option that activates before “agree to disagree” or “disagree but comm...
1160259118105616384,1160259118105616384,Sat Aug 10 18:38:24 +0000 2019,7,32,0,0,0,0,Social media is like horseless carriage. A bad extension of an absent reference. It’s not a personalized/customized l...
1160224549285191681,1160224549285191681,Sat Aug 10 16:21:03 +0000 2019,11,65,0,0,0,0,What if... language evolved via the legibilization of music? Arguably birds and whales communicate with something clo...
1548440138878857218,1548440138878857218,Sat Jul 16 22:51:12 +0000 2022,5,38,3,0,0,0,Conscientiousness is so boring
1159356188321992704,1159356188321992704,Thu Aug 08 06:50:29 +0000 2019,4,29,1,0,0,0,One of the interesting necessary conditions for wisdom of crowds to emerge is private knowledge. People must know som...
1158975056552157190,1158975056552157190,Wed Aug 07 05:36:00 +0000 2019,4,45,2,0,0,0,It worries me that there seems to be no pattern to the people I find to be signal rather than noise. It’s like a unde...
1158816952434847744,1158816952434847744,Tue Aug 06 19:07:45 +0000 2019,16,31,3,0,0,0,I’ve had a few near-miss normal accidents this year that’s put the fear of entangled complexity into me. Came within ...
1158596280169320448,1158596280169320448,Tue Aug 06 04:30:53 +0000 2019,4,26,2,0,0,0,I’ve been good at getting lucky for a long time  which mostly consists of quitting things  changing streams etc at ro...
1158552823929327616,1158552823929327616,Tue Aug 06 01:38:12 +0000 2019,9,20,2,0,0,0,Marianne Williamson May be domestic cozy candidate  which makes me suspect she may be a couple of years too early  un...
1548351217817899016,1548351217817899016,Sat Jul 16 16:57:51 +0000 2022,6,26,2,0,0,0,This “ETTO principle” is kinda interesting   ‘The ETTO fallacy is that people are required to be both efficient and t...
1158191381187137536,1158191381187137536,Mon Aug 05 01:41:58 +0000 2019,7,142,19,0,0,0,I used to think limiting self-perceptions are mainly about beliefs. Putting yourself in a box made up of fixed mindse...
1158090823616958464,1158090823616958464,Sun Aug 04 19:02:23 +0000 2019,4,7,2,0,0,0,In nature you do find the occasional monopoly (DNA/RNA as the monopoly replicator molecule-team) but in general it is...
1158049104355704832,1158049104355704832,Sun Aug 04 16:16:36 +0000 2019,24,265,68,0,0,0,Been reflecting on wealth and success (in conventional sense  which may involve some combination of wealth  fame  acc...
1157733517100404736,1157733517100404736,Sat Aug 03 19:22:34 +0000 2019,10,110,5,0,0,0,Everytime I tweet non-trivial thoughts  I get a flood of links/pointers to work by others that people think I ought t...
1157709162161160193,1157709162161160193,Sat Aug 03 17:45:48 +0000 2019,25,64,14,0,0,0,We talk about post-capitalism like it’s a thing  but not post-democracy. All post-democracy paths seem like reactiona...
1157697615913312256,1157697615913312256,Sat Aug 03 16:59:55 +0000 2019,14,16,4,0,0,0,I want to do another thread related to the previous one  on temporal fidelity  on “I-it time” versus “I-you time”. Ob...
1157668998588141569,1157668998588141569,Sat Aug 03 15:06:12 +0000 2019,15,58,10,0,0,0,About 10-15 years ago I had to start gently discouraging people from calling me on the phone without an appointment u...
1157354775760912384,1157354775760912384,Fri Aug 02 18:17:35 +0000 2019,13,16,4,0,0,0,Been mulling this ever since banana tweeted it. There's something here that goes beyond mere strategic incompetence (...
1157337432909479937,1157337432909479937,Fri Aug 02 17:08:40 +0000 2019,4,15,3,0,0,0,Hmm... there's actually 2 kinds of decency that can look the same.   1. Decency arising out of compassion and wanting...
1157320061742223361,1157320061742223361,Fri Aug 02 15:59:39 +0000 2019,5,25,2,0,0,0,I’m increasingly using “hypernormalization” to tag behaviors/people. Pity Adam Curtis claimed a really good term with...
1157195357199065088,1157195357199065088,Fri Aug 02 07:44:07 +0000 2019,6,13,4,0,0,0,Assumed sanity  like assumed consensus. When you speak or write with an unreconstructed posture of “well  I’m obvious...
1157181930242097152,1157181930242097152,Fri Aug 02 06:50:46 +0000 2019,5,14,1,0,0,0,Annoying when I forget I already thought about something and then rethink the thought in a much worse form. A sense o...
1156208038405128192,1156208038405128192,Tue Jul 30 14:20:52 +0000 2019,4,47,5,1,1,0,@aaronzlewis I’ve been hearing the tired slurs against “sage on a stage” model for 20+ years. Only leftist education ...
1155234767987548160,1155234767987548160,Sat Jul 27 21:53:26 +0000 2019,21,23,8,0,0,0,I think the 2 threads I did today  on knowledge vs situation awareness and on respect/disrespect are related and I’m ...
1155228397326364672,1155228397326364672,Sat Jul 27 21:28:07 +0000 2019,4,45,5,0,0,0,Dealing with people for whom being respected/disrespected is a big deal feels really awkward  like writing with my le...
1155210930726117376,1155210930726117376,Sat Jul 27 20:18:43 +0000 2019,16,33,4,0,0,0,Situation awareness is not knowledge (some prefer situational awareness). Knowledge is pipes  situation awareness is ...
1154820195480788993,1154820195480788993,Fri Jul 26 18:26:04 +0000 2019,4,5,1,1,1,0,@literalbanana @The_Lagrangian This makes total sense. It is the natural place in some ways. In traditional Indian  l...
1547739687304867842,1547739687304867842,Fri Jul 15 00:27:51 +0000 2022,5,25,3,0,0,0,Social scale does not rise to the scale of problems that require solving  it collapses to the scale of believable rea...
1547436259592679425,1547436259592679425,Thu Jul 14 04:22:08 +0000 2022,5,24,1,0,0,0,What should I do for 3 hours tomorrow?
1154132118710018049,1154132118710018049,Wed Jul 24 20:51:54 +0000 2019,6,17,3,0,0,0,Twitter epistemology: the messy process by which a twitter conversation converges  with some probability  towards som...
1153915871569408001,1153915871569408001,Wed Jul 24 06:32:37 +0000 2019,10,79,6,0,0,0,Middlebrow “Blue Sky” USA Network shows ~2006-14 are an Age of Innocence preceding the Great Weirding.   Psych (2006-...
1153522885845114881,1153522885845114881,Tue Jul 23 04:31:02 +0000 2019,11,26,4,0,0,0,I’ve lately developed an aversion to generalizations  but otoh  I’m wary of the “great minds discuss ideas; average m...
1152635967586439174,1152635967586439174,Sat Jul 20 17:46:44 +0000 2019,6,146,21,0,0,0,Thought: recovery is more about restoring order than energy. What is truly exhausting is not energy expenditure but e...
1152281269901729792,1152281269901729792,Fri Jul 19 18:17:17 +0000 2019,14,307,40,0,0,0,I wish I could go back to engineering school for an intensive 1 year reboot. 6mo refreshing basics like calculus  phy...
1151871623722496000,1151871623722496000,Thu Jul 18 15:09:30 +0000 2019,5,14,2,0,0,0,A real AI challenge would be to create a general purpose handyman robot that can do common household installation/rep...
1151740166513389568,1151740166513389568,Thu Jul 18 06:27:08 +0000 2019,4,38,7,0,0,0,Take a short story you like. Add all the meaningless detail the author omitted as irrelevant  like going to the bathr...
1151505113954971653,1151505113954971653,Wed Jul 17 14:53:07 +0000 2019,6,49,10,0,0,0,A good hack to become slightly famous for 15 minutes is to put 3x more effort into computing a single important numbe...
1151350574358515712,1151350574358515712,Wed Jul 17 04:39:02 +0000 2019,5,23,1,0,0,0,Lately I’ve had this odd sense that people take me both less seriously and more seriously than they did 5-6 years ago...
1151297180260454400,1151297180260454400,Wed Jul 17 01:06:52 +0000 2019,5,72,5,0,0,0,At some point in my 14-year limbo between student visa and citizenship  my attitude towards nativists everywhere on e...
1547617985459654660,1547617985459654660,Thu Jul 14 16:24:15 +0000 2022,12,36,5,0,0,0,Is there a good list of average salary increases by occupation in the last year? My sense is low-wage jobs have had t...
1151140027612581888,1151140027612581888,Tue Jul 16 14:42:24 +0000 2019,5,98,8,0,0,0,Zapier/IFTTT are the IKEA of the web. No code/low code environments where you can build cheap  janky digital furnitur...
1151153306091192320,1151153306091192320,Tue Jul 16 15:35:10 +0000 2019,4,54,7,0,0,0,The function of industrialization is to turn artisans into ikeasans 😆  An ikeasan is a producer just skilled enough t...
1151021289307402240,1151021289307402240,Tue Jul 16 06:50:34 +0000 2019,4,19,2,0,0,0,Idea: marketplace of convergent chain migration projects. Premises+destinations compete with kickstarter+Groupon type...
1150545777573289984,1150545777573289984,Sun Jul 14 23:21:04 +0000 2019,6,4,0,0,0,0,Domestic spaces are approximate examples of exactly constrained spaces. A place for everything and everything in its ...
1150130491086868480,1150130491086868480,Sat Jul 13 19:50:52 +0000 2019,8,35,4,0,0,0,One of the “basics” posts I should probably write is a proper critical summary of Carse. But I’ve kinda become too la...
1590027421650411520,1590027421650411520,Tue Nov 08 17:04:13 +0000 2022,5,158,20,0,0,0,Twitter 2007-21 was probably the biggest and most efficient conversion of financial to social capital in history. Oth...
1547612412517289986,1547612412517289986,Thu Jul 14 16:02:07 +0000 2022,4,21,2,0,0,0,Wonder what the inflation rate is on intellectual overproduction
1148816139494969344,1148816139494969344,Wed Jul 10 04:48:06 +0000 2019,6,65,3,0,0,0,I feel like I can predict the future personal trajectories of 2 out of 3 people under 25 given a decent signal like a...
1148640223661658113,1148640223661658113,Tue Jul 09 17:09:04 +0000 2019,6,30,2,0,0,0,People seem to implicitly define hedonism in terms of present experience. IMO  hedonism is no more present-oriented t...
1148430341926838273,1148430341926838273,Tue Jul 09 03:15:04 +0000 2019,4,20,2,0,0,0,I sometimes think about informational life before the invention of effectively instantaneous communication aka telegr...
1148411165577400320,1148411165577400320,Tue Jul 09 01:58:52 +0000 2019,4,33,3,0,0,0,Customer service phone lines are the seedy underbelly of the under-the-API economy. Every minute you spend on hold wa...
1147970821110956032,1147970821110956032,Sun Jul 07 20:49:06 +0000 2019,9,103,20,0,0,0,All radicals should be encouraged to form institutions. Much moral high-ground posturing and insufferable certitude a...
1147935360720101376,1147935360720101376,Sun Jul 07 18:28:12 +0000 2019,21,42,7,0,0,0,3 problems  1. See behavior more meaningfully without modifying it (eg. mindful laundry folding)  2. Augment behavior...
1547242928237527040,1547242928237527040,Wed Jul 13 15:33:55 +0000 2022,6,45,2,0,0,0,Trying this new co-tweet thing
1146658625147957249,1146658625147957249,Thu Jul 04 05:54:54 +0000 2019,6,57,10,1,1,0,@KevinSimler I think I had a version of the argument long ago in Be Slightly Evil as commentary on Boyd and also a ve...
1146606195290955776,1146606195290955776,Thu Jul 04 02:26:34 +0000 2019,7,63,2,0,0,0,LA thoughts  Day 5. Damn it’s been 5 days already?  So the idea I’ve heard from multiple people is that LA is not a s...
1145871521753128960,1145871521753128960,Tue Jul 02 01:47:14 +0000 2019,14,44,2,0,0,0,Maybe this is projection  summer heat and exhaustion talking but LA seems somehow lower energy and higher dissipation...
1145720241432887296,1145720241432887296,Mon Jul 01 15:46:06 +0000 2019,5,35,3,0,0,0,There is a kind of age-related cognitive decay that’s like needing reading glasses. Thoughts lose precision the way f...
1145551576053870592,1145551576053870592,Mon Jul 01 04:35:53 +0000 2019,12,29,5,0,0,0,I-it vs I-you is the most basic dichotomy I’ve found in my years of dichotomy hunting to fuel 2x2s. HT @mtraven for i...
1547114059824148480,1547114059824148480,Wed Jul 13 07:01:50 +0000 2022,6,24,2,0,0,0,Starbucks nearest me is closing due to safety issues. Really time to gtfo of LA https://t.co/8ensKE5OsN
1145186892268183552,1145186892268183552,Sun Jun 30 04:26:46 +0000 2019,5,85,7,0,0,0,I’m frankly disappointed that the primary response of the tech industry to being scapegoated for a 400 year backlog o...
1142829900891480064,1142829900891480064,Sun Jun 23 16:20:55 +0000 2019,4,17,0,0,0,0,Performing &gt;1 public persona is pretty hard. Most people are like Jack Nicholson. He might be a good actor but pla...
1547087718374551553,1547087718374551553,Wed Jul 13 05:17:10 +0000 2022,4,56,1,0,0,0,been kinda enamored of the idea of letting things collapse to their lowest level of degeneracy before acting. Find th...
1142273364481826819,1142273364481826819,Sat Jun 22 03:29:27 +0000 2019,4,29,0,0,0,0,Strikes me I’ve never “entered” a medium through the front door prescribed by playbooks. When I started blogging I re...
1142156513928028160,1142156513928028160,Fri Jun 21 19:45:07 +0000 2019,5,105,20,0,0,0,Ranting about “broken” systems full of seemingly very dumb people is a sign you’re in a complex system and not dealin...
1142131293984964608,1142131293984964608,Fri Jun 21 18:04:54 +0000 2019,9,17,1,0,0,0,Well  I guess I've dipped an experimental toe in the water of podcasting... so much of experimentation is driven simp...
1142100448846893056,1142100448846893056,Fri Jun 21 16:02:20 +0000 2019,5,9,0,0,0,0,The idea of “not breaking character” only makes sense if your character is firewalled off from a “real” you. That’s l...
1141202346526986240,1141202346526986240,Wed Jun 19 04:33:36 +0000 2019,9,13,2,0,0,0,The Girard mimetic desire triangle idea seems backwards to me. The borrowed desires part is right but the idea that i...
1141076639100461057,1141076639100461057,Tue Jun 18 20:14:05 +0000 2019,13,118,8,0,0,0,Many of you have been asking me about my move to LA. In brief  I’ve accepted an academic year fellowship at the Bergg...
1140803706549440512,1140803706549440512,Tue Jun 18 02:09:33 +0000 2019,6,47,5,0,0,0,All attempts at a [socially] better twitter are doomed because we’re actually here for the worse. “Worse is better” f...
1140681273725206528,1140681273725206528,Mon Jun 17 18:03:03 +0000 2019,4,201,25,0,0,0,Came up with a satisfying definition of a complex system that I should have thought of years ago.  A system is a comp...
1138593886199140352,1138593886199140352,Tue Jun 11 23:48:31 +0000 2019,4,13,2,0,0,0,The mediocre shall inherit the earth...   ...by definition 👹😈
1138532440857702400,1138532440857702400,Tue Jun 11 19:44:21 +0000 2019,6,16,2,0,0,0,An odd thing I've noticed as flexwork/remote work has grown (both for employees and via gigwork) is that people "left...
1546585084991459328,1546585084991459328,Mon Jul 11 19:59:53 +0000 2022,4,14,0,0,0,0,Scored a free roll of magnet tape  about 4’ total. Sticky tape on one side. Ideas welcome. https://t.co/W9QQ2sB76G
1137820126344912896,1137820126344912896,Sun Jun 09 20:33:52 +0000 2019,4,14,0,0,0,0,@vidythatte I haven't yet used your thing. It strikes me as useful for many people but probably not for me. What I *w...
1137792005726019584,1137792005726019584,Sun Jun 09 18:42:07 +0000 2019,6,18,5,0,0,0,Came up with a very airport-business-book type of parable for conveying a lot of my opinions. In life a lot of decisi...
1137768569356165120,1137768569356165120,Sun Jun 09 17:09:00 +0000 2019,5,21,6,0,0,0,Trying to represent and perform identity in your pursuit of interests and curiosities is a bit like trying to have a ...
1137754915680374791,1137754915680374791,Sun Jun 09 16:14:45 +0000 2019,4,8,2,0,0,0,I don’t know much about feminism  but the “waves” model seems clumsy for describing at least the development of the p...
1546546017742401536,1546546017742401536,Mon Jul 11 17:24:38 +0000 2022,19,33,1,0,0,0,Thinking about quadratic mechanisms (voting  funding  attention) thanks to @yak_collective discussion this morning. M...
1137592528528535553,1137592528528535553,Sun Jun 09 05:29:28 +0000 2019,15,17,1,0,0,0,Good mystery novels rarely do the true butler-did-it stunt of making the least likely person the murderer. If by leas...
1137482734614396928,1137482734614396928,Sat Jun 08 22:13:11 +0000 2019,6,191,46,0,0,0,Has anyone named this effect? I have seen it implicitly discussed but not explicitly. Human capability degrading fast...
1137393987965210624,1137393987965210624,Sat Jun 08 16:20:33 +0000 2019,22,31,5,0,0,0,The likelihood of lexicographers like this (104 year old G. Venkatasubiah  who spent 54 years on this) emerging in th...
1136789651698544640,1136789651698544640,Fri Jun 07 00:19:08 +0000 2019,7,29,3,0,0,0,Well  this paper is going on my core refs list. Quite a gem of helpful clarity a la Frankfurt bullshit essay ht @s_r_...
1546366944990752770,1546366944990752770,Mon Jul 11 05:33:04 +0000 2022,4,63,1,0,0,0,One of my weird conditional fantasies is a one-way trip to space past all the sights if I ever end up with a terminal...
1136654958776872960,1136654958776872960,Thu Jun 06 15:23:54 +0000 2019,7,29,5,0,0,0,My patience for twitter disagreements really does top out at about 3 tweets. If you can’t decisively resolve the matt...
1135069596916916225,1135069596916916225,Sun Jun 02 06:24:15 +0000 2019,11,69,6,0,0,0,I think several new genres of fiction are being born right now that will break the Industrial Age ones (SFF  mystery ...
1546344204883746816,1546344204883746816,Mon Jul 11 04:02:42 +0000 2022,4,287,12,0,0,0,Very impressed by people for whom being a responsible adult and upstanding citizen actually seems to be enough for a ...
1134694868205285376,1134694868205285376,Sat Jun 01 05:35:12 +0000 2019,16,62,17,0,0,0,Political ideologies don’t even meaningfully exist if they aren’t big ideas. The only candidate big idea coming out o...
1134661504328798211,1134661504328798211,Sat Jun 01 03:22:38 +0000 2019,4,115,23,0,0,0,Biggest new ideas entering the world by POTUS era   Carter: The PC Reagan1: Neoliberalism Reagan2: “Communism doesn’t...
1134341997131493377,1134341997131493377,Fri May 31 06:13:01 +0000 2019,4,94,13,0,0,0,It’s needlessly hard to relate to people who present a 100% aspirational persona in public. The mask never slips  and...
1545830168794890240,1545830168794890240,Sat Jul 09 18:00:07 +0000 2022,9,29,2,0,0,0,PSA if glasses feel off  stop using them immediately and troubleshoot. I’ve learned the hard way that the body only t...
1133613562738307072,1133613562738307072,Wed May 29 05:58:29 +0000 2019,5,11,1,0,0,0,The galaxy brain version of this question would be “after adjusting for your foresight into consequences”  Choosing i...
1133230144628248576,1133230144628248576,Tue May 28 04:34:55 +0000 2019,8,97,19,0,0,0,Principle of Narrative Relativity: You cannot shame or guilt someone living in a different narrative than you. You ca...
1132858909369049088,1132858909369049088,Mon May 27 03:59:46 +0000 2019,4,61,3,0,0,0,Widely noted: Blogs lower stamina for books  and tweets for blogs.  Less noted: DMs/slacks with little/no threading l...
1546013382355984384,1546013382355984384,Sun Jul 10 06:08:08 +0000 2022,18,237,13,0,0,0,Have been reluctant to make any big  bold  costly-to-reverse moves this year. I think this is the essence of goblin m...
1132815178100117504,1132815178100117504,Mon May 27 01:05:59 +0000 2019,4,257,29,0,0,0,Hmm. My ideology is a function of distance. Reactionary at kitchen scale  communist in a 10-block radius  capitalist ...
1132746569097211904,1132746569097211904,Sun May 26 20:33:22 +0000 2019,7,85,6,0,0,0,A good goal for writers in the digital age is to be as incompressible as possible. This is related to  but not the sa...
1132727121250361345,1132727121250361345,Sun May 26 19:16:05 +0000 2019,4,13,0,0,0,0,A twist on various favorite author/book prompt games is to assume good compression and summarization. Example if you ...
1132517629812338689,1132517629812338689,Sun May 26 05:23:38 +0000 2019,4,59,17,0,0,0,Came up with a weird definition  Identity is how you care about the world
1132137405123706880,1132137405123706880,Sat May 25 04:12:46 +0000 2019,4,139,9,0,0,0,Older people are not shy about telling you about how you’ll physically slow down and degenerate in a 100 little ways ...
1131959007495614464,1131959007495614464,Fri May 24 16:23:52 +0000 2019,4,53,5,0,0,0,The underground internet is really inefficient. It consists of people cutting/pasting urls from one private context t...
1131230322647920640,1131230322647920640,Wed May 22 16:08:20 +0000 2019,6,14,2,1,1,0,@Aelkus I think something interesting going on. There’s a faction that thinks it is pro-trade but against the interna...
1130503253064425473,1130503253064425473,Mon May 20 15:59:13 +0000 2019,5,17,1,0,0,0,“Misleading/needs context” seems to be an epistemic status that’s neither truth  nor lie  nor bullshit (ie indifferen...
1545908704741978112,1545908704741978112,Sat Jul 09 23:12:11 +0000 2022,4,11,0,0,0,0,Determinate optimism is a hell of a drug
1545857424535408640,1545857424535408640,Sat Jul 09 19:48:25 +0000 2022,14,170,13,0,0,0,No. https://t.co/pHJILf2Yf4
1130259496268288000,1130259496268288000,Sun May 19 23:50:37 +0000 2019,7,91,11,0,0,0,A definition of genius I really like is “talent hits the target others can’t hit  genius hits the target others can’t...
1130198139837698048,1130198139837698048,Sun May 19 19:46:49 +0000 2019,9,144,20,0,0,0,Urban planning focuses too much on moving people and ritually hating cars and not enough on moving goods breakbulk. I...
1130190765097807872,1130190765097807872,Sun May 19 19:17:30 +0000 2019,4,25,6,0,0,0,Almost all marketing theory solves for discoverability/customer acquisition. Other aspects are reductively bundled un...
1130183709720629248,1130183709720629248,Sun May 19 18:49:28 +0000 2019,4,27,1,1,1,0,@KevinSimler tldr: logical positivism is just wrong. Falsificationism is not even wrong  but gestures at an adjacent ...
1130164224523612160,1130164224523612160,Sun May 19 17:32:03 +0000 2019,14,17,2,0,0,0,I used to think a good headline should dominate search results for what it is about without necessarily being SEO   I...
1129905426416324610,1129905426416324610,Sun May 19 00:23:40 +0000 2019,8,33,5,0,0,0,There are 3 ways of making meaning. By market share:  Superego methods: 90% (religion  Straussianism  Science! genoci...
1129784806743535616,1129784806743535616,Sat May 18 16:24:22 +0000 2019,4,80,3,0,0,0,Books that “work”  (not necessarily good):  - Math books with &gt; 70% exercises - Genre fiction that respects &gt; 8...
1129626423696642048,1129626423696642048,Sat May 18 05:55:01 +0000 2019,5,100,7,0,0,0,Predicting the future is easier if it’s a backsliding future.   - Roe vs Wade will fall - Ozone hole will reopen - Ev...
1129158374111580160,1129158374111580160,Thu May 16 22:55:09 +0000 2019,4,40,4,0,0,0,When I was younger  random curiosity about a topic or a writing technique was enough to propel me to the finish line ...
1129048631477071872,1129048631477071872,Thu May 16 15:39:05 +0000 2019,11,44,4,0,0,0,I’m moving the breaking smart list to substack this week. There will be broken links galore  which I may or may not e...
1127793147298234368,1127793147298234368,Mon May 13 04:30:14 +0000 2019,4,35,4,0,0,0,Wonder if there’s a way to combine solar and wind power to make efficient and relatively fast passenger ships. You co...
1545664725509214209,1545664725509214209,Sat Jul 09 07:02:42 +0000 2022,4,160,13,0,0,0,Occasionally you get a sharp reminder of the mind-boggling  amounts of bullshit and ignorance in actual tradition  an...
1127656232045514753,1127656232045514753,Sun May 12 19:26:11 +0000 2019,4,6,0,1,1,0,@tobyshorin man you're good... yeah  it's part of the game design for https://t.co/7iOAyeVO7W
1126966517021564928,1126966517021564928,Fri May 10 21:45:30 +0000 2019,8,29,1,0,0,0,Protip for event organizers: A waitlist for an event is also a maybe list. If spots become available and you release ...
1126949109003210752,1126949109003210752,Fri May 10 20:36:19 +0000 2019,8,69,6,0,0,0,Funny how some of the best habits start out as laziness. I started writing quick-and-dirty notes to myself after cons...
1126710066747305985,1126710066747305985,Fri May 10 04:46:27 +0000 2019,8,30,5,0,0,0,0/ Thread with borderline spoilery opinions re Avengers: Endgame that might eventually feature actual spoilers. I’ll ...
1126607554161692672,1126607554161692672,Thu May 09 21:59:06 +0000 2019,7,58,5,0,0,0,My career so far looks like a 1:87 scale  software-eaten  buggy  budget version of Stewart Brand’s. 🤔  I’m not alone....
1126003861959860224,1126003861959860224,Wed May 08 06:00:15 +0000 2019,26,32,8,0,0,0,Figured out what strikes me as creepy about domestic cozy and Gen Z yesterday. It’s the juxtaposition of unironic tra...
1125852975728025602,1125852975728025602,Tue May 07 20:00:41 +0000 2019,17,50,6,0,0,0,People vastly overestimate leverage of design and the abilities of companies to actually make emergent behaviors conf...
1125530579506569216,1125530579506569216,Mon May 06 22:39:36 +0000 2019,4,19,0,0,0,0,I’ve extracted a few newsletters out of tweets (made easier by the fact that my newsletter default format is a Twitte...
1125427291633229824,1125427291633229824,Mon May 06 15:49:10 +0000 2019,11,175,44,0,0,0,Twitter has as many active users (330m) as a budgerigar brain has neurons (321m). You’re part of a bird-brain here. T...
1125230453403701250,1125230453403701250,Mon May 06 02:47:00 +0000 2019,5,84,10,0,0,0,You’ve heard this principle -:   Don’t mistake the map for the territory.   When you’re an agent of a swarm intellige...
1125119314611171328,1125119314611171328,Sun May 05 19:25:22 +0000 2019,34,474,97,0,0,0,A megatrend hypothesis inspired by several microtrend that I think are related:   a) waldenponding   b) rise of heavy...
1545158251158704128,1545158251158704128,Thu Jul 07 21:30:09 +0000 2022,4,27,1,0,0,0,Hindi has a solution to this. You just append ji to anything to make it an honorific. As in Aliceji  Bobji  Venkatji....
1545137611626274817,1545137611626274817,Thu Jul 07 20:08:08 +0000 2022,10,39,2,0,0,0,I wonder what the effects on eyesight are of spending years staring at a flat screen/fixed depth of field 🤔  Natural ...
1124399699195121666,1124399699195121666,Fri May 03 19:45:53 +0000 2019,7,37,5,0,0,0,Writing as an activity lacks a notion of difficulty. Compare with math  where mathematicians have good consensus on s...
1124391433966768128,1124391433966768128,Fri May 03 19:13:02 +0000 2019,4,13,1,0,0,0,Absent a genuinely deep new idea  the difficulty of executing a piece of writing scales exponentially with the number...
1124372750582202368,1124372750582202368,Fri May 03 17:58:48 +0000 2019,10,104,15,0,0,0,We need a notion of digital squalor. If bits were atoms  almost the entire digital world would be a massive  fetid sl...
1123971617774870533,1123971617774870533,Thu May 02 15:24:50 +0000 2019,12,76,8,0,0,0,The “bespoke escaped subjective realities magical thinking” megatrend is much further along than we realize. Not beca...
1123720013507125249,1123720013507125249,Wed May 01 22:45:03 +0000 2019,12,35,5,0,0,0,History ends when ghosting tech is perfected. When it becomes possible for anyone to ignore any specific other person...
1123429134053462016,1123429134053462016,Wed May 01 03:29:12 +0000 2019,6,44,7,0,0,0,“Non-neurotypical” is the new black turtleneck. Mark of misunderstood Jobsian genius.
1544836400205287424,1544836400205287424,Thu Jul 07 00:11:14 +0000 2022,29,91,9,0,0,0,You’re at an indeterminate location on Earth where it rains 122/365 days in a year (so about 1/3 of the days). It rai...
1123260313875374080,1123260313875374080,Tue Apr 30 16:18:22 +0000 2019,12,341,49,0,0,0,99% of the questions people ask in their 20s and early 30s are roughly the same seemingly “important” ones everybody ...
1122529156758007808,1122529156758007808,Sun Apr 28 15:53:01 +0000 2019,16,167,45,0,0,0,Huh I never thought about this before —  There are 2 completely different kinds of iteration in any kind of work. The...
1121642997420945408,1121642997420945408,Fri Apr 26 05:11:44 +0000 2019,10,71,5,0,0,0,A hero’s journey model where a key stage is defined by accidental arrival at a Hacker News type community that’s off ...
1121554038372225024,1121554038372225024,Thu Apr 25 23:18:14 +0000 2019,14,24,2,0,0,0,There is an extreme version of this that is not restricted to "great" works of literature. *Any* literary work that "...
1121538583808974848,1121538583808974848,Thu Apr 25 22:16:50 +0000 2019,9,33,6,0,0,0,Life under the API is a cage of silent failures and gaslighting by algorithm. There's a growing number of ways to tri...
1120927538715484160,1120927538715484160,Wed Apr 24 05:48:45 +0000 2019,10,81,18,0,0,0,There's a sentiment in several Agatha Christie books (usually in the form of warnings to communist/socialist characte...
1120942680983232512,1120942680983232512,Wed Apr 24 06:48:55 +0000 2019,4,19,2,0,0,0,Well shit  I talked myself into  arguing against holistic thinking. Hofstadter got it wrong. The opposite of holism i...
1120932160259510272,1120932160259510272,Wed Apr 24 06:07:07 +0000 2019,4,50,7,0,0,0,Pluralism is no longer strong enough to counter ideologism. We need hyperpluralism. If pluralism is a "live and let l...
1120769805139599360,1120769805139599360,Tue Apr 23 19:21:59 +0000 2019,5,31,1,0,0,0,The concept of one-rep max (ORM) from weight-training is interesting  particularly if you think about what activities...
1120403472682237953,1120403472682237953,Mon Apr 22 19:06:18 +0000 2019,4,1,1,1,1,0,@nils_gilman @dmnshingreturns One aspect of what I'm getting at (though not a key one) is to turn that particular kin...
1544494717852758016,1544494717852758016,Wed Jul 06 01:33:30 +0000 2022,5,11,2,0,0,0,Gonna call this Scenario Omega and track it in this thread as it develops. Premise: ISL doctrine is confirmed as law ...
1120150503659151360,1120150503659151360,Mon Apr 22 02:21:06 +0000 2019,5,31,0,0,0,0,Just realized why I like Bosch so much. It’s the basic police procedural but in infinite game form. Cases don’t just ...
1120007436776030208,1120007436776030208,Sun Apr 21 16:52:36 +0000 2019,6,214,40,0,0,0,Struck me that we don’t sufficiently distinguish between 2 kinds of risks:  1. Risk of failure 2. Risk of victory tha...
1544499760756756480,1544499760756756480,Wed Jul 06 01:53:33 +0000 2022,19,36,1,0,0,0,Finally watching EEAAO
1118598417368797184,1118598417368797184,Wed Apr 17 19:33:39 +0000 2019,4,17,2,0,0,0,The psychological boundary between research and development is marked by the onset of nerd-OCD. When you adopt what w...
1118588859858599936,1118588859858599936,Wed Apr 17 18:55:41 +0000 2019,5,219,44,0,0,0,Perhaps no human activity has as big a gap between private and public texture as "research". Research in private is a...
1118212491287203846,1118212491287203846,Tue Apr 16 18:00:07 +0000 2019,30,297,33,0,0,0,Damn  just had a magnitude 5 insight that explains nearly 100% of my success/failure pattern in consulting. I think I...
1117915171362467840,1117915171362467840,Mon Apr 15 22:18:41 +0000 2019,6,11,1,0,0,0,Diet calories are an example of anti-reification: an abstraction made real via a non-abstraction. A measure of homeos...
1117304927502528512,1117304927502528512,Sun Apr 14 05:53:47 +0000 2019,9,30,4,0,0,0,Preliminary theory of self-liking. It isn’t the same as being likable to others. It consists of being interested in w...
1116922261502435328,1116922261502435328,Sat Apr 13 04:33:13 +0000 2019,5,51,2,0,0,0,A precondition for doing anything worthwhile is obviously being long yourself. If it’s worthwhile  by definition you’...
1544459409576775681,1544459409576775681,Tue Jul 05 23:13:12 +0000 2022,4,7,1,0,0,0,Wonder what life in Originalist America will be like? If they try to make me wear a powdered wig  I’m out.  https://t...
1115142860569890816,1115142860569890816,Mon Apr 08 06:42:30 +0000 2019,4,87,3,0,0,0,Something very Indian about idea of a “multi-cuisine” restaurant.   Everybody: “It’s hard to do even 2 cuisines right...
1115069130841804802,1115069130841804802,Mon Apr 08 01:49:32 +0000 2019,5,11,0,0,0,0,Okay back with More Thoughts™ on abstraction and automation in technology.  Once a level sinks deep enough into autom...
1115010907141054464,1115010907141054464,Sun Apr 07 21:58:10 +0000 2019,10,84,11,0,0,0,I think the mistake made by people like me who learned primitive html in the mid 90s is assuming if we stick to that ...
1544413785938464769,1544413785938464769,Tue Jul 05 20:11:55 +0000 2022,15,150,13,0,0,0,In the next decade  I think the frequency of co-CEOing  or a strong CxO/CyO founder-pair will increase and become a m...
1114611776698478592,1114611776698478592,Sat Apr 06 19:32:10 +0000 2019,4,90,7,0,0,0,I'm starting to think it's intellectual malpractice to write/talk about privilege  class  oppression  etc. without re...
1114372274390360064,1114372274390360064,Sat Apr 06 03:40:28 +0000 2019,4,14,4,1,1,0,@david_perell Historically kids so strongly incentivize clannish thinking (modern example  college admissions scandal...
1114006832362577920,1114006832362577920,Fri Apr 05 03:28:20 +0000 2019,4,372,75,0,0,0,Our world requires a dangerous and increasing amount of faking it to make it. Compared to even 20 years ago  you have...
1113663126526877697,1113663126526877697,Thu Apr 04 04:42:34 +0000 2019,37,44,3,0,0,0,I think I’ve been unconsciously negatively prioritizing traffic growth on ribbonfarm. The marginal cost of traffic (o...
1594050140762873859,1594050140762873859,Sat Nov 19 19:29:04 +0000 2022,5,1826,202,0,0,0,This is basically the tweet of the decade. Younger GenX/older millennials are the low interest rate generation. Every...
1589799689121333249,1589799689121333249,Tue Nov 08 01:59:17 +0000 2022,4,109,11,0,0,0,Bigliest crowd at an inauguration ever https://t.co/3AI1wpe06h
1544186091296632832,1544186091296632832,Tue Jul 05 05:07:08 +0000 2022,14,41,4,0,0,0,Damn this takes me back. Ancient email. https://t.co/3ytelW28Uv
1113275255173275649,1113275255173275649,Wed Apr 03 03:01:19 +0000 2019,19,88,23,0,0,0,I’ve been developing an Abandonment Theory of institutional evolution. Sometimes an institution in trouble is neither...
1112851452425232384,1112851452425232384,Mon Apr 01 22:57:16 +0000 2019,4,40,3,0,0,0,Trying to adapt hype cycle into a weirding cycle. It always ends in a plateau of boringness. An asymptote of unintere...
1112446020015710208,1112446020015710208,Sun Mar 31 20:06:14 +0000 2019,26,26,4,0,0,0,History is all the identities we’ve inhabited so far
1109901061936934914,1109901061936934914,Sun Mar 24 19:33:28 +0000 2019,4,15,2,0,0,0,When I was a kid  I had a book on the Apollo-Soyuz Test Project (ASTP) of 1975 by Alexei Leonov  one of the cosmonaut...
1109866289273593856,1109866289273593856,Sun Mar 24 17:15:18 +0000 2019,6,28,1,0,0,0,Interesting diff in intellectual approaches. For some people the first step after having an idea is to find and talk ...
1109854313398988800,1109854313398988800,Sun Mar 24 16:27:43 +0000 2019,5,20,2,0,0,0,Package-Hustle-Pump-Dump loop. PHPD.  Not just art. Economy of whole top 2/3 of Maslow pyramid seems to run on it. If...
1109576462804221952,1109576462804221952,Sat Mar 23 22:03:38 +0000 2019,9,34,7,0,0,0,This is such a fun visualization  I’m going to try and do a history of India 1500-2019 using screenshots from it. htt...
